time,method,parameter,x,y,vx,vy,gap,penetration,lambda_n,complementarity_error,ncp_residual,solver_success,residual_norm
0.0,penalty,1000.0,0.0,1.0,0.0,0.0,1.0,0.0,0.0,0.0,0.0,True,0.0
0.001,penalty,1000.0,0.0,0.99999019,0.0,-0.009810000000000001,0.99999019,0.0,0.0,0.0,0.0,True,0.0
0.002,penalty,1000.0,0.0,0.99997057,0.0,-0.019620000000000002,0.99997057,0.0,0.0,0.0,0.0,True,0.0
0.003,penalty,1000.0,0.0,0.99994114,0.0,-0.029430000000000005,0.99994114,0.0,0.0,0.0,0.0,True,0.0
0.004,penalty,1000.0,0.0,0.9999019,0.0,-0.039240000000000004,0.9999019,0.0,0.0,0.0,0.0,True,0.0
0.005,penalty,1000.0,0.0,0.99985285,0.0,-0.04905,0.99985285,0.0,0.0,0.0,0.0,True,0.0
0.006,penalty,1000.0,0.0,0.99979399,0.0,-0.05886,0.99979399,0.0,0.0,0.0,0.0,True,0.0
0.007,penalty,1000.0,0.0,0.99972532,0.0,-0.06867000000000001,0.99972532,0.0,0.0,0.0,0.0,True,0.0
0.008,penalty,1000.0,0.0,0.99964684,0.0,-0.07848000000000001,0.99964684,0.0,0.0,0.0,0.0,True,0.0
0.009000000000000001,penalty,1000.0,0.0,0.99955855,0.0,-0.08829000000000001,0.99955855,0.0,0.0,0.0,0.0,True,0.0
0.01,penalty,1000.0,0.0,0.9994604500000001,0.0,-0.0981,0.9994604500000001,0.0,0.0,0.0,0.0,True,0.0
0.011,penalty,1000.0,0.0,0.9993525400000001,0.0,-0.10791,0.9993525400000001,0.0,0.0,0.0,0.0,True,0.0
0.012,penalty,1000.0,0.0,0.9992348200000001,0.0,-0.11772,0.9992348200000001,0.0,0.0,0.0,0.0,True,0.0
0.013000000000000001,penalty,1000.0,0.0,0.9991072900000001,0.0,-0.12753,0.9991072900000001,0.0,0.0,0.0,0.0,True,0.0
0.014,penalty,1000.0,0.0,0.9989699500000001,0.0,-0.13734000000000002,0.9989699500000001,0.0,0.0,0.0,0.0,True,0.0
0.015,penalty,1000.0,0.0,0.9988228000000001,0.0,-0.14715000000000003,0.9988228000000001,0.0,0.0,0.0,0.0,True,0.0
0.016,penalty,1000.0,0.0,0.9986658400000001,0.0,-0.15696000000000004,0.9986658400000001,0.0,0.0,0.0,0.0,True,0.0
0.017,penalty,1000.0,0.0,0.9984990700000002,0.0,-0.16677000000000006,0.9984990700000002,0.0,0.0,0.0,0.0,True,0.0
0.018000000000000002,penalty,1000.0,0.0,0.9983224900000002,0.0,-0.17658000000000007,0.9983224900000002,0.0,0.0,0.0,0.0,True,0.0
0.019,penalty,1000.0,0.0,0.9981361000000002,0.0,-0.18639000000000008,0.9981361000000002,0.0,0.0,0.0,0.0,True,0.0
0.02,penalty,1000.0,0.0,0.9979399000000002,0.0,-0.1962000000000001,0.9979399000000002,0.0,0.0,0.0,0.0,True,0.0
0.021,penalty,1000.0,0.0,0.9977338900000002,0.0,-0.2060100000000001,0.9977338900000002,0.0,0.0,0.0,0.0,True,0.0
0.022,penalty,1000.0,0.0,0.9975180700000003,0.0,-0.21582000000000012,0.9975180700000003,0.0,0.0,0.0,0.0,True,0.0
0.023,penalty,1000.0,0.0,0.9972924400000003,0.0,-0.22563000000000014,0.9972924400000003,0.0,0.0,0.0,0.0,True,0.0
0.024,penalty,1000.0,0.0,0.9970570000000003,0.0,-0.23544000000000015,0.9970570000000003,0.0,0.0,0.0,0.0,True,0.0
0.025,penalty,1000.0,0.0,0.9968117500000003,0.0,-0.24525000000000016,0.9968117500000003,0.0,0.0,0.0,0.0,True,0.0
0.026000000000000002,penalty,1000.0,0.0,0.9965566900000004,0.0,-0.2550600000000002,0.9965566900000004,0.0,0.0,0.0,0.0,True,0.0
0.027,penalty,1000.0,0.0,0.9962918200000004,0.0,-0.26487000000000016,0.9962918200000004,0.0,0.0,0.0,0.0,True,0.0
0.028,penalty,1000.0,0.0,0.9960171400000004,0.0,-0.27468000000000015,0.9960171400000004,0.0,0.0,0.0,0.0,True,0.0
0.029,penalty,1000.0,0.0,0.9957326500000004,0.0,-0.28449000000000013,0.9957326500000004,0.0,0.0,0.0,0.0,True,0.0
0.03,penalty,1000.0,0.0,0.9954383500000005,0.0,-0.2943000000000001,0.9954383500000005,0.0,0.0,0.0,0.0,True,0.0
0.031,penalty,1000.0,0.0,0.9951342400000005,0.0,-0.3041100000000001,0.9951342400000005,0.0,0.0,0.0,0.0,True,0.0
0.032,penalty,1000.0,0.0,0.9948203200000005,0.0,-0.3139200000000001,0.9948203200000005,0.0,0.0,0.0,0.0,True,0.0
0.033,penalty,1000.0,0.0,0.9944965900000006,0.0,-0.3237300000000001,0.9944965900000006,0.0,0.0,0.0,0.0,True,0.0
0.034,penalty,1000.0,0.0,0.9941630500000006,0.0,-0.33354000000000006,0.9941630500000006,0.0,0.0,0.0,0.0,True,0.0
0.035,penalty,1000.0,0.0,0.9938197000000006,0.0,-0.34335000000000004,0.9938197000000006,0.0,0.0,0.0,0.0,True,0.0
0.036000000000000004,penalty,1000.0,0.0,0.9934665400000007,0.0,-0.35316000000000003,0.9934665400000007,0.0,0.0,0.0,0.0,True,0.0
0.037,penalty,1000.0,0.0,0.9931035700000007,0.0,-0.36297,0.9931035700000007,0.0,0.0,0.0,0.0,True,0.0
0.038,penalty,1000.0,0.0,0.9927307900000008,0.0,-0.37278,0.9927307900000008,0.0,0.0,0.0,0.0,True,0.0
0.039,penalty,1000.0,0.0,0.9923482000000008,0.0,-0.38259,0.9923482000000008,0.0,0.0,0.0,0.0,True,0.0
0.04,penalty,1000.0,0.0,0.9919558000000008,0.0,-0.39239999999999997,0.9919558000000008,0.0,0.0,0.0,0.0,True,0.0
0.041,penalty,1000.0,0.0,0.9915535900000009,0.0,-0.40220999999999996,0.9915535900000009,0.0,0.0,0.0,0.0,True,0.0
0.042,penalty,1000.0,0.0,0.9911415700000009,0.0,-0.41201999999999994,0.9911415700000009,0.0,0.0,0.0,0.0,True,0.0
0.043000000000000003,penalty,1000.0,0.0,0.990719740000001,0.0,-0.4218299999999999,0.990719740000001,0.0,0.0,0.0,0.0,True,0.0
0.044,penalty,1000.0,0.0,0.990288100000001,0.0,-0.4316399999999999,0.990288100000001,0.0,0.0,0.0,0.0,True,0.0
0.045,penalty,1000.0,0.0,0.989846650000001,0.0,-0.4414499999999999,0.989846650000001,0.0,0.0,0.0,0.0,True,0.0
0.046,penalty,1000.0,0.0,0.9893953900000011,0.0,-0.4512599999999999,0.9893953900000011,0.0,0.0,0.0,0.0,True,0.0
0.047,penalty,1000.0,0.0,0.9889343200000011,0.0,-0.46106999999999987,0.9889343200000011,0.0,0.0,0.0,0.0,True,0.0
0.048,penalty,1000.0,0.0,0.9884634400000012,0.0,-0.47087999999999985,0.9884634400000012,0.0,0.0,0.0,0.0,True,0.0
0.049,penalty,1000.0,0.0,0.9879827500000012,0.0,-0.48068999999999984,0.9879827500000012,0.0,0.0,0.0,0.0,True,0.0
0.05,penalty,1000.0,0.0,0.9874922500000013,0.0,-0.4904999999999998,0.9874922500000013,0.0,0.0,0.0,0.0,True,0.0
0.051000000000000004,penalty,1000.0,0.0,0.9869919400000013,0.0,-0.5003099999999998,0.9869919400000013,0.0,0.0,0.0,0.0,True,0.0
0.052000000000000005,penalty,1000.0,0.0,0.9864818200000014,0.0,-0.5101199999999998,0.9864818200000014,0.0,0.0,0.0,0.0,True,0.0
0.053,penalty,1000.0,0.0,0.9859618900000015,0.0,-0.5199299999999998,0.9859618900000015,0.0,0.0,0.0,0.0,True,0.0
0.054,penalty,1000.0,0.0,0.9854321500000015,0.0,-0.5297399999999998,0.9854321500000015,0.0,0.0,0.0,0.0,True,0.0
0.055,penalty,1000.0,0.0,0.9848926000000016,0.0,-0.5395499999999998,0.9848926000000016,0.0,0.0,0.0,0.0,True,0.0
0.056,penalty,1000.0,0.0,0.9843432400000015,0.0,-0.5493599999999997,0.9843432400000015,0.0,0.0,0.0,0.0,True,0.0
0.057,penalty,1000.0,0.0,0.9837840700000015,0.0,-0.5591699999999997,0.9837840700000015,0.0,0.0,0.0,0.0,True,0.0
0.058,penalty,1000.0,0.0,0.9832150900000014,0.0,-0.5689799999999997,0.9832150900000014,0.0,0.0,0.0,0.0,True,0.0
0.059000000000000004,penalty,1000.0,0.0,0.9826363000000014,0.0,-0.5787899999999997,0.9826363000000014,0.0,0.0,0.0,0.0,True,0.0
0.06,penalty,1000.0,0.0,0.9820477000000013,0.0,-0.5885999999999997,0.9820477000000013,0.0,0.0,0.0,0.0,True,0.0
0.061,penalty,1000.0,0.0,0.9814492900000013,0.0,-0.5984099999999997,0.9814492900000013,0.0,0.0,0.0,0.0,True,0.0
0.062,penalty,1000.0,0.0,0.9808410700000012,0.0,-0.6082199999999996,0.9808410700000012,0.0,0.0,0.0,0.0,True,0.0
0.063,penalty,1000.0,0.0,0.9802230400000012,0.0,-0.6180299999999996,0.9802230400000012,0.0,0.0,0.0,0.0,True,0.0
0.064,penalty,1000.0,0.0,0.9795952000000011,0.0,-0.6278399999999996,0.9795952000000011,0.0,0.0,0.0,0.0,True,0.0
0.065,penalty,1000.0,0.0,0.9789575500000011,0.0,-0.6376499999999996,0.9789575500000011,0.0,0.0,0.0,0.0,True,0.0
0.066,penalty,1000.0,0.0,0.978310090000001,0.0,-0.6474599999999996,0.978310090000001,0.0,0.0,0.0,0.0,True,0.0
0.067,penalty,1000.0,0.0,0.977652820000001,0.0,-0.6572699999999996,0.977652820000001,0.0,0.0,0.0,0.0,True,0.0
0.068,penalty,1000.0,0.0,0.9769857400000009,0.0,-0.6670799999999996,0.9769857400000009,0.0,0.0,0.0,0.0,True,0.0
0.069,penalty,1000.0,0.0,0.9763088500000009,0.0,-0.6768899999999995,0.9763088500000009,0.0,0.0,0.0,0.0,True,0.0
0.07,penalty,1000.0,0.0,0.9756221500000009,0.0,-0.6866999999999995,0.9756221500000009,0.0,0.0,0.0,0.0,True,0.0
0.07100000000000001,penalty,1000.0,0.0,0.9749256400000008,0.0,-0.6965099999999995,0.9749256400000008,0.0,0.0,0.0,0.0,True,0.0
0.07200000000000001,penalty,1000.0,0.0,0.9742193200000008,0.0,-0.7063199999999995,0.9742193200000008,0.0,0.0,0.0,0.0,True,0.0
0.073,penalty,1000.0,0.0,0.9735031900000007,0.0,-0.7161299999999995,0.9735031900000007,0.0,0.0,0.0,0.0,True,0.0
0.074,penalty,1000.0,0.0,0.9727772500000007,0.0,-0.7259399999999995,0.9727772500000007,0.0,0.0,0.0,0.0,True,0.0
0.075,penalty,1000.0,0.0,0.9720415000000007,0.0,-0.7357499999999995,0.9720415000000007,0.0,0.0,0.0,0.0,True,0.0
0.076,penalty,1000.0,0.0,0.9712959400000006,0.0,-0.7455599999999994,0.9712959400000006,0.0,0.0,0.0,0.0,True,0.0
0.077,penalty,1000.0,0.0,0.9705405700000006,0.0,-0.7553699999999994,0.9705405700000006,0.0,0.0,0.0,0.0,True,0.0
0.078,penalty,1000.0,0.0,0.9697753900000006,0.0,-0.7651799999999994,0.9697753900000006,0.0,0.0,0.0,0.0,True,0.0
0.079,penalty,1000.0,0.0,0.9690004000000005,0.0,-0.7749899999999994,0.9690004000000005,0.0,0.0,0.0,0.0,True,0.0
0.08,penalty,1000.0,0.0,0.9682156000000005,0.0,-0.7847999999999994,0.9682156000000005,0.0,0.0,0.0,0.0,True,0.0
0.081,penalty,1000.0,0.0,0.9674209900000005,0.0,-0.7946099999999994,0.9674209900000005,0.0,0.0,0.0,0.0,True,0.0
0.082,penalty,1000.0,0.0,0.9666165700000005,0.0,-0.8044199999999994,0.9666165700000005,0.0,0.0,0.0,0.0,True,0.0
0.083,penalty,1000.0,0.0,0.9658023400000004,0.0,-0.8142299999999993,0.9658023400000004,0.0,0.0,0.0,0.0,True,0.0
0.084,penalty,1000.0,0.0,0.9649783000000004,0.0,-0.8240399999999993,0.9649783000000004,0.0,0.0,0.0,0.0,True,0.0
0.085,penalty,1000.0,0.0,0.9641444500000004,0.0,-0.8338499999999993,0.9641444500000004,0.0,0.0,0.0,0.0,True,0.0
0.08600000000000001,penalty,1000.0,0.0,0.9633007900000004,0.0,-0.8436599999999993,0.9633007900000004,0.0,0.0,0.0,0.0,True,0.0
0.08700000000000001,penalty,1000.0,0.0,0.9624473200000003,0.0,-0.8534699999999993,0.9624473200000003,0.0,0.0,0.0,0.0,True,0.0
0.088,penalty,1000.0,0.0,0.9615840400000003,0.0,-0.8632799999999993,0.9615840400000003,0.0,0.0,0.0,0.0,True,0.0
0.089,penalty,1000.0,0.0,0.9607109500000003,0.0,-0.8730899999999993,0.9607109500000003,0.0,0.0,0.0,0.0,True,0.0
0.09,penalty,1000.0,0.0,0.9598280500000003,0.0,-0.8828999999999992,0.9598280500000003,0.0,0.0,0.0,0.0,True,0.0
0.091,penalty,1000.0,0.0,0.9589353400000002,0.0,-0.8927099999999992,0.9589353400000002,0.0,0.0,0.0,0.0,True,0.0
0.092,penalty,1000.0,0.0,0.9580328200000002,0.0,-0.9025199999999992,0.9580328200000002,0.0,0.0,0.0,0.0,True,0.0
0.093,penalty,1000.0,0.0,0.9571204900000002,0.0,-0.9123299999999992,0.9571204900000002,0.0,0.0,0.0,0.0,True,0.0
0.094,penalty,1000.0,0.0,0.9561983500000002,0.0,-0.9221399999999992,0.9561983500000002,0.0,0.0,0.0,0.0,True,0.0
0.095,penalty,1000.0,0.0,0.9552664000000002,0.0,-0.9319499999999992,0.9552664000000002,0.0,0.0,0.0,0.0,True,0.0
0.096,penalty,1000.0,0.0,0.9543246400000002,0.0,-0.9417599999999992,0.9543246400000002,0.0,0.0,0.0,0.0,True,0.0
0.097,penalty,1000.0,0.0,0.9533730700000002,0.0,-0.9515699999999991,0.9533730700000002,0.0,0.0,0.0,0.0,True,0.0
0.098,penalty,1000.0,0.0,0.9524116900000001,0.0,-0.9613799999999991,0.9524116900000001,0.0,0.0,0.0,0.0,True,0.0
0.099,penalty,1000.0,0.0,0.9514405000000001,0.0,-0.9711899999999991,0.9514405000000001,0.0,0.0,0.0,0.0,True,0.0
0.1,penalty,1000.0,0.0,0.9504595000000001,0.0,-0.9809999999999991,0.9504595000000001,0.0,0.0,0.0,0.0,True,0.0
0.101,penalty,1000.0,0.0,0.9494686900000001,0.0,-0.9908099999999991,0.9494686900000001,0.0,0.0,0.0,0.0,True,0.0
0.10200000000000001,penalty,1000.0,0.0,0.9484680700000001,0.0,-1.0006199999999992,0.9484680700000001,0.0,0.0,0.0,0.0,True,0.0
0.10300000000000001,penalty,1000.0,0.0,0.9474576400000001,0.0,-1.0104299999999993,0.9474576400000001,0.0,0.0,0.0,0.0,True,0.0
0.10400000000000001,penalty,1000.0,0.0,0.9464374000000001,0.0,-1.0202399999999994,0.9464374000000001,0.0,0.0,0.0,0.0,True,0.0
0.105,penalty,1000.0,0.0,0.9454073500000001,0.0,-1.0300499999999995,0.9454073500000001,0.0,0.0,0.0,0.0,True,0.0
0.106,penalty,1000.0,0.0,0.9443674900000001,0.0,-1.0398599999999996,0.9443674900000001,0.0,0.0,0.0,0.0,True,0.0
0.107,penalty,1000.0,0.0,0.9433178200000001,0.0,-1.0496699999999997,0.9433178200000001,0.0,0.0,0.0,0.0,True,0.0
0.108,penalty,1000.0,0.0,0.9422583400000001,0.0,-1.0594799999999998,0.9422583400000001,0.0,0.0,0.0,0.0,True,0.0
0.109,penalty,1000.0,0.0,0.9411890500000001,0.0,-1.0692899999999999,0.9411890500000001,0.0,0.0,0.0,0.0,True,0.0
0.11,penalty,1000.0,0.0,0.9401099500000001,0.0,-1.0791,0.9401099500000001,0.0,0.0,0.0,0.0,True,0.0
0.111,penalty,1000.0,0.0,0.9390210400000001,0.0,-1.08891,0.9390210400000001,0.0,0.0,0.0,0.0,True,0.0
0.112,penalty,1000.0,0.0,0.9379223200000001,0.0,-1.0987200000000001,0.9379223200000001,0.0,0.0,0.0,0.0,True,0.0
0.113,penalty,1000.0,0.0,0.9368137900000001,0.0,-1.1085300000000002,0.9368137900000001,0.0,0.0,0.0,0.0,True,0.0
0.114,penalty,1000.0,0.0,0.9356954500000001,0.0,-1.1183400000000003,0.9356954500000001,0.0,0.0,0.0,0.0,True,0.0
0.115,penalty,1000.0,0.0,0.9345673000000001,0.0,-1.1281500000000004,0.9345673000000001,0.0,0.0,0.0,0.0,True,0.0
0.116,penalty,1000.0,0.0,0.9334293400000001,0.0,-1.1379600000000005,0.9334293400000001,0.0,0.0,0.0,0.0,True,0.0
0.117,penalty,1000.0,0.0,0.9322815700000001,0.0,-1.1477700000000006,0.9322815700000001,0.0,0.0,0.0,0.0,True,0.0
0.11800000000000001,penalty,1000.0,0.0,0.9311239900000001,0.0,-1.1575800000000007,0.9311239900000001,0.0,0.0,0.0,0.0,True,0.0
0.11900000000000001,penalty,1000.0,0.0,0.9299566000000001,0.0,-1.1673900000000008,0.9299566000000001,0.0,0.0,0.0,0.0,True,0.0
0.12,penalty,1000.0,0.0,0.9287794000000001,0.0,-1.177200000000001,0.9287794000000001,0.0,0.0,0.0,0.0,True,0.0
0.121,penalty,1000.0,0.0,0.9275923900000002,0.0,-1.187010000000001,0.9275923900000002,0.0,0.0,0.0,0.0,True,0.0
0.122,penalty,1000.0,0.0,0.9263955700000002,0.0,-1.196820000000001,0.9263955700000002,0.0,0.0,0.0,0.0,True,0.0
0.123,penalty,1000.0,0.0,0.9251889400000002,0.0,-1.2066300000000012,0.9251889400000002,0.0,0.0,0.0,0.0,True,0.0
0.124,penalty,1000.0,0.0,0.9239725000000002,0.0,-1.2164400000000013,0.9239725000000002,0.0,0.0,0.0,0.0,True,0.0
0.125,penalty,1000.0,0.0,0.9227462500000002,0.0,-1.2262500000000014,0.9227462500000002,0.0,0.0,0.0,0.0,True,0.0
0.126,penalty,1000.0,0.0,0.9215101900000002,0.0,-1.2360600000000015,0.9215101900000002,0.0,0.0,0.0,0.0,True,0.0
0.127,penalty,1000.0,0.0,0.9202643200000002,0.0,-1.2458700000000016,0.9202643200000002,0.0,0.0,0.0,0.0,True,0.0
0.128,penalty,1000.0,0.0,0.9190086400000003,0.0,-1.2556800000000017,0.9190086400000003,0.0,0.0,0.0,0.0,True,0.0
0.129,penalty,1000.0,0.0,0.9177431500000003,0.0,-1.2654900000000018,0.9177431500000003,0.0,0.0,0.0,0.0,True,0.0
0.13,penalty,1000.0,0.0,0.9164678500000003,0.0,-1.2753000000000019,0.9164678500000003,0.0,0.0,0.0,0.0,True,0.0
0.131,penalty,1000.0,0.0,0.9151827400000003,0.0,-1.285110000000002,0.9151827400000003,0.0,0.0,0.0,0.0,True,0.0
0.132,penalty,1000.0,0.0,0.9138878200000004,0.0,-1.294920000000002,0.9138878200000004,0.0,0.0,0.0,0.0,True,0.0
0.133,penalty,1000.0,0.0,0.9125830900000004,0.0,-1.3047300000000022,0.9125830900000004,0.0,0.0,0.0,0.0,True,0.0
0.134,penalty,1000.0,0.0,0.9112685500000004,0.0,-1.3145400000000023,0.9112685500000004,0.0,0.0,0.0,0.0,True,0.0
0.135,penalty,1000.0,0.0,0.9099442000000004,0.0,-1.3243500000000024,0.9099442000000004,0.0,0.0,0.0,0.0,True,0.0
0.136,penalty,1000.0,0.0,0.9086100400000005,0.0,-1.3341600000000025,0.9086100400000005,0.0,0.0,0.0,0.0,True,0.0
0.137,penalty,1000.0,0.0,0.9072660700000005,0.0,-1.3439700000000026,0.9072660700000005,0.0,0.0,0.0,0.0,True,0.0
0.138,penalty,1000.0,0.0,0.9059122900000005,0.0,-1.3537800000000026,0.9059122900000005,0.0,0.0,0.0,0.0,True,0.0
0.139,penalty,1000.0,0.0,0.9045487000000005,0.0,-1.3635900000000027,0.9045487000000005,0.0,0.0,0.0,0.0,True,0.0
0.14,penalty,1000.0,0.0,0.9031753000000006,0.0,-1.3734000000000028,0.9031753000000006,0.0,0.0,0.0,0.0,True,0.0
0.14100000000000001,penalty,1000.0,0.0,0.9017920900000006,0.0,-1.383210000000003,0.9017920900000006,0.0,0.0,0.0,0.0,True,0.0
0.14200000000000002,penalty,1000.0,0.0,0.9003990700000006,0.0,-1.393020000000003,0.9003990700000006,0.0,0.0,0.0,0.0,True,0.0
0.14300000000000002,penalty,1000.0,0.0,0.8989962400000007,0.0,-1.4028300000000031,0.8989962400000007,0.0,0.0,0.0,0.0,True,0.0
0.14400000000000002,penalty,1000.0,0.0,0.8975836000000007,0.0,-1.4126400000000032,0.8975836000000007,0.0,0.0,0.0,0.0,True,0.0
0.145,penalty,1000.0,0.0,0.8961611500000007,0.0,-1.4224500000000033,0.8961611500000007,0.0,0.0,0.0,0.0,True,0.0
0.146,penalty,1000.0,0.0,0.8947288900000008,0.0,-1.4322600000000034,0.8947288900000008,0.0,0.0,0.0,0.0,True,0.0
0.147,penalty,1000.0,0.0,0.8932868200000008,0.0,-1.4420700000000035,0.8932868200000008,0.0,0.0,0.0,0.0,True,0.0
0.148,penalty,1000.0,0.0,0.8918349400000009,0.0,-1.4518800000000036,0.8918349400000009,0.0,0.0,0.0,0.0,True,0.0
0.149,penalty,1000.0,0.0,0.8903732500000009,0.0,-1.4616900000000037,0.8903732500000009,0.0,0.0,0.0,0.0,True,0.0
0.15,penalty,1000.0,0.0,0.8889017500000009,0.0,-1.4715000000000038,0.8889017500000009,0.0,0.0,0.0,0.0,True,0.0
0.151,penalty,1000.0,0.0,0.887420440000001,0.0,-1.481310000000004,0.887420440000001,0.0,0.0,0.0,0.0,True,0.0
0.152,penalty,1000.0,0.0,0.885929320000001,0.0,-1.491120000000004,0.885929320000001,0.0,0.0,0.0,0.0,True,0.0
0.153,penalty,1000.0,0.0,0.8844283900000011,0.0,-1.500930000000004,0.8844283900000011,0.0,0.0,0.0,0.0,True,0.0
0.154,penalty,1000.0,0.0,0.8829176500000011,0.0,-1.5107400000000042,0.8829176500000011,0.0,0.0,0.0,0.0,True,0.0
0.155,penalty,1000.0,0.0,0.8813971000000012,0.0,-1.5205500000000043,0.8813971000000012,0.0,0.0,0.0,0.0,True,0.0
0.156,penalty,1000.0,0.0,0.8798667400000012,0.0,-1.5303600000000044,0.8798667400000012,0.0,0.0,0.0,0.0,True,0.0
0.157,penalty,1000.0,0.0,0.8783265700000012,0.0,-1.5401700000000045,0.8783265700000012,0.0,0.0,0.0,0.0,True,0.0
0.158,penalty,1000.0,0.0,0.8767765900000013,0.0,-1.5499800000000046,0.8767765900000013,0.0,0.0,0.0,0.0,True,0.0
0.159,penalty,1000.0,0.0,0.8752168000000013,0.0,-1.5597900000000047,0.8752168000000013,0.0,0.0,0.0,0.0,True,0.0
0.16,penalty,1000.0,0.0,0.8736472000000013,0.0,-1.5696000000000048,0.8736472000000013,0.0,0.0,0.0,0.0,True,0.0
0.161,penalty,1000.0,0.0,0.8720677900000012,0.0,-1.5794100000000049,0.8720677900000012,0.0,0.0,0.0,0.0,True,0.0
0.162,penalty,1000.0,0.0,0.8704785700000012,0.0,-1.589220000000005,0.8704785700000012,0.0,0.0,0.0,0.0,True,0.0
0.163,penalty,1000.0,0.0,0.8688795400000011,0.0,-1.599030000000005,0.8688795400000011,0.0,0.0,0.0,0.0,True,0.0
0.164,penalty,1000.0,0.0,0.8672707000000011,0.0,-1.6088400000000052,0.8672707000000011,0.0,0.0,0.0,0.0,True,0.0
0.165,penalty,1000.0,0.0,0.865652050000001,0.0,-1.6186500000000053,0.865652050000001,0.0,0.0,0.0,0.0,True,0.0
0.166,penalty,1000.0,0.0,0.864023590000001,0.0,-1.6284600000000053,0.864023590000001,0.0,0.0,0.0,0.0,True,0.0
0.167,penalty,1000.0,0.0,0.8623853200000009,0.0,-1.6382700000000054,0.8623853200000009,0.0,0.0,0.0,0.0,True,0.0
0.168,penalty,1000.0,0.0,0.8607372400000008,0.0,-1.6480800000000055,0.8607372400000008,0.0,0.0,0.0,0.0,True,0.0
0.169,penalty,1000.0,0.0,0.8590793500000008,0.0,-1.6578900000000056,0.8590793500000008,0.0,0.0,0.0,0.0,True,0.0
0.17,penalty,1000.0,0.0,0.8574116500000007,0.0,-1.6677000000000057,0.8574116500000007,0.0,0.0,0.0,0.0,True,0.0
0.171,penalty,1000.0,0.0,0.8557341400000007,0.0,-1.6775100000000058,0.8557341400000007,0.0,0.0,0.0,0.0,True,0.0
0.17200000000000001,penalty,1000.0,0.0,0.8540468200000007,0.0,-1.687320000000006,0.8540468200000007,0.0,0.0,0.0,0.0,True,0.0
0.17300000000000001,penalty,1000.0,0.0,0.8523496900000006,0.0,-1.697130000000006,0.8523496900000006,0.0,0.0,0.0,0.0,True,0.0
0.17400000000000002,penalty,1000.0,0.0,0.8506427500000006,0.0,-1.7069400000000061,0.8506427500000006,0.0,0.0,0.0,0.0,True,0.0
0.17500000000000002,penalty,1000.0,0.0,0.8489260000000005,0.0,-1.7167500000000062,0.8489260000000005,0.0,0.0,0.0,0.0,True,0.0
0.176,penalty,1000.0,0.0,0.8471994400000005,0.0,-1.7265600000000063,0.8471994400000005,0.0,0.0,0.0,0.0,True,0.0
0.177,penalty,1000.0,0.0,0.8454630700000004,0.0,-1.7363700000000064,0.8454630700000004,0.0,0.0,0.0,0.0,True,0.0
0.178,penalty,1000.0,0.0,0.8437168900000004,0.0,-1.7461800000000065,0.8437168900000004,0.0,0.0,0.0,0.0,True,0.0
0.179,penalty,1000.0,0.0,0.8419609000000003,0.0,-1.7559900000000066,0.8419609000000003,0.0,0.0,0.0,0.0,True,0.0
0.18,penalty,1000.0,0.0,0.8401951000000003,0.0,-1.7658000000000067,0.8401951000000003,0.0,0.0,0.0,0.0,True,0.0
0.181,penalty,1000.0,0.0,0.8384194900000003,0.0,-1.7756100000000068,0.8384194900000003,0.0,0.0,0.0,0.0,True,0.0
0.182,penalty,1000.0,0.0,0.8366340700000002,0.0,-1.785420000000007,0.8366340700000002,0.0,0.0,0.0,0.0,True,0.0
0.183,penalty,1000.0,0.0,0.8348388400000002,0.0,-1.795230000000007,0.8348388400000002,0.0,0.0,0.0,0.0,True,0.0
0.184,penalty,1000.0,0.0,0.8330338000000002,0.0,-1.805040000000007,0.8330338000000002,0.0,0.0,0.0,0.0,True,0.0
0.185,penalty,1000.0,0.0,0.8312189500000001,0.0,-1.8148500000000072,0.8312189500000001,0.0,0.0,0.0,0.0,True,0.0
0.186,penalty,1000.0,0.0,0.8293942900000001,0.0,-1.8246600000000073,0.8293942900000001,0.0,0.0,0.0,0.0,True,0.0
0.187,penalty,1000.0,0.0,0.8275598200000001,0.0,-1.8344700000000074,0.8275598200000001,0.0,0.0,0.0,0.0,True,0.0
0.188,penalty,1000.0,0.0,0.82571554,0.0,-1.8442800000000075,0.82571554,0.0,0.0,0.0,0.0,True,0.0
0.189,penalty,1000.0,0.0,0.82386145,0.0,-1.8540900000000076,0.82386145,0.0,0.0,0.0,0.0,True,0.0
0.19,penalty,1000.0,0.0,0.82199755,0.0,-1.8639000000000077,0.82199755,0.0,0.0,0.0,0.0,True,0.0
0.191,penalty,1000.0,0.0,0.8201238399999999,0.0,-1.8737100000000078,0.8201238399999999,0.0,0.0,0.0,0.0,True,0.0
0.192,penalty,1000.0,0.0,0.8182403199999999,0.0,-1.8835200000000079,0.8182403199999999,0.0,0.0,0.0,0.0,True,0.0
0.193,penalty,1000.0,0.0,0.8163469899999999,0.0,-1.893330000000008,0.8163469899999999,0.0,0.0,0.0,0.0,True,0.0
0.194,penalty,1000.0,0.0,0.8144438499999999,0.0,-1.903140000000008,0.8144438499999999,0.0,0.0,0.0,0.0,True,0.0
0.195,penalty,1000.0,0.0,0.8125308999999998,0.0,-1.9129500000000081,0.8125308999999998,0.0,0.0,0.0,0.0,True,0.0
0.196,penalty,1000.0,0.0,0.8106081399999998,0.0,-1.9227600000000082,0.8106081399999998,0.0,0.0,0.0,0.0,True,0.0
0.197,penalty,1000.0,0.0,0.8086755699999998,0.0,-1.9325700000000083,0.8086755699999998,0.0,0.0,0.0,0.0,True,0.0
0.198,penalty,1000.0,0.0,0.8067331899999998,0.0,-1.9423800000000084,0.8067331899999998,0.0,0.0,0.0,0.0,True,0.0
0.199,penalty,1000.0,0.0,0.8047809999999997,0.0,-1.9521900000000085,0.8047809999999997,0.0,0.0,0.0,0.0,True,0.0
0.2,penalty,1000.0,0.0,0.8028189999999997,0.0,-1.9620000000000086,0.8028189999999997,0.0,0.0,0.0,0.0,True,0.0
0.201,penalty,1000.0,0.0,0.8008471899999997,0.0,-1.9718100000000087,0.8008471899999997,0.0,0.0,0.0,0.0,True,0.0
0.202,penalty,1000.0,0.0,0.7988655699999997,0.0,-1.9816200000000088,0.7988655699999997,0.0,0.0,0.0,0.0,True,0.0
0.203,penalty,1000.0,0.0,0.7968741399999997,0.0,-1.991430000000009,0.7968741399999997,0.0,0.0,0.0,0.0,True,0.0
0.20400000000000001,penalty,1000.0,0.0,0.7948728999999997,0.0,-2.001240000000009,0.7948728999999997,0.0,0.0,0.0,0.0,True,0.0
0.20500000000000002,penalty,1000.0,0.0,0.7928618499999996,0.0,-2.011050000000009,0.7928618499999996,0.0,0.0,0.0,0.0,True,0.0
0.20600000000000002,penalty,1000.0,0.0,0.7908409899999996,0.0,-2.0208600000000088,0.7908409899999996,0.0,0.0,0.0,0.0,True,0.0
0.20700000000000002,penalty,1000.0,0.0,0.7888103199999996,0.0,-2.0306700000000086,0.7888103199999996,0.0,0.0,0.0,0.0,True,0.0
0.20800000000000002,penalty,1000.0,0.0,0.7867698399999996,0.0,-2.0404800000000085,0.7867698399999996,0.0,0.0,0.0,0.0,True,0.0
0.209,penalty,1000.0,0.0,0.7847195499999996,0.0,-2.0502900000000084,0.7847195499999996,0.0,0.0,0.0,0.0,True,0.0
0.21,penalty,1000.0,0.0,0.7826594499999996,0.0,-2.0601000000000083,0.7826594499999996,0.0,0.0,0.0,0.0,True,0.0
0.211,penalty,1000.0,0.0,0.7805895399999996,0.0,-2.069910000000008,0.7805895399999996,0.0,0.0,0.0,0.0,True,0.0
0.212,penalty,1000.0,0.0,0.7785098199999996,0.0,-2.079720000000008,0.7785098199999996,0.0,0.0,0.0,0.0,True,0.0
0.213,penalty,1000.0,0.0,0.7764202899999996,0.0,-2.089530000000008,0.7764202899999996,0.0,0.0,0.0,0.0,True,0.0
0.214,penalty,1000.0,0.0,0.7743209499999996,0.0,-2.0993400000000078,0.7743209499999996,0.0,0.0,0.0,0.0,True,0.0
0.215,penalty,1000.0,0.0,0.7722117999999996,0.0,-2.1091500000000076,0.7722117999999996,0.0,0.0,0.0,0.0,True,0.0
0.216,penalty,1000.0,0.0,0.7700928399999996,0.0,-2.1189600000000075,0.7700928399999996,0.0,0.0,0.0,0.0,True,0.0
0.217,penalty,1000.0,0.0,0.7679640699999996,0.0,-2.1287700000000074,0.7679640699999996,0.0,0.0,0.0,0.0,True,0.0
0.218,penalty,1000.0,0.0,0.7658254899999996,0.0,-2.1385800000000073,0.7658254899999996,0.0,0.0,0.0,0.0,True,0.0
0.219,penalty,1000.0,0.0,0.7636770999999996,0.0,-2.148390000000007,0.7636770999999996,0.0,0.0,0.0,0.0,True,0.0
0.22,penalty,1000.0,0.0,0.7615188999999996,0.0,-2.158200000000007,0.7615188999999996,0.0,0.0,0.0,0.0,True,0.0
0.221,penalty,1000.0,0.0,0.7593508899999996,0.0,-2.168010000000007,0.7593508899999996,0.0,0.0,0.0,0.0,True,0.0
0.222,penalty,1000.0,0.0,0.7571730699999996,0.0,-2.1778200000000068,0.7571730699999996,0.0,0.0,0.0,0.0,True,0.0
0.223,penalty,1000.0,0.0,0.7549854399999996,0.0,-2.1876300000000066,0.7549854399999996,0.0,0.0,0.0,0.0,True,0.0
0.224,penalty,1000.0,0.0,0.7527879999999996,0.0,-2.1974400000000065,0.7527879999999996,0.0,0.0,0.0,0.0,True,0.0
0.225,penalty,1000.0,0.0,0.7505807499999996,0.0,-2.2072500000000064,0.7505807499999996,0.0,0.0,0.0,0.0,True,0.0
0.226,penalty,1000.0,0.0,0.7483636899999996,0.0,-2.2170600000000062,0.7483636899999996,0.0,0.0,0.0,0.0,True,0.0
0.227,penalty,1000.0,0.0,0.7461368199999996,0.0,-2.226870000000006,0.7461368199999996,0.0,0.0,0.0,0.0,True,0.0
0.228,penalty,1000.0,0.0,0.7439001399999996,0.0,-2.236680000000006,0.7439001399999996,0.0,0.0,0.0,0.0,True,0.0
0.229,penalty,1000.0,0.0,0.7416536499999996,0.0,-2.246490000000006,0.7416536499999996,0.0,0.0,0.0,0.0,True,0.0
0.23,penalty,1000.0,0.0,0.7393973499999996,0.0,-2.2563000000000057,0.7393973499999996,0.0,0.0,0.0,0.0,True,0.0
0.231,penalty,1000.0,0.0,0.7371312399999996,0.0,-2.2661100000000056,0.7371312399999996,0.0,0.0,0.0,0.0,True,0.0
0.232,penalty,1000.0,0.0,0.7348553199999996,0.0,-2.2759200000000055,0.7348553199999996,0.0,0.0,0.0,0.0,True,0.0
0.233,penalty,1000.0,0.0,0.7325695899999997,0.0,-2.2857300000000054,0.7325695899999997,0.0,0.0,0.0,0.0,True,0.0
0.234,penalty,1000.0,0.0,0.7302740499999997,0.0,-2.2955400000000052,0.7302740499999997,0.0,0.0,0.0,0.0,True,0.0
0.23500000000000001,penalty,1000.0,0.0,0.7279686999999997,0.0,-2.305350000000005,0.7279686999999997,0.0,0.0,0.0,0.0,True,0.0
0.23600000000000002,penalty,1000.0,0.0,0.7256535399999997,0.0,-2.315160000000005,0.7256535399999997,0.0,0.0,0.0,0.0,True,0.0
0.23700000000000002,penalty,1000.0,0.0,0.7233285699999997,0.0,-2.324970000000005,0.7233285699999997,0.0,0.0,0.0,0.0,True,0.0
0.23800000000000002,penalty,1000.0,0.0,0.7209937899999997,0.0,-2.3347800000000047,0.7209937899999997,0.0,0.0,0.0,0.0,True,0.0
0.23900000000000002,penalty,1000.0,0.0,0.7186491999999998,0.0,-2.3445900000000046,0.7186491999999998,0.0,0.0,0.0,0.0,True,0.0
0.24,penalty,1000.0,0.0,0.7162947999999998,0.0,-2.3544000000000045,0.7162947999999998,0.0,0.0,0.0,0.0,True,0.0
0.241,penalty,1000.0,0.0,0.7139305899999998,0.0,-2.3642100000000044,0.7139305899999998,0.0,0.0,0.0,0.0,True,0.0
0.242,penalty,1000.0,0.0,0.7115565699999998,0.0,-2.3740200000000042,0.7115565699999998,0.0,0.0,0.0,0.0,True,0.0
0.243,penalty,1000.0,0.0,0.7091727399999999,0.0,-2.383830000000004,0.7091727399999999,0.0,0.0,0.0,0.0,True,0.0
0.244,penalty,1000.0,0.0,0.7067790999999999,0.0,-2.393640000000004,0.7067790999999999,0.0,0.0,0.0,0.0,True,0.0
0.245,penalty,1000.0,0.0,0.7043756499999999,0.0,-2.403450000000004,0.7043756499999999,0.0,0.0,0.0,0.0,True,0.0
0.246,penalty,1000.0,0.0,0.7019623899999999,0.0,-2.4132600000000037,0.7019623899999999,0.0,0.0,0.0,0.0,True,0.0
0.247,penalty,1000.0,0.0,0.69953932,0.0,-2.4230700000000036,0.69953932,0.0,0.0,0.0,0.0,True,0.0
0.248,penalty,1000.0,0.0,0.69710644,0.0,-2.4328800000000035,0.69710644,0.0,0.0,0.0,0.0,True,0.0
0.249,penalty,1000.0,0.0,0.69466375,0.0,-2.4426900000000034,0.69466375,0.0,0.0,0.0,0.0,True,0.0
0.25,penalty,1000.0,0.0,0.6922112500000001,0.0,-2.4525000000000032,0.6922112500000001,0.0,0.0,0.0,0.0,True,0.0
0.251,penalty,1000.0,0.0,0.6897489400000001,0.0,-2.462310000000003,0.6897489400000001,0.0,0.0,0.0,0.0,True,0.0
0.252,penalty,1000.0,0.0,0.6872768200000001,0.0,-2.472120000000003,0.6872768200000001,0.0,0.0,0.0,0.0,True,0.0
0.253,penalty,1000.0,0.0,0.6847948900000002,0.0,-2.481930000000003,0.6847948900000002,0.0,0.0,0.0,0.0,True,0.0
0.254,penalty,1000.0,0.0,0.6823031500000002,0.0,-2.4917400000000027,0.6823031500000002,0.0,0.0,0.0,0.0,True,0.0
0.255,penalty,1000.0,0.0,0.6798016000000002,0.0,-2.5015500000000026,0.6798016000000002,0.0,0.0,0.0,0.0,True,0.0
0.256,penalty,1000.0,0.0,0.6772902400000003,0.0,-2.5113600000000025,0.6772902400000003,0.0,0.0,0.0,0.0,True,0.0
0.257,penalty,1000.0,0.0,0.6747690700000003,0.0,-2.5211700000000024,0.6747690700000003,0.0,0.0,0.0,0.0,True,0.0
0.258,penalty,1000.0,0.0,0.6722380900000003,0.0,-2.5309800000000022,0.6722380900000003,0.0,0.0,0.0,0.0,True,0.0
0.259,penalty,1000.0,0.0,0.6696973000000004,0.0,-2.540790000000002,0.6696973000000004,0.0,0.0,0.0,0.0,True,0.0
0.26,penalty,1000.0,0.0,0.6671467000000004,0.0,-2.550600000000002,0.6671467000000004,0.0,0.0,0.0,0.0,True,0.0
0.261,penalty,1000.0,0.0,0.6645862900000005,0.0,-2.560410000000002,0.6645862900000005,0.0,0.0,0.0,0.0,True,0.0
0.262,penalty,1000.0,0.0,0.6620160700000005,0.0,-2.5702200000000017,0.6620160700000005,0.0,0.0,0.0,0.0,True,0.0
0.263,penalty,1000.0,0.0,0.6594360400000006,0.0,-2.5800300000000016,0.6594360400000006,0.0,0.0,0.0,0.0,True,0.0
0.264,penalty,1000.0,0.0,0.6568462000000006,0.0,-2.5898400000000015,0.6568462000000006,0.0,0.0,0.0,0.0,True,0.0
0.265,penalty,1000.0,0.0,0.6542465500000006,0.0,-2.5996500000000013,0.6542465500000006,0.0,0.0,0.0,0.0,True,0.0
0.266,penalty,1000.0,0.0,0.6516370900000007,0.0,-2.6094600000000012,0.6516370900000007,0.0,0.0,0.0,0.0,True,0.0
0.267,penalty,1000.0,0.0,0.6490178200000007,0.0,-2.619270000000001,0.6490178200000007,0.0,0.0,0.0,0.0,True,0.0
0.268,penalty,1000.0,0.0,0.6463887400000008,0.0,-2.629080000000001,0.6463887400000008,0.0,0.0,0.0,0.0,True,0.0
0.269,penalty,1000.0,0.0,0.6437498500000008,0.0,-2.638890000000001,0.6437498500000008,0.0,0.0,0.0,0.0,True,0.0
0.27,penalty,1000.0,0.0,0.6411011500000009,0.0,-2.6487000000000007,0.6411011500000009,0.0,0.0,0.0,0.0,True,0.0
0.271,penalty,1000.0,0.0,0.638442640000001,0.0,-2.6585100000000006,0.638442640000001,0.0,0.0,0.0,0.0,True,0.0
0.272,penalty,1000.0,0.0,0.635774320000001,0.0,-2.6683200000000005,0.635774320000001,0.0,0.0,0.0,0.0,True,0.0
0.273,penalty,1000.0,0.0,0.6330961900000011,0.0,-2.6781300000000003,0.6330961900000011,0.0,0.0,0.0,0.0,True,0.0
0.274,penalty,1000.0,0.0,0.630408250000001,0.0,-2.68794,0.630408250000001,0.0,0.0,0.0,0.0,True,0.0
0.275,penalty,1000.0,0.0,0.627710500000001,0.0,-2.69775,0.627710500000001,0.0,0.0,0.0,0.0,True,0.0
0.276,penalty,1000.0,0.0,0.6250029400000009,0.0,-2.70756,0.6250029400000009,0.0,0.0,0.0,0.0,True,0.0
0.277,penalty,1000.0,0.0,0.6222855700000008,0.0,-2.71737,0.6222855700000008,0.0,0.0,0.0,0.0,True,0.0
0.278,penalty,1000.0,0.0,0.6195583900000008,0.0,-2.7271799999999997,0.6195583900000008,0.0,0.0,0.0,0.0,True,0.0
0.279,penalty,1000.0,0.0,0.6168214000000007,0.0,-2.7369899999999996,0.6168214000000007,0.0,0.0,0.0,0.0,True,0.0
0.28,penalty,1000.0,0.0,0.6140746000000007,0.0,-2.7467999999999995,0.6140746000000007,0.0,0.0,0.0,0.0,True,0.0
0.281,penalty,1000.0,0.0,0.6113179900000006,0.0,-2.7566099999999993,0.6113179900000006,0.0,0.0,0.0,0.0,True,0.0
0.28200000000000003,penalty,1000.0,0.0,0.6085515700000006,0.0,-2.766419999999999,0.6085515700000006,0.0,0.0,0.0,0.0,True,0.0
0.28300000000000003,penalty,1000.0,0.0,0.6057753400000006,0.0,-2.776229999999999,0.6057753400000006,0.0,0.0,0.0,0.0,True,0.0
0.28400000000000003,penalty,1000.0,0.0,0.6029893000000005,0.0,-2.786039999999999,0.6029893000000005,0.0,0.0,0.0,0.0,True,0.0
0.28500000000000003,penalty,1000.0,0.0,0.6001934500000005,0.0,-2.795849999999999,0.6001934500000005,0.0,0.0,0.0,0.0,True,0.0
0.28600000000000003,penalty,1000.0,0.0,0.5973877900000004,0.0,-2.8056599999999987,0.5973877900000004,0.0,0.0,0.0,0.0,True,0.0
0.28700000000000003,penalty,1000.0,0.0,0.5945723200000004,0.0,-2.8154699999999986,0.5945723200000004,0.0,0.0,0.0,0.0,True,0.0
0.28800000000000003,penalty,1000.0,0.0,0.5917470400000003,0.0,-2.8252799999999985,0.5917470400000003,0.0,0.0,0.0,0.0,True,0.0
0.289,penalty,1000.0,0.0,0.5889119500000003,0.0,-2.8350899999999983,0.5889119500000003,0.0,0.0,0.0,0.0,True,0.0
0.29,penalty,1000.0,0.0,0.5860670500000003,0.0,-2.844899999999998,0.5860670500000003,0.0,0.0,0.0,0.0,True,0.0
0.291,penalty,1000.0,0.0,0.5832123400000002,0.0,-2.854709999999998,0.5832123400000002,0.0,0.0,0.0,0.0,True,0.0
0.292,penalty,1000.0,0.0,0.5803478200000002,0.0,-2.864519999999998,0.5803478200000002,0.0,0.0,0.0,0.0,True,0.0
0.293,penalty,1000.0,0.0,0.5774734900000001,0.0,-2.874329999999998,0.5774734900000001,0.0,0.0,0.0,0.0,True,0.0
0.294,penalty,1000.0,0.0,0.5745893500000001,0.0,-2.8841399999999977,0.5745893500000001,0.0,0.0,0.0,0.0,True,0.0
0.295,penalty,1000.0,0.0,0.5716954000000001,0.0,-2.8939499999999976,0.5716954000000001,0.0,0.0,0.0,0.0,True,0.0
0.296,penalty,1000.0,0.0,0.56879164,0.0,-2.9037599999999975,0.56879164,0.0,0.0,0.0,0.0,True,0.0
0.297,penalty,1000.0,0.0,0.56587807,0.0,-2.9135699999999973,0.56587807,0.0,0.0,0.0,0.0,True,0.0
0.298,penalty,1000.0,0.0,0.56295469,0.0,-2.923379999999997,0.56295469,0.0,0.0,0.0,0.0,True,0.0
0.299,penalty,1000.0,0.0,0.5600215,0.0,-2.933189999999997,0.5600215,0.0,0.0,0.0,0.0,True,0.0
0.3,penalty,1000.0,0.0,0.5570784999999999,0.0,-2.942999999999997,0.5570784999999999,0.0,0.0,0.0,0.0,True,0.0
0.301,penalty,1000.0,0.0,0.5541256899999999,0.0,-2.952809999999997,0.5541256899999999,0.0,0.0,0.0,0.0,True,0.0
0.302,penalty,1000.0,0.0,0.5511630699999999,0.0,-2.9626199999999967,0.5511630699999999,0.0,0.0,0.0,0.0,True,0.0
0.303,penalty,1000.0,0.0,0.5481906399999998,0.0,-2.9724299999999966,0.5481906399999998,0.0,0.0,0.0,0.0,True,0.0
0.304,penalty,1000.0,0.0,0.5452083999999998,0.0,-2.9822399999999964,0.5452083999999998,0.0,0.0,0.0,0.0,True,0.0
0.305,penalty,1000.0,0.0,0.5422163499999998,0.0,-2.9920499999999963,0.5422163499999998,0.0,0.0,0.0,0.0,True,0.0
0.306,penalty,1000.0,0.0,0.5392144899999998,0.0,-3.001859999999996,0.5392144899999998,0.0,0.0,0.0,0.0,True,0.0
0.307,penalty,1000.0,0.0,0.5362028199999997,0.0,-3.011669999999996,0.5362028199999997,0.0,0.0,0.0,0.0,True,0.0
0.308,penalty,1000.0,0.0,0.5331813399999997,0.0,-3.021479999999996,0.5331813399999997,0.0,0.0,0.0,0.0,True,0.0
0.309,penalty,1000.0,0.0,0.5301500499999997,0.0,-3.031289999999996,0.5301500499999997,0.0,0.0,0.0,0.0,True,0.0
0.31,penalty,1000.0,0.0,0.5271089499999997,0.0,-3.0410999999999957,0.5271089499999997,0.0,0.0,0.0,0.0,True,0.0
0.311,penalty,1000.0,0.0,0.5240580399999997,0.0,-3.0509099999999956,0.5240580399999997,0.0,0.0,0.0,0.0,True,0.0
0.312,penalty,1000.0,0.0,0.5209973199999997,0.0,-3.0607199999999954,0.5209973199999997,0.0,0.0,0.0,0.0,True,0.0
0.313,penalty,1000.0,0.0,0.5179267899999996,0.0,-3.0705299999999953,0.5179267899999996,0.0,0.0,0.0,0.0,True,0.0
0.314,penalty,1000.0,0.0,0.5148464499999996,0.0,-3.080339999999995,0.5148464499999996,0.0,0.0,0.0,0.0,True,0.0
0.315,penalty,1000.0,0.0,0.5117562999999996,0.0,-3.090149999999995,0.5117562999999996,0.0,0.0,0.0,0.0,True,0.0
0.316,penalty,1000.0,0.0,0.5086563399999996,0.0,-3.099959999999995,0.5086563399999996,0.0,0.0,0.0,0.0,True,0.0
0.317,penalty,1000.0,0.0,0.5055465699999996,0.0,-3.109769999999995,0.5055465699999996,0.0,0.0,0.0,0.0,True,0.0
0.318,penalty,1000.0,0.0,0.5024269899999996,0.0,-3.1195799999999947,0.5024269899999996,0.0,0.0,0.0,0.0,True,0.0
0.319,penalty,1000.0,0.0,0.49929759999999956,0.0,-3.1293899999999946,0.49929759999999956,0.0,0.0,0.0,0.0,True,0.0
0.32,penalty,1000.0,0.0,0.49615839999999956,0.0,-3.1391999999999944,0.49615839999999956,0.0,0.0,0.0,0.0,True,0.0
0.321,penalty,1000.0,0.0,0.49300938999999955,0.0,-3.1490099999999943,0.49300938999999955,0.0,0.0,0.0,0.0,True,0.0
0.322,penalty,1000.0,0.0,0.48985056999999954,0.0,-3.158819999999994,0.48985056999999954,0.0,0.0,0.0,0.0,True,0.0
0.323,penalty,1000.0,0.0,0.48668193999999954,0.0,-3.168629999999994,0.48668193999999954,0.0,0.0,0.0,0.0,True,0.0
0.324,penalty,1000.0,0.0,0.48350349999999953,0.0,-3.178439999999994,0.48350349999999953,0.0,0.0,0.0,0.0,True,0.0
0.325,penalty,1000.0,0.0,0.4803152499999995,0.0,-3.188249999999994,0.4803152499999995,0.0,0.0,0.0,0.0,True,0.0
0.326,penalty,1000.0,0.0,0.4771171899999995,0.0,-3.1980599999999937,0.4771171899999995,0.0,0.0,0.0,0.0,True,0.0
0.327,penalty,1000.0,0.0,0.4739093199999995,0.0,-3.2078699999999936,0.4739093199999995,0.0,0.0,0.0,0.0,True,0.0
0.328,penalty,1000.0,0.0,0.4706916399999995,0.0,-3.2176799999999934,0.4706916399999995,0.0,0.0,0.0,0.0,True,0.0
0.329,penalty,1000.0,0.0,0.4674641499999995,0.0,-3.2274899999999933,0.4674641499999995,0.0,0.0,0.0,0.0,True,0.0
0.33,penalty,1000.0,0.0,0.4642268499999995,0.0,-3.237299999999993,0.4642268499999995,0.0,0.0,0.0,0.0,True,0.0
0.331,penalty,1000.0,0.0,0.4609797399999995,0.0,-3.247109999999993,0.4609797399999995,0.0,0.0,0.0,0.0,True,0.0
0.332,penalty,1000.0,0.0,0.45772281999999953,0.0,-3.256919999999993,0.45772281999999953,0.0,0.0,0.0,0.0,True,0.0
0.333,penalty,1000.0,0.0,0.45445608999999954,0.0,-3.266729999999993,0.45445608999999954,0.0,0.0,0.0,0.0,True,0.0
0.334,penalty,1000.0,0.0,0.45117954999999954,0.0,-3.2765399999999927,0.45117954999999954,0.0,0.0,0.0,0.0,True,0.0
0.335,penalty,1000.0,0.0,0.44789319999999955,0.0,-3.2863499999999926,0.44789319999999955,0.0,0.0,0.0,0.0,True,0.0
0.336,penalty,1000.0,0.0,0.44459703999999955,0.0,-3.2961599999999924,0.44459703999999955,0.0,0.0,0.0,0.0,True,0.0
0.337,penalty,1000.0,0.0,0.44129106999999956,0.0,-3.3059699999999923,0.44129106999999956,0.0,0.0,0.0,0.0,True,0.0
0.338,penalty,1000.0,0.0,0.4379752899999996,0.0,-3.315779999999992,0.4379752899999996,0.0,0.0,0.0,0.0,True,0.0
0.339,penalty,1000.0,0.0,0.4346496999999996,0.0,-3.325589999999992,0.4346496999999996,0.0,0.0,0.0,0.0,True,0.0
0.34,penalty,1000.0,0.0,0.4313142999999996,0.0,-3.335399999999992,0.4313142999999996,0.0,0.0,0.0,0.0,True,0.0
0.341,penalty,1000.0,0.0,0.4279690899999996,0.0,-3.345209999999992,0.4279690899999996,0.0,0.0,0.0,0.0,True,0.0
0.342,penalty,1000.0,0.0,0.4246140699999996,0.0,-3.3550199999999917,0.4246140699999996,0.0,0.0,0.0,0.0,True,0.0
0.343,penalty,1000.0,0.0,0.42124923999999964,0.0,-3.3648299999999915,0.42124923999999964,0.0,0.0,0.0,0.0,True,0.0
0.34400000000000003,penalty,1000.0,0.0,0.41787459999999965,0.0,-3.3746399999999914,0.41787459999999965,0.0,0.0,0.0,0.0,True,0.0
0.34500000000000003,penalty,1000.0,0.0,0.41449014999999967,0.0,-3.3844499999999913,0.41449014999999967,0.0,0.0,0.0,0.0,True,0.0
0.34600000000000003,penalty,1000.0,0.0,0.4110958899999997,0.0,-3.394259999999991,0.4110958899999997,0.0,0.0,0.0,0.0,True,0.0
0.34700000000000003,penalty,1000.0,0.0,0.4076918199999997,0.0,-3.404069999999991,0.4076918199999997,0.0,0.0,0.0,0.0,True,0.0
0.34800000000000003,penalty,1000.0,0.0,0.4042779399999997,0.0,-3.413879999999991,0.4042779399999997,0.0,0.0,0.0,0.0,True,0.0
0.34900000000000003,penalty,1000.0,0.0,0.40085424999999975,0.0,-3.423689999999991,0.40085424999999975,0.0,0.0,0.0,0.0,True,0.0
0.35000000000000003,penalty,1000.0,0.0,0.39742074999999977,0.0,-3.4334999999999907,0.39742074999999977,0.0,0.0,0.0,0.0,True,0.0
0.35100000000000003,penalty,1000.0,0.0,0.3939774399999998,0.0,-3.4433099999999905,0.3939774399999998,0.0,0.0,0.0,0.0,True,0.0
0.352,penalty,1000.0,0.0,0.3905243199999998,0.0,-3.4531199999999904,0.3905243199999998,0.0,0.0,0.0,0.0,True,0.0
0.353,penalty,1000.0,0.0,0.38706138999999984,0.0,-3.4629299999999903,0.38706138999999984,0.0,0.0,0.0,0.0,True,0.0
0.354,penalty,1000.0,0.0,0.38358864999999986,0.0,-3.47273999999999,0.38358864999999986,0.0,0.0,0.0,0.0,True,0.0
0.355,penalty,1000.0,0.0,0.3801060999999999,0.0,-3.48254999999999,0.3801060999999999,0.0,0.0,0.0,0.0,True,0.0
0.356,penalty,1000.0,0.0,0.3766137399999999,0.0,-3.49235999999999,0.3766137399999999,0.0,0.0,0.0,0.0,True,0.0
0.357,penalty,1000.0,0.0,0.37311156999999995,0.0,-3.50216999999999,0.37311156999999995,0.0,0.0,0.0,0.0,True,0.0
0.358,penalty,1000.0,0.0,0.36959959,0.0,-3.5119799999999897,0.36959959,0.0,0.0,0.0,0.0,True,0.0
0.359,penalty,1000.0,0.0,0.3660778,0.0,-3.5217899999999895,0.3660778,0.0,0.0,0.0,0.0,True,0.0
0.36,penalty,1000.0,0.0,0.36254620000000004,0.0,-3.5315999999999894,0.36254620000000004,0.0,0.0,0.0,0.0,True,0.0
0.361,penalty,1000.0,0.0,0.3590047900000001,0.0,-3.5414099999999893,0.3590047900000001,0.0,0.0,0.0,0.0,True,0.0
0.362,penalty,1000.0,0.0,0.3554535700000001,0.0,-3.551219999999989,0.3554535700000001,0.0,0.0,0.0,0.0,True,0.0
0.363,penalty,1000.0,0.0,0.35189254000000014,0.0,-3.561029999999989,0.35189254000000014,0.0,0.0,0.0,0.0,True,0.0
0.364,penalty,1000.0,0.0,0.3483217000000002,0.0,-3.570839999999989,0.3483217000000002,0.0,0.0,0.0,0.0,True,0.0
0.365,penalty,1000.0,0.0,0.3447410500000002,0.0,-3.580649999999989,0.3447410500000002,0.0,0.0,0.0,0.0,True,0.0
0.366,penalty,1000.0,0.0,0.34115059000000025,0.0,-3.5904599999999887,0.34115059000000025,0.0,0.0,0.0,0.0,True,0.0
0.367,penalty,1000.0,0.0,0.3375503200000003,0.0,-3.6002699999999885,0.3375503200000003,0.0,0.0,0.0,0.0,True,0.0
0.368,penalty,1000.0,0.0,0.3339402400000003,0.0,-3.6100799999999884,0.3339402400000003,0.0,0.0,0.0,0.0,True,0.0
0.369,penalty,1000.0,0.0,0.33032035000000026,0.0,-3.6198899999999883,0.33032035000000026,0.0,0.0,0.0,0.0,True,0.0
0.37,penalty,1000.0,0.0,0.32669065000000025,0.0,-3.629699999999988,0.32669065000000025,0.0,0.0,0.0,0.0,True,0.0
0.371,penalty,1000.0,0.0,0.32305114000000024,0.0,-3.639509999999988,0.32305114000000024,0.0,0.0,0.0,0.0,True,0.0
0.372,penalty,1000.0,0.0,0.3194018200000002,0.0,-3.649319999999988,0.3194018200000002,0.0,0.0,0.0,0.0,True,0.0
0.373,penalty,1000.0,0.0,0.3157426900000002,0.0,-3.659129999999988,0.3157426900000002,0.0,0.0,0.0,0.0,True,0.0
0.374,penalty,1000.0,0.0,0.3120737500000002,0.0,-3.6689399999999877,0.3120737500000002,0.0,0.0,0.0,0.0,True,0.0
0.375,penalty,1000.0,0.0,0.3083950000000002,0.0,-3.6787499999999875,0.3083950000000002,0.0,0.0,0.0,0.0,True,0.0
0.376,penalty,1000.0,0.0,0.3047064400000002,0.0,-3.6885599999999874,0.3047064400000002,0.0,0.0,0.0,0.0,True,0.0
0.377,penalty,1000.0,0.0,0.3010080700000002,0.0,-3.6983699999999873,0.3010080700000002,0.0,0.0,0.0,0.0,True,0.0
0.378,penalty,1000.0,0.0,0.2972998900000002,0.0,-3.708179999999987,0.2972998900000002,0.0,0.0,0.0,0.0,True,0.0
0.379,penalty,1000.0,0.0,0.2935819000000002,0.0,-3.717989999999987,0.2935819000000002,0.0,0.0,0.0,0.0,True,0.0
0.38,penalty,1000.0,0.0,0.28985410000000017,0.0,-3.727799999999987,0.28985410000000017,0.0,0.0,0.0,0.0,True,0.0
0.381,penalty,1000.0,0.0,0.28611649000000017,0.0,-3.7376099999999868,0.28611649000000017,0.0,0.0,0.0,0.0,True,0.0
0.382,penalty,1000.0,0.0,0.28236907000000017,0.0,-3.7474199999999867,0.28236907000000017,0.0,0.0,0.0,0.0,True,0.0
0.383,penalty,1000.0,0.0,0.27861184000000017,0.0,-3.7572299999999865,0.27861184000000017,0.0,0.0,0.0,0.0,True,0.0
0.384,penalty,1000.0,0.0,0.27484480000000017,0.0,-3.7670399999999864,0.27484480000000017,0.0,0.0,0.0,0.0,True,0.0
0.385,penalty,1000.0,0.0,0.27106795000000017,0.0,-3.7768499999999863,0.27106795000000017,0.0,0.0,0.0,0.0,True,0.0
0.386,penalty,1000.0,0.0,0.26728129000000017,0.0,-3.786659999999986,0.26728129000000017,0.0,0.0,0.0,0.0,True,0.0
0.387,penalty,1000.0,0.0,0.2634848200000002,0.0,-3.796469999999986,0.2634848200000002,0.0,0.0,0.0,0.0,True,0.0
0.388,penalty,1000.0,0.0,0.2596785400000002,0.0,-3.806279999999986,0.2596785400000002,0.0,0.0,0.0,0.0,True,0.0
0.389,penalty,1000.0,0.0,0.2558624500000002,0.0,-3.8160899999999858,0.2558624500000002,0.0,0.0,0.0,0.0,True,0.0
0.39,penalty,1000.0,0.0,0.2520365500000002,0.0,-3.8258999999999856,0.2520365500000002,0.0,0.0,0.0,0.0,True,0.0
0.391,penalty,1000.0,0.0,0.2482008400000002,0.0,-3.8357099999999855,0.2482008400000002,0.0,0.0,0.0,0.0,True,0.0
0.392,penalty,1000.0,0.0,0.2443553200000002,0.0,-3.8455199999999854,0.2443553200000002,0.0,0.0,0.0,0.0,True,0.0
0.393,penalty,1000.0,0.0,0.24049999000000022,0.0,-3.8553299999999853,0.24049999000000022,0.0,0.0,0.0,0.0,True,0.0
0.394,penalty,1000.0,0.0,0.23663485000000023,0.0,-3.865139999999985,0.23663485000000023,0.0,0.0,0.0,0.0,True,0.0
0.395,penalty,1000.0,0.0,0.23275990000000024,0.0,-3.874949999999985,0.23275990000000024,0.0,0.0,0.0,0.0,True,0.0
0.396,penalty,1000.0,0.0,0.22887514000000025,0.0,-3.884759999999985,0.22887514000000025,0.0,0.0,0.0,0.0,True,0.0
0.397,penalty,1000.0,0.0,0.22498057000000027,0.0,-3.8945699999999848,0.22498057000000027,0.0,0.0,0.0,0.0,True,0.0
0.398,penalty,1000.0,0.0,0.22107619000000028,0.0,-3.9043799999999846,0.22107619000000028,0.0,0.0,0.0,0.0,True,0.0
0.399,penalty,1000.0,0.0,0.2171620000000003,0.0,-3.9141899999999845,0.2171620000000003,0.0,0.0,0.0,0.0,True,0.0
0.4,penalty,1000.0,0.0,0.21323800000000032,0.0,-3.9239999999999844,0.21323800000000032,0.0,0.0,0.0,0.0,True,0.0
0.401,penalty,1000.0,0.0,0.20930419000000033,0.0,-3.9338099999999843,0.20930419000000033,0.0,0.0,0.0,0.0,True,0.0
0.402,penalty,1000.0,0.0,0.20536057000000035,0.0,-3.943619999999984,0.20536057000000035,0.0,0.0,0.0,0.0,True,0.0
0.403,penalty,1000.0,0.0,0.20140714000000037,0.0,-3.953429999999984,0.20140714000000037,0.0,0.0,0.0,0.0,True,0.0
0.404,penalty,1000.0,0.0,0.1974439000000004,0.0,-3.963239999999984,0.1974439000000004,0.0,0.0,0.0,0.0,True,0.0
0.405,penalty,1000.0,0.0,0.19347085000000042,0.0,-3.9730499999999838,0.19347085000000042,0.0,0.0,0.0,0.0,True,0.0
0.406,penalty,1000.0,0.0,0.18948799000000044,0.0,-3.9828599999999836,0.18948799000000044,0.0,0.0,0.0,0.0,True,0.0
0.40700000000000003,penalty,1000.0,0.0,0.18549532000000046,0.0,-3.9926699999999835,0.18549532000000046,0.0,0.0,0.0,0.0,True,0.0
0.40800000000000003,penalty,1000.0,0.0,0.1814928400000005,0.0,-4.002479999999983,0.1814928400000005,0.0,0.0,0.0,0.0,True,0.0
0.40900000000000003,penalty,1000.0,0.0,0.17748055000000051,0.0,-4.012289999999983,0.17748055000000051,0.0,0.0,0.0,0.0,True,0.0
0.41000000000000003,penalty,1000.0,0.0,0.17345845000000054,0.0,-4.022099999999983,0.17345845000000054,0.0,0.0,0.0,0.0,True,0.0
0.41100000000000003,penalty,1000.0,0.0,0.16942654000000057,0.0,-4.031909999999983,0.16942654000000057,0.0,0.0,0.0,0.0,True,0.0
0.41200000000000003,penalty,1000.0,0.0,0.1653848200000006,0.0,-4.041719999999983,0.1653848200000006,0.0,0.0,0.0,0.0,True,0.0
0.41300000000000003,penalty,1000.0,0.0,0.16133329000000063,0.0,-4.051529999999983,0.16133329000000063,0.0,0.0,0.0,0.0,True,0.0
0.41400000000000003,penalty,1000.0,0.0,0.15727195000000066,0.0,-4.061339999999983,0.15727195000000066,0.0,0.0,0.0,0.0,True,0.0
0.41500000000000004,penalty,1000.0,0.0,0.15320080000000066,0.0,-4.0711499999999825,0.15320080000000066,0.0,0.0,0.0,0.0,True,0.0
0.41600000000000004,penalty,1000.0,0.0,0.14911984000000067,0.0,-4.080959999999982,0.14911984000000067,0.0,0.0,0.0,0.0,True,0.0
0.417,penalty,1000.0,0.0,0.14502907000000068,0.0,-4.090769999999982,0.14502907000000068,0.0,0.0,0.0,0.0,True,0.0
0.418,penalty,1000.0,0.0,0.14092849000000068,0.0,-4.100579999999982,0.14092849000000068,0.0,0.0,0.0,0.0,True,0.0
0.419,penalty,1000.0,0.0,0.1368181000000007,0.0,-4.110389999999982,0.1368181000000007,0.0,0.0,0.0,0.0,True,0.0
0.42,penalty,1000.0,0.0,0.1326979000000007,0.0,-4.120199999999982,0.1326979000000007,0.0,0.0,0.0,0.0,True,0.0
0.421,penalty,1000.0,0.0,0.1285678900000007,0.0,-4.130009999999982,0.1285678900000007,0.0,0.0,0.0,0.0,True,0.0
0.422,penalty,1000.0,0.0,0.12442807000000072,0.0,-4.139819999999982,0.12442807000000072,0.0,0.0,0.0,0.0,True,0.0
0.423,penalty,1000.0,0.0,0.12027844000000074,0.0,-4.1496299999999815,0.12027844000000074,0.0,0.0,0.0,0.0,True,0.0
0.424,penalty,1000.0,0.0,0.11611900000000075,0.0,-4.159439999999981,0.11611900000000075,0.0,0.0,0.0,0.0,True,0.0
0.425,penalty,1000.0,0.0,0.11194975000000076,0.0,-4.169249999999981,0.11194975000000076,0.0,0.0,0.0,0.0,True,0.0
0.426,penalty,1000.0,0.0,0.10777069000000078,0.0,-4.179059999999981,0.10777069000000078,0.0,0.0,0.0,0.0,True,0.0
0.427,penalty,1000.0,0.0,0.1035818200000008,0.0,-4.188869999999981,0.1035818200000008,0.0,0.0,0.0,0.0,True,0.0
0.428,penalty,1000.0,0.0,0.09938314000000081,0.0,-4.198679999999981,0.09938314000000081,0.0,0.0,0.0,0.0,True,0.0
0.429,penalty,1000.0,0.0,0.09517465000000083,0.0,-4.208489999999981,0.09517465000000083,0.0,0.0,0.0,0.0,True,0.0
0.43,penalty,1000.0,0.0,0.09095635000000085,0.0,-4.218299999999981,0.09095635000000085,0.0,0.0,0.0,0.0,True,0.0
0.431,penalty,1000.0,0.0,0.08672824000000087,0.0,-4.2281099999999805,0.08672824000000087,0.0,0.0,0.0,0.0,True,0.0
0.432,penalty,1000.0,0.0,0.0824903200000009,0.0,-4.23791999999998,0.0824903200000009,0.0,0.0,0.0,0.0,True,0.0
0.433,penalty,1000.0,0.0,0.07824259000000092,0.0,-4.24772999999998,0.07824259000000092,0.0,0.0,0.0,0.0,True,0.0
0.434,penalty,1000.0,0.0,0.07398505000000094,0.0,-4.25753999999998,0.07398505000000094,0.0,0.0,0.0,0.0,True,0.0
0.435,penalty,1000.0,0.0,0.06971770000000097,0.0,-4.26734999999998,0.06971770000000097,0.0,0.0,0.0,0.0,True,0.0
0.436,penalty,1000.0,0.0,0.06544054000000099,0.0,-4.27715999999998,0.06544054000000099,0.0,0.0,0.0,0.0,True,0.0
0.437,penalty,1000.0,0.0,0.06115357000000101,0.0,-4.28696999999998,0.06115357000000101,0.0,0.0,0.0,0.0,True,0.0
0.438,penalty,1000.0,0.0,0.05685679000000103,0.0,-4.29677999999998,0.05685679000000103,0.0,0.0,0.0,0.0,True,0.0
0.439,penalty,1000.0,0.0,0.05255020000000105,0.0,-4.3065899999999795,0.05255020000000105,0.0,0.0,0.0,0.0,True,0.0
0.44,penalty,1000.0,0.0,0.048233800000001076,0.0,-4.316399999999979,0.048233800000001076,0.0,0.0,0.0,0.0,True,0.0
0.441,penalty,1000.0,0.0,0.04390759000000109,0.0,-4.326209999999979,0.04390759000000109,0.0,0.0,0.0,0.0,True,0.0
0.442,penalty,1000.0,0.0,0.03957157000000111,0.0,-4.336019999999979,0.03957157000000111,0.0,0.0,0.0,0.0,True,0.0
0.443,penalty,1000.0,0.0,0.03522574000000113,0.0,-4.345829999999979,0.03522574000000113,0.0,0.0,0.0,0.0,True,0.0
0.444,penalty,1000.0,0.0,0.03087010000000115,0.0,-4.355639999999979,0.03087010000000115,0.0,0.0,0.0,0.0,True,0.0
0.445,penalty,1000.0,0.0,0.02650465000000117,0.0,-4.365449999999979,0.02650465000000117,0.0,0.0,0.0,0.0,True,0.0
0.446,penalty,1000.0,0.0,0.022129390000001192,0.0,-4.375259999999979,0.022129390000001192,0.0,0.0,0.0,0.0,True,0.0
0.447,penalty,1000.0,0.0,0.017744320000001215,0.0,-4.3850699999999785,0.017744320000001215,0.0,0.0,0.0,0.0,True,0.0
0.448,penalty,1000.0,0.0,0.013349440000001236,0.0,-4.394879999999978,0.013349440000001236,0.0,0.0,0.0,0.0,True,0.0
0.449,penalty,1000.0,0.0,0.008944750000001257,0.0,-4.404689999999978,0.008944750000001257,0.0,0.0,0.0,0.0,True,0.0
0.45,penalty,1000.0,0.0,0.004530250000001279,0.0,-4.414499999999978,0.004530250000001279,0.0,0.0,0.0,0.0,True,0.0
0.451,penalty,1000.0,0.0,0.00010594000000130072,0.0,-4.424309999999978,0.00010594000000130072,0.0,0.0,0.0,0.0,True,0.0
0.452,penalty,1000.0,0.0,-0.004328179999998677,0.0,-4.434119999999978,-0.004328179999998677,0.004328179999998677,0.0,0.004328179999998677,0.008656359999997355,True,0.0
0.453,penalty,1000.0,0.0,-0.008767781819998658,0.0,-4.43960181999998,-0.008767781819998658,0.008767781819998658,4.328179999998677,0.04671631973766885,0.00877666244871289,True,0.0
0.454,penalty,1000.0,0.0,-0.013208425858178639,0.0,-4.440644038179981,-0.013208425858178639,0.013208425858178639,8.767781819998659,0.1290170219683175,0.013218374920453968,True,0.0
0.455,penalty,1000.0,0.0,-0.01764567147050044,0.0,-4.437245612321802,-0.01764567147050044,0.01764567147050044,13.20842585817864,0.25071721480638354,0.01765745824910958,True,0.0
0.456,penalty,1000.0,0.0,-0.02207508141135174,0.0,-4.4294099408513015,-0.02207508141135174,0.02207508141135174,17.64567147050044,0.4116047156806157,0.0220888895860476,True,0.0
0.457,penalty,1000.0,0.0,-0.026492226270791692,0.0,-4.41714485943995,-0.026492226270791692,0.026492226270791692,22.07508141135174,0.6113102779664696,0.026508122878080798,True,0.0
0.458,penalty,1000.0,0.0,-0.030892688903960852,0.0,-4.400462633169158,-0.030892688903960852,0.030892688903960852,26.492226270791694,0.8493087934608676,0.03091070094065529,True,0.0
0.459,penalty,1000.0,0.0,-0.03527206884822605,0.0,-4.379379944265197,-0.03527206884822605,0.03527206884822605,30.892688903960853,1.1249211187755621,0.035292204978805586,True,0.0
0.46,penalty,1000.0,0.0,-0.03962598672364302,0.0,-4.353917875416971,-0.03962598672364302,0.03962598672364302,35.27206884822605,1.437316518618871,0.039648245388640646,True,0.0
0.461,penalty,1000.0,0.0,-0.04395008861233635,0.0,-4.324101888693328,-0.04395008861233635,0.04395008861233635,39.625986723643024,1.785515716467711,0.043974461629318284,True,0.0
0.462,penalty,1000.0,0.0,-0.048240050412417336,0.0,-4.289961800080992,-0.048240050412417336,0.048240050412417336,43.950088612336344,2.1683945407017315,0.04826652478182325,True,0.0
0.463,penalty,1000.0,0.0,-0.05249158216208591,0.0,-4.251531749668574,-0.05249158216208591,0.05249158216208591,48.24005041241734,2.584688151888657,0.05252014106032732,True,0.0
0.464,penalty,1000.0,0.0,-0.0567004323295924,0.0,-4.208850167506489,-0.0567004323295924,0.0567004323295924,52.49158216208591,3.032995834584184,0.05673105569772474,True,0.0
0.465,penalty,1000.0,0.0,-0.060862392064769295,0.0,-4.161959735176897,-0.060862392064769295,0.060862392064769295,56.700432329592395,3.511786334750342,0.060895056980612594,True,0.0
0.466,penalty,1000.0,0.0,-0.06497329940788142,0.0,-4.110907343112127,-0.06497329940788142,0.06497329940788142,60.862392064769296,4.0194037217120036,0.06500798033554389,True,0.0
0.467,penalty,1000.0,0.0,-0.06902904345158567,0.0,-4.055744043704246,-0.06902904345158567,0.06902904345158567,64.97329940788143,4.554073751471118,0.06906571241820814,True,0.0
0.468,penalty,1000.0,0.0,-0.07302556845183833,0.0,-3.9965250002526607,-0.07302556845183833,0.07302556845183833,69.02904345158566,5.113910706190529,0.07306419517972529,True,0.0
0.46900000000000003,penalty,1000.0,0.0,-0.07695887788363916,0.0,-3.933309431800822,-0.07695887788363916,0.07695887788363916,73.02556845183832,5.696924682751996,0.07699942989417252,True,0.0
0.47000000000000003,penalty,1000.0,0.0,-0.08082503843755634,0.0,-3.866160553917183,-0.08082503843755634,0.08082503843755634,76.95887788363916,6.301029301493896,0.08086748113693432,True,0.0
0.47100000000000003,penalty,1000.0,0.0,-0.08462018395303597,0.0,-3.7951455154796268,-0.08462018395303597,0.08462018395303597,80.82503843755634,6.924049804550257,0.0846644807062944,True,0.0
0.47200000000000003,penalty,1000.0,0.0,-0.08834051928456256,0.0,-3.7203353315265906,-0.08834051928456256,0.08834051928456256,84.62018395303598,7.5637315116509685,0.08838663148176806,True,0.0
0.47300000000000003,penalty,1000.0,0.0,-0.09198232409680458,0.0,-3.641804812242028,-0.09198232409680458,0.09198232409680458,88.34051928456256,8.217748599809452,0.09203021121429344,True,0.0
0.47400000000000003,penalty,1000.0,0.0,-0.09554195658494981,0.0,-3.5596324881452235,-0.09554195658494981,0.09554195658494981,91.98232409680459,8.883713172024637,0.095591576243379,True,0.0
0.47500000000000003,penalty,1000.0,0.0,-0.09901585711651008,0.0,-3.4739005315602736,-0.09901585711651008,0.09901585711651008,95.5419565849498,9.559184578963709,0.09906716513698655,True,0.0
0.47600000000000003,penalty,1000.0,0.0,-0.10240055179095384,0.0,-3.3846946744437636,-0.10240055179095384,0.10240055179095384,99.01585711651008,10.241678956575829,0.10245350225014249,True,0.0
0.47700000000000004,penalty,1000.0,0.0,-0.10569265591360665,0.0,-3.29210412265281,-0.10569265591360665,0.10569265591360665,102.40055179095384,10.92867894171835,0.1057472011984828,True,0.0
0.47800000000000004,penalty,1000.0,0.0,-0.10888887738034585,0.0,-3.1962214667392033,-0.10888887738034585,0.10888887738034585,105.69265591360664,11.617643527160146,0.10894496824290911,True,0.0
0.47900000000000004,penalty,1000.0,0.0,-0.1119860199697047,0.0,-3.0971425893588576,-0.1119860199697047,0.1119860199697047,108.88887738034585,12.30601801676384,0.11204360558200221,True,0.0
0.48,penalty,1000.0,0.0,-0.11498098653909385,0.0,-2.994966569389153,-0.11498098653909385,0.11498098653909385,111.9860199697047,12.991244041242403,0.11504001454893853,True,0.0
0.481,penalty,1000.0,0.0,-0.1178707821219439,0.0,-2.889795582850059,-0.1178707821219439,0.1178707821219439,114.98098653909385,13.67076959463764,0.11793119870927171,True,0.0
0.482,penalty,1000.0,0.0,-0.12065251692267202,0.0,-2.7817348007281155,-0.12065251692267202,0.12065251692267202,117.8707821219439,14.342059051579096,0.12071426685663766,True,0.0
0.483,penalty,1000.0,0.0,-0.12332340920647747,0.0,-2.6708922838054434,-0.12332340920647747,0.12332340920647747,120.65251692267202,15.002603125452607,0.12338643590361187,True,0.0
0.484,penalty,1000.0,0.0,-0.12588078808107644,0.0,-2.557378874598966,-0.12588078808107644,0.12588078808107644,123.32340920647746,15.649928727837537,0.12594503366422316,True,0.0
0.485,penalty,1000.0,0.0,-0.12832209616759432,0.0,-2.4413080865178896,-0.12832209616759432,0.12832209616759432,125.88078808107645,16.28160868996005,0.12838750152586442,True,0.0
0.486,penalty,1000.0,0.0,-0.13064489215794461,0.0,-2.3227959903502953,-0.13064489215794461,0.13064489215794461,128.3220961675943,16.895271307454703,0.1307113970075875,True,0.0
0.487,penalty,1000.0,0.0,-0.13284685325613696,0.0,-2.2019610981923505,-0.13284685325613696,0.13284685325613696,130.6448921579446,17.48860967042644,0.13291439620238066,True,0.0
0.488,penalty,1000.0,0.0,-0.13492577750107318,0.0,-2.0789242449362137,-0.13492577750107318,0.13492577750107318,132.84685325613697,18.05939074165633,0.13499429610087077,True,0.0
0.489,penalty,1000.0,0.0,-0.13687958596850833,0.0,-1.9538084674351406,-0.13687958596850833,0.13687958596850833,134.92577750107318,18.605464146794482,0.13694901679403415,True,0.0
0.49,penalty,1000.0,0.0,-0.13870632484997497,0.0,-1.8267388814666323,-0.13870632484997497,0.13870632484997497,136.87958596850834,19.124770641527967,0.1387766035532536,True,0.0
0.491,penalty,1000.0,0.0,-0.14040416740659162,0.0,-1.6978425566166573,-0.14040416740659162,0.14040416740659162,138.70632484997498,19.615350221995556,0.1404752287846236,True,0.0
0.492,penalty,1000.0,0.0,-0.1419714157958017,0.0,-1.5672483892100657,-0.1419714157958017,0.1419714157958017,140.40416740659163,20.07534984614037,0.1420431938566935,True,0.0
0.493,penalty,1000.0,0.0,-0.14340650276921596,0.0,-1.435086973414264,-0.14340650276921596,0.14340650276921596,141.9714157958017,20.503030735239363,0.14347893079872165,True,0.0
0.494,penalty,1000.0,0.0,-0.144707993239861,0.0,-1.301490470645048,-0.144707993239861,0.144707993239861,143.40650276921596,20.896775226519672,0.14478100386898518,True,0.0
0.495,penalty,1000.0,0.0,-0.1458745857172662,0.0,-1.166592477405187,-0.1458745857172662,0.1458745857172662,144.707993239861,21.255093149558945,0.145948110990048,True,0.0
0.496,penalty,1000.0,0.0,-0.1469051136089541,0.0,-1.0305278916879208,-0.1469051136089541,0.1469051136089541,145.8745857172662,21.57662770106306,0.1469790850510151,True,0.0
0.497,penalty,1000.0,0.0,-0.14779854638703308,0.0,-0.8934327780789667,-0.14779854638703308,0.14779854638703308,146.9051136089541,21.8601607946124,0.1478728950746131,True,0.0
0.498,penalty,1000.0,0.0,-0.148553990618725,0.0,-0.7554442316919336,-0.148553990618725,0.148553990618725,147.79854638703307,22.104617864059232,0.14862864724796054,True,0.0
0.499,penalty,1000.0,0.0,-0.14917069085979823,0.0,-0.6167002410732086,-0.14917069085979823,0.14917069085979823,148.553990618725,22.309072101434992,0.1492455858165158,True,0.0
0.5,penalty,1000.0,0.0,-0.14964803041001165,0.0,-0.47733955021341046,-0.14964803041001165,0.14964803041001165,149.1706908597982,22.472748112479543,0.14972309383986726,True,0.0
0.501,penalty,1000.0,0.0,-0.14998553192981506,0.0,-0.3375015198033988,-0.14998553192981506,0.14998553192981506,149.64803041001164,22.59502497522455,0.15006069380825693,True,0.0
0.502,penalty,1000.0,0.0,-0.15018285791768865,0.0,-0.19732598787358374,-0.15018285791768865,0.15018285791768865,149.98553192981507,22.675438689442057,0.15025804812060528,True,0.0
0.503,penalty,1000.0,0.0,-0.15023981104764456,0.0,-0.056953129955895104,-0.15023981104764456,0.15023981104764456,150.18285791768864,22.713684007196434,0.15031495942173478,True,0.0
0.504,penalty,1000.0,0.0,-0.15015633436655282,0.0,0.08347668109174947,-0.15015633436655282,0.15015633436655282,150.23981104764457,22.709615637204386,0.15023137079984394,True,0.0
0.505,penalty,1000.0,0.0,-0.1499325113510945,0.0,0.22382301545830227,-0.1499325113510945,0.1499325113510945,150.1563343665528,22.663248818203016,0.150007365843436,True,0.0
0.506,penalty,1000.0,0.0,-0.1495685658242851,0.0,0.3639455268093968,-0.1495685658242851,0.1495685658242851,149.93251135109452,22.57475925904084,0.14964316855758852,True,0.0
0.507,penalty,1000.0,0.0,-0.14906486173165143,0.0,0.5037040926336819,-0.14906486173165143,0.14906486173165143,149.5685658242851,22.444482445730113,0.1491391431401894,True,0.0
0.508,penalty,1000.0,0.0,-0.1484219027772861,0.0,0.6429589543653333,-0.1484219027772861,0.1484219027772861,149.06486173165143,22.27291231822205,0.14849579361751353,True,0.0
0.509,penalty,1000.0,0.0,-0.14764033192014347,0.0,0.7815708571426194,-0.14764033192014347,0.14764033192014347,148.42190277728608,22.060699322177925,0.14771376334033448,True,0.0
0.51,penalty,1000.0,0.0,-0.14672093073108072,0.0,0.9194011890627629,-0.14672093073108072,0.14672093073108072,147.64033192014347,21.808647843500218,0.14679383434054216,True,0.0
0.511,penalty,1000.0,0.0,-0.14566461861128688,0.0,1.0563121197938437,-0.14566461861128688,0.14566461861128688,146.72093073108073,21.5177130358472,0.14573692654914794,True,0.0
0.512,penalty,1000.0,0.0,-0.14447245187288174,0.0,1.1921667384051304,-0.14447245187288174,0.14447245187288174,145.66461861128687,21.188997053773697,0.14454409687635916,True,0.0
0.513,penalty,1000.0,0.0,-0.14314562268260372,0.0,1.3268291902780123,-0.14314562268260372,0.14314562268260372,144.47245187288175,20.82374470650876,0.1432165381547179,True,0.0
0.514,penalty,1000.0,0.0,-0.1416854578696431,0.0,1.460164812960616,-0.1416854578696431,0.1416854578696431,143.14562268260372,20.423338549689518,0.14175557794624183,True,0.0
0.515,penalty,1000.0,0.0,-0.14009341759881283,0.0,1.592040270830259,-0.14009341759881283,0.14009341759881283,141.6854578696431,19.989293434609724,0.1401626772149882,True,0.0
0.516,penalty,1000.0,0.0,-0.13837109391038377,0.0,1.7223236884290718,-0.13837109391038377,0.13837109391038377,140.09341759881283,19.523250536702324,0.138439428866036,True,0.0
0.517,penalty,1000.0,0.0,-0.1365202091280443,0.0,1.8508847823394556,-0.1365202091280443,0.1365202091280443,138.37109391038376,19.02697088704989,0.13658755615276164,True,0.0
0.518,penalty,1000.0,0.0,-0.1345426141365768,0.0,1.9775949914675,-0.1345426141365768,0.1345426141365768,136.5202091280443,18.502328432695816,0.1346089109534887,True,0.0
0.519,penalty,1000.0,0.0,-0.13244028653097273,0.0,2.102327605604077,-0.13244028653097273,0.13244028653097273,134.54261413657682,17.951302653405307,0.13250547191984197,True,0.0
0.52,penalty,1000.0,0.0,-0.13021532863883767,0.0,2.2249578921350497,-0.13021532863883767,0.13021532863883767,132.44028653097274,17.375970764291278,0.1302793424980564,True,0.0
0.521,penalty,1000.0,0.0,-0.12786996541806378,0.0,2.3453632207738875,-0.12786996541806378,0.12786996541806378,130.21532863883766,16.778499535368045,0.1279327488256854,True,0.0
0.522,penalty,1000.0,0.0,-0.12540654223187184,0.0,2.4634231861919513,-0.12540654223187184,0.12540654223187184,127.86996541806379,16.16113676062028,0.12546803750561253,True,0.0
0.523,penalty,1000.0,0.0,-0.12282752250344801,0.0,2.579019728423823,-0.12282752250344801,0.12282752250344801,125.40654223187184,15.52620241056829,0.12288767325952676,True,0.0
0.524,penalty,1000.0,0.0,-0.12013548525252074,0.0,2.6920372509272714,-0.12013548525252074,0.12013548525252074,122.82752250344801,14.876079503569159,0.12019423646344762,True,0.0
0.525,penalty,1000.0,0.0,-0.11733312251634095,0.0,2.8023627361797923,-0.11733312251634095,0.11733312251634095,120.13548525252074,14.213204732210428,0.11739042056748872,True,0.0
0.526,penalty,1000.0,0.0,-0.11442323665764483,0.0,2.9098858586961334,-0.11442323665764483,0.11442323665764483,117.33312251634095,13.54005888212536,0.1144790294026734,True,0.0
0.527,penalty,1000.0,0.0,-0.11140873756229104,0.0,3.014499095353778,-0.11140873756229104,0.11140873756229104,114.42323665764482,12.859157081381763,0.11146297437740316,True,0.0
0.528,penalty,1000.0,0.0,-0.10829263972937497,0.0,3.116097832916069,-0.10829263972937497,0.10829263972937497,111.40873756229104,12.173038919267045,0.10834527156644924,True,0.0
0.529,penalty,1000.0,0.0,-0.10507805925672953,0.0,3.214580472645444,-0.10507805925672953,0.10507805925672953,108.29263972937497,11.484258473807655,0.10512903869523882,True,0.0
0.53,penalty,1000.0,0.0,-0.10176821072482735,0.0,3.3098485319021735,-0.10176821072482735,0.10176821072482735,105.07805925672953,10.795374287719573,0.10181749202274659,True,0.0
0.531,penalty,1000.0,0.0,-0.09836640398220035,0.0,3.401806742627001,-0.09836640398220035,0.09836640398220035,101.76821072482736,10.108939332686264,0.09841394312581997,True,0.0
0.532,penalty,1000.0,0.0,-0.09487604083559115,0.0,3.490363146609201,-0.09487604083559115,0.09487604083559115,98.36640398220035,9.427491001901089,0.09492179558856151,True,0.0
0.533,penalty,1000.0,0.0,-0.09130061164814636,0.0,3.5754291874447923,-0.09130061164814636,0.09130061164814636,94.87604083559114,8.753541170692127,0.09134454159971028,True,0.0
0.534,penalty,1000.0,0.0,-0.08764369184905342,0.0,3.6569197990929387,-0.08764369184905342,0.08764369184905342,91.30061164814636,8.08956636476929,0.08768575846181648,True,0.0
0.535,penalty,1000.0,0.0,-0.08390893835811143,0.0,3.7347534909419924,-0.08390893835811143,0.08390893835811143,87.64369184905343,7.437998075197648,0.08394910501570507,True,0.0
0.536,penalty,1000.0,0.0,-0.08010008592881132,0.0,3.808852429300104,-0.08010008592881132,0.08010008592881132,83.90893835811143,6.801213258608869,0.08013831798388082,True,0.0
0.537,penalty,1000.0,0.0,-0.0762209434135824,0.0,3.879142515228915,-0.0762209434135824,0.0762209434135824,80.10008592881132,6.1815250604165985,0.07625720823672566,True,0.0
0.538,penalty,1000.0,0.0,-0.0722753899549399,0.0,3.945553458642497,-0.0722753899549399,0.0722753899549399,76.2209434135824,5.581173797905016,0.07230965698565228,True,0.0
0.539,penalty,1000.0,0.0,-0.06826737110634246,0.0,4.0080188485974375,-0.06826737110634246,0.06826737110634246,72.2753899549399,5.002318239015841,0.06829961190726408,True,0.0
0.54,penalty,1000.0,0.0,-0.06420089488663867,0.0,4.06647621970378,-0.06420089488663867,0.06420089488663867,68.26737110634245,4.447027211472085,0.06423108320299775,True,0.0
0.541,penalty,1000.0,0.0,-0.06008002777204825,0.0,4.1208671145904185,-0.06008002777204825,0.06008002777204825,64.20089488663868,3.9172715755516507,0.060108139599407195,True,0.0
0.542,penalty,1000.0,0.0,-0.055908890629685785,0.0,4.171137142362467,-0.055908890629685785,0.055908890629685785,60.080027772048254,3.414916592365616,0.05593490429421166,True,0.0
0.543,penalty,1000.0,0.0,-0.051691654596693636,0.0,4.217236032992153,-0.051691654596693636,0.051691654596693636,55.908890629685786,2.941714717910733,0.05171555085499335,True,0.0
0.544,penalty,1000.0,0.0,-0.04743253690910479,0.0,4.259117687588846,-0.04743253690910479,0.04743253690910479,51.69165459669364,2.4992988514594723,0.047454299078474094,True,0.0
0.545,penalty,1000.0,0.0,-0.04313579668460684,0.0,4.296740224497951,-0.04313579668460684,0.04313579668460684,47.43253690910479,2.089176065030861,0.043155410821782425,True,0.0
0.546,penalty,1000.0,0.0,-0.038805730663424284,0.0,4.3300660211825575,-0.038805730663424284,0.038805730663424284,43.13579668460684,1.7127218387585073,0.038823185822984385,True,0.0
0.547,penalty,1000.0,0.0,-0.034446668911578306,0.0,4.3590617518459815,-0.034446668911578306,0.034446668911578306,38.805730663424285,1.3711748249464366,0.034461957539640764,True,0.0
0.548,penalty,1000.0,0.0,-0.030062970490820747,0.0,4.38369842075756,-0.030062970490820747,0.030062970490820747,34.44666891157831,1.065632161486672,0.030076089060059985,True,0.0
0.549,penalty,1000.0,0.0,-0.025659019099572366,0.0,4.4039513912483805,-0.025659019099572366,0.025659019099572366,30.062970490820746,0.7970453531134223,0.02566996920081621,True,0.0
0.55,penalty,1000.0,0.0,-0.021239218689224414,0.0,4.4198004103479525,-0.021239218689224414,0.021239218689224414,25.659019099572365,0.566216736696028,0.021248009055128136,True,0.0
0.551,penalty,1000.0,0.0,-0.016807989060187236,0.0,4.431229629037177,-0.016807989060187236,0.016807989060187236,21.239218689224415,0.37379654443559546,0.01681463969211805,True,0.0
0.552,penalty,1000.0,0.0,-0.012369761442089872,0.0,4.438227618097365,-0.012369761442089872,0.012369761442089872,16.807989060187236,0.2202805764378623,0.012374313175701701,True,0.0
0.553,penalty,1000.0,0.0,-0.007928974062550418,0.0,4.440787379539454,-0.007928974062550418,0.007928974062550418,12.369761442089871,0.10600849169681725,0.007931515284688828,True,0.0
0.554,penalty,1000.0,0.0,-0.0034900677089484133,0.0,4.438906353602005,-0.0034900677089484133,0.0034900677089484133,7.928974062550418,0.031162724049745145,0.0034908358141230167,True,0.0
0.555,penalty,1000.0,0.0,0.0009425187123625394,0.0,4.432586421310953,0.0009425187123625394,0.0,3.4900677089484136,0.003289454123096137,0.0009423914452746374,True,0.0
0.556,penalty,1000.0,0.0,0.005365295133673492,0.0,4.422776421310953,0.005365295133673492,0.0,0.0,0.0,0.0,True,0.0
0.557,penalty,1000.0,0.0,0.009778261554984445,0.0,4.412966421310953,0.009778261554984445,0.0,0.0,0.0,0.0,True,0.0
0.558,penalty,1000.0,0.0,0.014181417976295399,0.0,4.403156421310953,0.014181417976295399,0.0,0.0,0.0,0.0,True,0.0
0.559,penalty,1000.0,0.0,0.01857476439760635,0.0,4.393346421310953,0.01857476439760635,0.0,0.0,0.0,0.0,True,0.0
0.56,penalty,1000.0,0.0,0.022958300818917303,0.0,4.383536421310954,0.022958300818917303,0.0,0.0,0.0,0.0,True,0.0
0.561,penalty,1000.0,0.0,0.027332027240228256,0.0,4.373726421310954,0.027332027240228256,0.0,0.0,0.0,0.0,True,0.0
0.562,penalty,1000.0,0.0,0.03169594366153921,0.0,4.363916421310954,0.03169594366153921,0.0,0.0,0.0,0.0,True,0.0
0.5630000000000001,penalty,1000.0,0.0,0.036050050082850164,0.0,4.354106421310954,0.036050050082850164,0.0,0.0,0.0,0.0,True,0.0
0.5640000000000001,penalty,1000.0,0.0,0.04039434650416112,0.0,4.344296421310954,0.04039434650416112,0.0,0.0,0.0,0.0,True,0.0
0.5650000000000001,penalty,1000.0,0.0,0.04472883292547208,0.0,4.334486421310954,0.04472883292547208,0.0,0.0,0.0,0.0,True,0.0
0.5660000000000001,penalty,1000.0,0.0,0.04905350934678303,0.0,4.324676421310954,0.04905350934678303,0.0,0.0,0.0,0.0,True,0.0
0.5670000000000001,penalty,1000.0,0.0,0.05336837576809398,0.0,4.314866421310954,0.05336837576809398,0.0,0.0,0.0,0.0,True,0.0
0.5680000000000001,penalty,1000.0,0.0,0.05767343218940493,0.0,4.305056421310955,0.05767343218940493,0.0,0.0,0.0,0.0,True,0.0
0.5690000000000001,penalty,1000.0,0.0,0.06196867861071589,0.0,4.295246421310955,0.06196867861071589,0.0,0.0,0.0,0.0,True,0.0
0.5700000000000001,penalty,1000.0,0.0,0.06625411503202684,0.0,4.285436421310955,0.06625411503202684,0.0,0.0,0.0,0.0,True,0.0
0.5710000000000001,penalty,1000.0,0.0,0.07052974145333779,0.0,4.275626421310955,0.07052974145333779,0.0,0.0,0.0,0.0,True,0.0
0.5720000000000001,penalty,1000.0,0.0,0.07479555787464874,0.0,4.265816421310955,0.07479555787464874,0.0,0.0,0.0,0.0,True,0.0
0.5730000000000001,penalty,1000.0,0.0,0.07905156429595969,0.0,4.256006421310955,0.07905156429595969,0.0,0.0,0.0,0.0,True,0.0
0.5740000000000001,penalty,1000.0,0.0,0.08329776071727064,0.0,4.246196421310955,0.08329776071727064,0.0,0.0,0.0,0.0,True,0.0
0.5750000000000001,penalty,1000.0,0.0,0.0875341471385816,0.0,4.236386421310955,0.0875341471385816,0.0,0.0,0.0,0.0,True,0.0
0.5760000000000001,penalty,1000.0,0.0,0.09176072355989255,0.0,4.226576421310956,0.09176072355989255,0.0,0.0,0.0,0.0,True,0.0
0.577,penalty,1000.0,0.0,0.0959774899812035,0.0,4.216766421310956,0.0959774899812035,0.0,0.0,0.0,0.0,True,0.0
0.578,penalty,1000.0,0.0,0.10018444640251446,0.0,4.206956421310956,0.10018444640251446,0.0,0.0,0.0,0.0,True,0.0
0.579,penalty,1000.0,0.0,0.10438159282382542,0.0,4.197146421310956,0.10438159282382542,0.0,0.0,0.0,0.0,True,0.0
0.58,penalty,1000.0,0.0,0.10856892924513638,0.0,4.187336421310956,0.10856892924513638,0.0,0.0,0.0,0.0,True,0.0
0.581,penalty,1000.0,0.0,0.11274645566644734,0.0,4.177526421310956,0.11274645566644734,0.0,0.0,0.0,0.0,True,0.0
0.582,penalty,1000.0,0.0,0.1169141720877583,0.0,4.167716421310956,0.1169141720877583,0.0,0.0,0.0,0.0,True,0.0
0.583,penalty,1000.0,0.0,0.12107207850906926,0.0,4.1579064213109564,0.12107207850906926,0.0,0.0,0.0,0.0,True,0.0
0.584,penalty,1000.0,0.0,0.1252201749303802,0.0,4.148096421310957,0.1252201749303802,0.0,0.0,0.0,0.0,True,0.0
0.585,penalty,1000.0,0.0,0.12935846135169116,0.0,4.138286421310957,0.12935846135169116,0.0,0.0,0.0,0.0,True,0.0
0.586,penalty,1000.0,0.0,0.1334869377730021,0.0,4.128476421310957,0.1334869377730021,0.0,0.0,0.0,0.0,True,0.0
0.587,penalty,1000.0,0.0,0.13760560419431306,0.0,4.118666421310957,0.13760560419431306,0.0,0.0,0.0,0.0,True,0.0
0.588,penalty,1000.0,0.0,0.141714460615624,0.0,4.108856421310957,0.141714460615624,0.0,0.0,0.0,0.0,True,0.0
0.589,penalty,1000.0,0.0,0.14581350703693496,0.0,4.099046421310957,0.14581350703693496,0.0,0.0,0.0,0.0,True,0.0
0.59,penalty,1000.0,0.0,0.14990274345824592,0.0,4.089236421310957,0.14990274345824592,0.0,0.0,0.0,0.0,True,0.0
0.591,penalty,1000.0,0.0,0.15398216987955687,0.0,4.0794264213109575,0.15398216987955687,0.0,0.0,0.0,0.0,True,0.0
0.592,penalty,1000.0,0.0,0.15805178630086783,0.0,4.069616421310958,0.15805178630086783,0.0,0.0,0.0,0.0,True,0.0
0.593,penalty,1000.0,0.0,0.1621115927221788,0.0,4.059806421310958,0.1621115927221788,0.0,0.0,0.0,0.0,True,0.0
0.594,penalty,1000.0,0.0,0.16616158914348975,0.0,4.049996421310958,0.16616158914348975,0.0,0.0,0.0,0.0,True,0.0
0.595,penalty,1000.0,0.0,0.1702017755648007,0.0,4.040186421310958,0.1702017755648007,0.0,0.0,0.0,0.0,True,0.0
0.596,penalty,1000.0,0.0,0.17423215198611167,0.0,4.030376421310958,0.17423215198611167,0.0,0.0,0.0,0.0,True,0.0
0.597,penalty,1000.0,0.0,0.17825271840742263,0.0,4.020566421310958,0.17825271840742263,0.0,0.0,0.0,0.0,True,0.0
0.598,penalty,1000.0,0.0,0.1822634748287336,0.0,4.010756421310958,0.1822634748287336,0.0,0.0,0.0,0.0,True,0.0
0.599,penalty,1000.0,0.0,0.18626442125004455,0.0,4.0009464213109585,0.18626442125004455,0.0,0.0,0.0,0.0,True,0.0
0.6,penalty,1000.0,0.0,0.19025555767135552,0.0,3.9911364213109586,0.19025555767135552,0.0,0.0,0.0,0.0,True,0.0
0.601,penalty,1000.0,0.0,0.19423688409266648,0.0,3.9813264213109587,0.19423688409266648,0.0,0.0,0.0,0.0,True,0.0
0.602,penalty,1000.0,0.0,0.19820840051397745,0.0,3.971516421310959,0.19820840051397745,0.0,0.0,0.0,0.0,True,0.0
0.603,penalty,1000.0,0.0,0.20217010693528842,0.0,3.961706421310959,0.20217010693528842,0.0,0.0,0.0,0.0,True,0.0
0.604,penalty,1000.0,0.0,0.2061220033565994,0.0,3.951896421310959,0.2061220033565994,0.0,0.0,0.0,0.0,True,0.0
0.605,penalty,1000.0,0.0,0.21006408977791036,0.0,3.942086421310959,0.21006408977791036,0.0,0.0,0.0,0.0,True,0.0
0.606,penalty,1000.0,0.0,0.21399636619922133,0.0,3.9322764213109593,0.21399636619922133,0.0,0.0,0.0,0.0,True,0.0
0.607,penalty,1000.0,0.0,0.2179188326205323,0.0,3.9224664213109595,0.2179188326205323,0.0,0.0,0.0,0.0,True,0.0
0.608,penalty,1000.0,0.0,0.22183148904184327,0.0,3.9126564213109596,0.22183148904184327,0.0,0.0,0.0,0.0,True,0.0
0.609,penalty,1000.0,0.0,0.22573433546315425,0.0,3.9028464213109597,0.22573433546315425,0.0,0.0,0.0,0.0,True,0.0
0.61,penalty,1000.0,0.0,0.2296273718844652,0.0,3.89303642131096,0.2296273718844652,0.0,0.0,0.0,0.0,True,0.0
0.611,penalty,1000.0,0.0,0.23351059830577614,0.0,3.88322642131096,0.23351059830577614,0.0,0.0,0.0,0.0,True,0.0
0.612,penalty,1000.0,0.0,0.2373840147270871,0.0,3.87341642131096,0.2373840147270871,0.0,0.0,0.0,0.0,True,0.0
0.613,penalty,1000.0,0.0,0.24124762114839804,0.0,3.86360642131096,0.24124762114839804,0.0,0.0,0.0,0.0,True,0.0
0.614,penalty,1000.0,0.0,0.245101417569709,0.0,3.8537964213109603,0.245101417569709,0.0,0.0,0.0,0.0,True,0.0
0.615,penalty,1000.0,0.0,0.24894540399101994,0.0,3.8439864213109605,0.24894540399101994,0.0,0.0,0.0,0.0,True,0.0
0.616,penalty,1000.0,0.0,0.2527795804123309,0.0,3.8341764213109606,0.2527795804123309,0.0,0.0,0.0,0.0,True,0.0
0.617,penalty,1000.0,0.0,0.25660394683364185,0.0,3.8243664213109607,0.25660394683364185,0.0,0.0,0.0,0.0,True,0.0
0.618,penalty,1000.0,0.0,0.2604185032549528,0.0,3.814556421310961,0.2604185032549528,0.0,0.0,0.0,0.0,True,0.0
0.619,penalty,1000.0,0.0,0.26422324967626376,0.0,3.804746421310961,0.26422324967626376,0.0,0.0,0.0,0.0,True,0.0
0.62,penalty,1000.0,0.0,0.2680181860975747,0.0,3.794936421310961,0.2680181860975747,0.0,0.0,0.0,0.0,True,0.0
0.621,penalty,1000.0,0.0,0.2718033125188857,0.0,3.785126421310961,0.2718033125188857,0.0,0.0,0.0,0.0,True,0.0
0.622,penalty,1000.0,0.0,0.27557862894019663,0.0,3.7753164213109613,0.27557862894019663,0.0,0.0,0.0,0.0,True,0.0
0.623,penalty,1000.0,0.0,0.2793441353615076,0.0,3.7655064213109615,0.2793441353615076,0.0,0.0,0.0,0.0,True,0.0
0.624,penalty,1000.0,0.0,0.28309983178281856,0.0,3.7556964213109616,0.28309983178281856,0.0,0.0,0.0,0.0,True,0.0
0.625,penalty,1000.0,0.0,0.2868457182041295,0.0,3.7458864213109617,0.2868457182041295,0.0,0.0,0.0,0.0,True,0.0
0.626,penalty,1000.0,0.0,0.2905817946254405,0.0,3.736076421310962,0.2905817946254405,0.0,0.0,0.0,0.0,True,0.0
0.627,penalty,1000.0,0.0,0.29430806104675145,0.0,3.726266421310962,0.29430806104675145,0.0,0.0,0.0,0.0,True,0.0
0.628,penalty,1000.0,0.0,0.2980245174680624,0.0,3.716456421310962,0.2980245174680624,0.0,0.0,0.0,0.0,True,0.0
0.629,penalty,1000.0,0.0,0.3017311638893734,0.0,3.7066464213109622,0.3017311638893734,0.0,0.0,0.0,0.0,True,0.0
0.63,penalty,1000.0,0.0,0.30542800031068434,0.0,3.6968364213109624,0.30542800031068434,0.0,0.0,0.0,0.0,True,0.0
0.631,penalty,1000.0,0.0,0.3091150267319953,0.0,3.6870264213109625,0.3091150267319953,0.0,0.0,0.0,0.0,True,0.0
0.632,penalty,1000.0,0.0,0.3127922431533063,0.0,3.6772164213109626,0.3127922431533063,0.0,0.0,0.0,0.0,True,0.0
0.633,penalty,1000.0,0.0,0.31645964957461725,0.0,3.6674064213109627,0.31645964957461725,0.0,0.0,0.0,0.0,True,0.0
0.634,penalty,1000.0,0.0,0.3201172459959282,0.0,3.657596421310963,0.3201172459959282,0.0,0.0,0.0,0.0,True,0.0
0.635,penalty,1000.0,0.0,0.3237650324172392,0.0,3.647786421310963,0.3237650324172392,0.0,0.0,0.0,0.0,True,0.0
0.636,penalty,1000.0,0.0,0.32740300883855017,0.0,3.637976421310963,0.32740300883855017,0.0,0.0,0.0,0.0,True,0.0
0.637,penalty,1000.0,0.0,0.33103117525986114,0.0,3.6281664213109632,0.33103117525986114,0.0,0.0,0.0,0.0,True,0.0
0.638,penalty,1000.0,0.0,0.3346495316811721,0.0,3.6183564213109634,0.3346495316811721,0.0,0.0,0.0,0.0,True,0.0
0.639,penalty,1000.0,0.0,0.3382580781024831,0.0,3.6085464213109635,0.3382580781024831,0.0,0.0,0.0,0.0,True,0.0
0.64,penalty,1000.0,0.0,0.3418568145237941,0.0,3.5987364213109636,0.3418568145237941,0.0,0.0,0.0,0.0,True,0.0
0.641,penalty,1000.0,0.0,0.34544574094510505,0.0,3.5889264213109637,0.34544574094510505,0.0,0.0,0.0,0.0,True,0.0
0.642,penalty,1000.0,0.0,0.34902485736641603,0.0,3.579116421310964,0.34902485736641603,0.0,0.0,0.0,0.0,True,0.0
0.643,penalty,1000.0,0.0,0.352594163787727,0.0,3.569306421310964,0.352594163787727,0.0,0.0,0.0,0.0,True,0.0
0.644,penalty,1000.0,0.0,0.356153660209038,0.0,3.559496421310964,0.356153660209038,0.0,0.0,0.0,0.0,True,0.0
0.645,penalty,1000.0,0.0,0.359703346630349,0.0,3.5496864213109642,0.359703346630349,0.0,0.0,0.0,0.0,True,0.0
0.646,penalty,1000.0,0.0,0.36324322305165996,0.0,3.5398764213109644,0.36324322305165996,0.0,0.0,0.0,0.0,True,0.0
0.647,penalty,1000.0,0.0,0.36677328947297094,0.0,3.5300664213109645,0.36677328947297094,0.0,0.0,0.0,0.0,True,0.0
0.648,penalty,1000.0,0.0,0.37029354589428193,0.0,3.5202564213109646,0.37029354589428193,0.0,0.0,0.0,0.0,True,0.0
0.649,penalty,1000.0,0.0,0.3738039923155929,0.0,3.5104464213109647,0.3738039923155929,0.0,0.0,0.0,0.0,True,0.0
0.65,penalty,1000.0,0.0,0.3773046287369039,0.0,3.500636421310965,0.3773046287369039,0.0,0.0,0.0,0.0,True,0.0
0.651,penalty,1000.0,0.0,0.3807954551582149,0.0,3.490826421310965,0.3807954551582149,0.0,0.0,0.0,0.0,True,0.0
0.652,penalty,1000.0,0.0,0.3842764715795259,0.0,3.481016421310965,0.3842764715795259,0.0,0.0,0.0,0.0,True,0.0
0.653,penalty,1000.0,0.0,0.38774767800083687,0.0,3.4712064213109652,0.38774767800083687,0.0,0.0,0.0,0.0,True,0.0
0.654,penalty,1000.0,0.0,0.39120907442214786,0.0,3.4613964213109654,0.39120907442214786,0.0,0.0,0.0,0.0,True,0.0
0.655,penalty,1000.0,0.0,0.39466066084345885,0.0,3.4515864213109655,0.39466066084345885,0.0,0.0,0.0,0.0,True,0.0
0.656,penalty,1000.0,0.0,0.3981024372647698,0.0,3.4417764213109656,0.3981024372647698,0.0,0.0,0.0,0.0,True,0.0
0.657,penalty,1000.0,0.0,0.40153440368608073,0.0,3.4319664213109657,0.40153440368608073,0.0,0.0,0.0,0.0,True,0.0
0.658,penalty,1000.0,0.0,0.40495656010739167,0.0,3.422156421310966,0.40495656010739167,0.0,0.0,0.0,0.0,True,0.0
0.659,penalty,1000.0,0.0,0.4083689065287026,0.0,3.412346421310966,0.4083689065287026,0.0,0.0,0.0,0.0,True,0.0
0.66,penalty,1000.0,0.0,0.41177144295001356,0.0,3.402536421310966,0.41177144295001356,0.0,0.0,0.0,0.0,True,0.0
0.661,penalty,1000.0,0.0,0.4151641693713245,0.0,3.3927264213109662,0.4151641693713245,0.0,0.0,0.0,0.0,True,0.0
0.662,penalty,1000.0,0.0,0.41854708579263544,0.0,3.3829164213109664,0.41854708579263544,0.0,0.0,0.0,0.0,True,0.0
0.663,penalty,1000.0,0.0,0.4219201922139464,0.0,3.3731064213109665,0.4219201922139464,0.0,0.0,0.0,0.0,True,0.0
0.664,penalty,1000.0,0.0,0.42528348863525733,0.0,3.3632964213109666,0.42528348863525733,0.0,0.0,0.0,0.0,True,0.0
0.665,penalty,1000.0,0.0,0.4286369750565683,0.0,3.3534864213109667,0.4286369750565683,0.0,0.0,0.0,0.0,True,0.0
0.666,penalty,1000.0,0.0,0.43198065147787923,0.0,3.343676421310967,0.43198065147787923,0.0,0.0,0.0,0.0,True,0.0
0.667,penalty,1000.0,0.0,0.4353145178991902,0.0,3.333866421310967,0.4353145178991902,0.0,0.0,0.0,0.0,True,0.0
0.668,penalty,1000.0,0.0,0.43863857432050113,0.0,3.324056421310967,0.43863857432050113,0.0,0.0,0.0,0.0,True,0.0
0.669,penalty,1000.0,0.0,0.4419528207418121,0.0,3.3142464213109672,0.4419528207418121,0.0,0.0,0.0,0.0,True,0.0
0.67,penalty,1000.0,0.0,0.44525725716312303,0.0,3.3044364213109674,0.44525725716312303,0.0,0.0,0.0,0.0,True,0.0
0.671,penalty,1000.0,0.0,0.448551883584434,0.0,3.2946264213109675,0.448551883584434,0.0,0.0,0.0,0.0,True,0.0
0.672,penalty,1000.0,0.0,0.45183670000574494,0.0,3.2848164213109676,0.45183670000574494,0.0,0.0,0.0,0.0,True,0.0
0.673,penalty,1000.0,0.0,0.4551117064270559,0.0,3.2750064213109678,0.4551117064270559,0.0,0.0,0.0,0.0,True,0.0
0.674,penalty,1000.0,0.0,0.45837690284836685,0.0,3.265196421310968,0.45837690284836685,0.0,0.0,0.0,0.0,True,0.0
0.675,penalty,1000.0,0.0,0.4616322892696778,0.0,3.255386421310968,0.4616322892696778,0.0,0.0,0.0,0.0,True,0.0
0.676,penalty,1000.0,0.0,0.46487786569098877,0.0,3.245576421310968,0.46487786569098877,0.0,0.0,0.0,0.0,True,0.0
0.677,penalty,1000.0,0.0,0.4681136321122997,0.0,3.2357664213109683,0.4681136321122997,0.0,0.0,0.0,0.0,True,0.0
0.678,penalty,1000.0,0.0,0.4713395885336107,0.0,3.2259564213109684,0.4713395885336107,0.0,0.0,0.0,0.0,True,0.0
0.679,penalty,1000.0,0.0,0.47455573495492165,0.0,3.2161464213109685,0.47455573495492165,0.0,0.0,0.0,0.0,True,0.0
0.68,penalty,1000.0,0.0,0.4777620713762326,0.0,3.2063364213109686,0.4777620713762326,0.0,0.0,0.0,0.0,True,0.0
0.681,penalty,1000.0,0.0,0.4809585977975436,0.0,3.1965264213109688,0.4809585977975436,0.0,0.0,0.0,0.0,True,0.0
0.682,penalty,1000.0,0.0,0.48414531421885454,0.0,3.186716421310969,0.48414531421885454,0.0,0.0,0.0,0.0,True,0.0
0.683,penalty,1000.0,0.0,0.4873222206401655,0.0,3.176906421310969,0.4873222206401655,0.0,0.0,0.0,0.0,True,0.0
0.684,penalty,1000.0,0.0,0.49048931706147647,0.0,3.167096421310969,0.49048931706147647,0.0,0.0,0.0,0.0,True,0.0
0.685,penalty,1000.0,0.0,0.49364660348278744,0.0,3.1572864213109693,0.49364660348278744,0.0,0.0,0.0,0.0,True,0.0
0.686,penalty,1000.0,0.0,0.4967940799040984,0.0,3.1474764213109694,0.4967940799040984,0.0,0.0,0.0,0.0,True,0.0
0.687,penalty,1000.0,0.0,0.4999317463254094,0.0,3.1376664213109695,0.4999317463254094,0.0,0.0,0.0,0.0,True,0.0
0.6880000000000001,penalty,1000.0,0.0,0.5030596027467203,0.0,3.1278564213109696,0.5030596027467203,0.0,0.0,0.0,0.0,True,0.0
0.6890000000000001,penalty,1000.0,0.0,0.5061776491680313,0.0,3.1180464213109698,0.5061776491680313,0.0,0.0,0.0,0.0,True,0.0
0.6900000000000001,penalty,1000.0,0.0,0.5092858855893423,0.0,3.10823642131097,0.5092858855893423,0.0,0.0,0.0,0.0,True,0.0
0.6910000000000001,penalty,1000.0,0.0,0.5123843120106533,0.0,3.09842642131097,0.5123843120106533,0.0,0.0,0.0,0.0,True,0.0
0.6920000000000001,penalty,1000.0,0.0,0.5154729284319642,0.0,3.08861642131097,0.5154729284319642,0.0,0.0,0.0,0.0,True,0.0
0.6930000000000001,penalty,1000.0,0.0,0.5185517348532752,0.0,3.0788064213109703,0.5185517348532752,0.0,0.0,0.0,0.0,True,0.0
0.6940000000000001,penalty,1000.0,0.0,0.5216207312745862,0.0,3.0689964213109704,0.5216207312745862,0.0,0.0,0.0,0.0,True,0.0
0.6950000000000001,penalty,1000.0,0.0,0.5246799176958972,0.0,3.0591864213109705,0.5246799176958972,0.0,0.0,0.0,0.0,True,0.0
0.6960000000000001,penalty,1000.0,0.0,0.5277292941172081,0.0,3.0493764213109706,0.5277292941172081,0.0,0.0,0.0,0.0,True,0.0
0.6970000000000001,penalty,1000.0,0.0,0.5307688605385191,0.0,3.0395664213109708,0.5307688605385191,0.0,0.0,0.0,0.0,True,0.0
0.6980000000000001,penalty,1000.0,0.0,0.5337986169598301,0.0,3.029756421310971,0.5337986169598301,0.0,0.0,0.0,0.0,True,0.0
0.6990000000000001,penalty,1000.0,0.0,0.5368185633811411,0.0,3.019946421310971,0.5368185633811411,0.0,0.0,0.0,0.0,True,0.0
0.7000000000000001,penalty,1000.0,0.0,0.5398286998024521,0.0,3.010136421310971,0.5398286998024521,0.0,0.0,0.0,0.0,True,0.0
0.7010000000000001,penalty,1000.0,0.0,0.5428290262237631,0.0,3.0003264213109713,0.5428290262237631,0.0,0.0,0.0,0.0,True,0.0
0.7020000000000001,penalty,1000.0,0.0,0.545819542645074,0.0,2.9905164213109714,0.545819542645074,0.0,0.0,0.0,0.0,True,0.0
0.7030000000000001,penalty,1000.0,0.0,0.548800249066385,0.0,2.9807064213109715,0.548800249066385,0.0,0.0,0.0,0.0,True,0.0
0.704,penalty,1000.0,0.0,0.551771145487696,0.0,2.9708964213109716,0.551771145487696,0.0,0.0,0.0,0.0,True,0.0
0.705,penalty,1000.0,0.0,0.554732231909007,0.0,2.9610864213109718,0.554732231909007,0.0,0.0,0.0,0.0,True,0.0
0.706,penalty,1000.0,0.0,0.557683508330318,0.0,2.951276421310972,0.557683508330318,0.0,0.0,0.0,0.0,True,0.0
0.707,penalty,1000.0,0.0,0.560624974751629,0.0,2.941466421310972,0.560624974751629,0.0,0.0,0.0,0.0,True,0.0
0.708,penalty,1000.0,0.0,0.56355663117294,0.0,2.931656421310972,0.56355663117294,0.0,0.0,0.0,0.0,True,0.0
0.709,penalty,1000.0,0.0,0.566478477594251,0.0,2.9218464213109723,0.566478477594251,0.0,0.0,0.0,0.0,True,0.0
0.71,penalty,1000.0,0.0,0.569390514015562,0.0,2.9120364213109724,0.569390514015562,0.0,0.0,0.0,0.0,True,0.0
0.711,penalty,1000.0,0.0,0.572292740436873,0.0,2.9022264213109725,0.572292740436873,0.0,0.0,0.0,0.0,True,0.0
0.712,penalty,1000.0,0.0,0.5751851568581839,0.0,2.8924164213109727,0.5751851568581839,0.0,0.0,0.0,0.0,True,0.0
0.713,penalty,1000.0,0.0,0.5780677632794949,0.0,2.8826064213109728,0.5780677632794949,0.0,0.0,0.0,0.0,True,0.0
0.714,penalty,1000.0,0.0,0.5809405597008059,0.0,2.872796421310973,0.5809405597008059,0.0,0.0,0.0,0.0,True,0.0
0.715,penalty,1000.0,0.0,0.5838035461221169,0.0,2.862986421310973,0.5838035461221169,0.0,0.0,0.0,0.0,True,0.0
0.716,penalty,1000.0,0.0,0.5866567225434279,0.0,2.853176421310973,0.5866567225434279,0.0,0.0,0.0,0.0,True,0.0
0.717,penalty,1000.0,0.0,0.5895000889647389,0.0,2.8433664213109733,0.5895000889647389,0.0,0.0,0.0,0.0,True,0.0
0.718,penalty,1000.0,0.0,0.5923336453860499,0.0,2.8335564213109734,0.5923336453860499,0.0,0.0,0.0,0.0,True,0.0
0.719,penalty,1000.0,0.0,0.5951573918073609,0.0,2.8237464213109735,0.5951573918073609,0.0,0.0,0.0,0.0,True,0.0
0.72,penalty,1000.0,0.0,0.5979713282286719,0.0,2.8139364213109737,0.5979713282286719,0.0,0.0,0.0,0.0,True,0.0
0.721,penalty,1000.0,0.0,0.6007754546499829,0.0,2.804126421310974,0.6007754546499829,0.0,0.0,0.0,0.0,True,0.0
0.722,penalty,1000.0,0.0,0.603569771071294,0.0,2.794316421310974,0.603569771071294,0.0,0.0,0.0,0.0,True,0.0
0.723,penalty,1000.0,0.0,0.606354277492605,0.0,2.784506421310974,0.606354277492605,0.0,0.0,0.0,0.0,True,0.0
0.724,penalty,1000.0,0.0,0.609128973913916,0.0,2.774696421310974,0.609128973913916,0.0,0.0,0.0,0.0,True,0.0
0.725,penalty,1000.0,0.0,0.611893860335227,0.0,2.7648864213109743,0.611893860335227,0.0,0.0,0.0,0.0,True,0.0
0.726,penalty,1000.0,0.0,0.614648936756538,0.0,2.7550764213109744,0.614648936756538,0.0,0.0,0.0,0.0,True,0.0
0.727,penalty,1000.0,0.0,0.617394203177849,0.0,2.7452664213109745,0.617394203177849,0.0,0.0,0.0,0.0,True,0.0
0.728,penalty,1000.0,0.0,0.62012965959916,0.0,2.7354564213109747,0.62012965959916,0.0,0.0,0.0,0.0,True,0.0
0.729,penalty,1000.0,0.0,0.622855306020471,0.0,2.725646421310975,0.622855306020471,0.0,0.0,0.0,0.0,True,0.0
0.73,penalty,1000.0,0.0,0.625571142441782,0.0,2.715836421310975,0.625571142441782,0.0,0.0,0.0,0.0,True,0.0
0.731,penalty,1000.0,0.0,0.628277168863093,0.0,2.706026421310975,0.628277168863093,0.0,0.0,0.0,0.0,True,0.0
0.732,penalty,1000.0,0.0,0.630973385284404,0.0,2.696216421310975,0.630973385284404,0.0,0.0,0.0,0.0,True,0.0
0.733,penalty,1000.0,0.0,0.6336597917057151,0.0,2.6864064213109753,0.6336597917057151,0.0,0.0,0.0,0.0,True,0.0
0.734,penalty,1000.0,0.0,0.6363363881270261,0.0,2.6765964213109754,0.6363363881270261,0.0,0.0,0.0,0.0,True,0.0
0.735,penalty,1000.0,0.0,0.6390031745483371,0.0,2.6667864213109755,0.6390031745483371,0.0,0.0,0.0,0.0,True,0.0
0.736,penalty,1000.0,0.0,0.6416601509696481,0.0,2.6569764213109757,0.6416601509696481,0.0,0.0,0.0,0.0,True,0.0
0.737,penalty,1000.0,0.0,0.6443073173909591,0.0,2.647166421310976,0.6443073173909591,0.0,0.0,0.0,0.0,True,0.0
0.738,penalty,1000.0,0.0,0.6469446738122702,0.0,2.637356421310976,0.6469446738122702,0.0,0.0,0.0,0.0,True,0.0
0.739,penalty,1000.0,0.0,0.6495722202335812,0.0,2.627546421310976,0.6495722202335812,0.0,0.0,0.0,0.0,True,0.0
0.74,penalty,1000.0,0.0,0.6521899566548922,0.0,2.617736421310976,0.6521899566548922,0.0,0.0,0.0,0.0,True,0.0
0.741,penalty,1000.0,0.0,0.6547978830762032,0.0,2.6079264213109763,0.6547978830762032,0.0,0.0,0.0,0.0,True,0.0
0.742,penalty,1000.0,0.0,0.6573959994975143,0.0,2.5981164213109764,0.6573959994975143,0.0,0.0,0.0,0.0,True,0.0
0.743,penalty,1000.0,0.0,0.6599843059188253,0.0,2.5883064213109765,0.6599843059188253,0.0,0.0,0.0,0.0,True,0.0
0.744,penalty,1000.0,0.0,0.6625628023401363,0.0,2.5784964213109767,0.6625628023401363,0.0,0.0,0.0,0.0,True,0.0
0.745,penalty,1000.0,0.0,0.6651314887614473,0.0,2.568686421310977,0.6651314887614473,0.0,0.0,0.0,0.0,True,0.0
0.746,penalty,1000.0,0.0,0.6676903651827584,0.0,2.558876421310977,0.6676903651827584,0.0,0.0,0.0,0.0,True,0.0
0.747,penalty,1000.0,0.0,0.6702394316040694,0.0,2.549066421310977,0.6702394316040694,0.0,0.0,0.0,0.0,True,0.0
0.748,penalty,1000.0,0.0,0.6727786880253804,0.0,2.539256421310977,0.6727786880253804,0.0,0.0,0.0,0.0,True,0.0
0.749,penalty,1000.0,0.0,0.6753081344466915,0.0,2.5294464213109773,0.6753081344466915,0.0,0.0,0.0,0.0,True,0.0
0.75,penalty,1000.0,0.0,0.6778277708680024,0.0,2.5196364213109774,0.6778277708680024,0.0,0.0,0.0,0.0,True,0.0
0.751,penalty,1000.0,0.0,0.6803375972893133,0.0,2.5098264213109776,0.6803375972893133,0.0,0.0,0.0,0.0,True,0.0
0.752,penalty,1000.0,0.0,0.6828376137106242,0.0,2.5000164213109777,0.6828376137106242,0.0,0.0,0.0,0.0,True,0.0
0.753,penalty,1000.0,0.0,0.6853278201319352,0.0,2.490206421310978,0.6853278201319352,0.0,0.0,0.0,0.0,True,0.0
0.754,penalty,1000.0,0.0,0.6878082165532461,0.0,2.480396421310978,0.6878082165532461,0.0,0.0,0.0,0.0,True,0.0
0.755,penalty,1000.0,0.0,0.690278802974557,0.0,2.470586421310978,0.690278802974557,0.0,0.0,0.0,0.0,True,0.0
0.756,penalty,1000.0,0.0,0.6927395793958679,0.0,2.460776421310978,0.6927395793958679,0.0,0.0,0.0,0.0,True,0.0
0.757,penalty,1000.0,0.0,0.6951905458171789,0.0,2.4509664213109783,0.6951905458171789,0.0,0.0,0.0,0.0,True,0.0
0.758,penalty,1000.0,0.0,0.6976317022384898,0.0,2.4411564213109784,0.6976317022384898,0.0,0.0,0.0,0.0,True,0.0
0.759,penalty,1000.0,0.0,0.7000630486598007,0.0,2.4313464213109786,0.7000630486598007,0.0,0.0,0.0,0.0,True,0.0
0.76,penalty,1000.0,0.0,0.7024845850811117,0.0,2.4215364213109787,0.7024845850811117,0.0,0.0,0.0,0.0,True,0.0
0.761,penalty,1000.0,0.0,0.7048963115024226,0.0,2.411726421310979,0.7048963115024226,0.0,0.0,0.0,0.0,True,0.0
0.762,penalty,1000.0,0.0,0.7072982279237335,0.0,2.401916421310979,0.7072982279237335,0.0,0.0,0.0,0.0,True,0.0
0.763,penalty,1000.0,0.0,0.7096903343450445,0.0,2.392106421310979,0.7096903343450445,0.0,0.0,0.0,0.0,True,0.0
0.764,penalty,1000.0,0.0,0.7120726307663554,0.0,2.382296421310979,0.7120726307663554,0.0,0.0,0.0,0.0,True,0.0
0.765,penalty,1000.0,0.0,0.7144451171876663,0.0,2.3724864213109793,0.7144451171876663,0.0,0.0,0.0,0.0,True,0.0
0.766,penalty,1000.0,0.0,0.7168077936089773,0.0,2.3626764213109794,0.7168077936089773,0.0,0.0,0.0,0.0,True,0.0
0.767,penalty,1000.0,0.0,0.7191606600302882,0.0,2.3528664213109796,0.7191606600302882,0.0,0.0,0.0,0.0,True,0.0
0.768,penalty,1000.0,0.0,0.7215037164515992,0.0,2.3430564213109797,0.7215037164515992,0.0,0.0,0.0,0.0,True,0.0
0.769,penalty,1000.0,0.0,0.7238369628729101,0.0,2.33324642131098,0.7238369628729101,0.0,0.0,0.0,0.0,True,0.0
0.77,penalty,1000.0,0.0,0.726160399294221,0.0,2.32343642131098,0.726160399294221,0.0,0.0,0.0,0.0,True,0.0
0.771,penalty,1000.0,0.0,0.728474025715532,0.0,2.31362642131098,0.728474025715532,0.0,0.0,0.0,0.0,True,0.0
0.772,penalty,1000.0,0.0,0.7307778421368429,0.0,2.30381642131098,0.7307778421368429,0.0,0.0,0.0,0.0,True,0.0
0.773,penalty,1000.0,0.0,0.7330718485581539,0.0,2.2940064213109803,0.7330718485581539,0.0,0.0,0.0,0.0,True,0.0
0.774,penalty,1000.0,0.0,0.7353560449794648,0.0,2.2841964213109804,0.7353560449794648,0.0,0.0,0.0,0.0,True,0.0
0.775,penalty,1000.0,0.0,0.7376304314007758,0.0,2.2743864213109806,0.7376304314007758,0.0,0.0,0.0,0.0,True,0.0
0.776,penalty,1000.0,0.0,0.7398950078220867,0.0,2.2645764213109807,0.7398950078220867,0.0,0.0,0.0,0.0,True,0.0
0.777,penalty,1000.0,0.0,0.7421497742433977,0.0,2.254766421310981,0.7421497742433977,0.0,0.0,0.0,0.0,True,0.0
0.778,penalty,1000.0,0.0,0.7443947306647086,0.0,2.244956421310981,0.7443947306647086,0.0,0.0,0.0,0.0,True,0.0
0.779,penalty,1000.0,0.0,0.7466298770860196,0.0,2.235146421310981,0.7466298770860196,0.0,0.0,0.0,0.0,True,0.0
0.78,penalty,1000.0,0.0,0.7488552135073305,0.0,2.225336421310981,0.7488552135073305,0.0,0.0,0.0,0.0,True,0.0
0.781,penalty,1000.0,0.0,0.7510707399286415,0.0,2.2155264213109813,0.7510707399286415,0.0,0.0,0.0,0.0,True,0.0
0.782,penalty,1000.0,0.0,0.7532764563499524,0.0,2.2057164213109814,0.7532764563499524,0.0,0.0,0.0,0.0,True,0.0
0.783,penalty,1000.0,0.0,0.7554723627712634,0.0,2.1959064213109816,0.7554723627712634,0.0,0.0,0.0,0.0,True,0.0
0.784,penalty,1000.0,0.0,0.7576584591925744,0.0,2.1860964213109817,0.7576584591925744,0.0,0.0,0.0,0.0,True,0.0
0.785,penalty,1000.0,0.0,0.7598347456138853,0.0,2.176286421310982,0.7598347456138853,0.0,0.0,0.0,0.0,True,0.0
0.786,penalty,1000.0,0.0,0.7620012220351963,0.0,2.166476421310982,0.7620012220351963,0.0,0.0,0.0,0.0,True,0.0
0.787,penalty,1000.0,0.0,0.7641578884565072,0.0,2.156666421310982,0.7641578884565072,0.0,0.0,0.0,0.0,True,0.0
0.788,penalty,1000.0,0.0,0.7663047448778182,0.0,2.146856421310982,0.7663047448778182,0.0,0.0,0.0,0.0,True,0.0
0.789,penalty,1000.0,0.0,0.7684417912991292,0.0,2.1370464213109823,0.7684417912991292,0.0,0.0,0.0,0.0,True,0.0
0.79,penalty,1000.0,0.0,0.7705690277204401,0.0,2.1272364213109825,0.7705690277204401,0.0,0.0,0.0,0.0,True,0.0
0.791,penalty,1000.0,0.0,0.7726864541417511,0.0,2.1174264213109826,0.7726864541417511,0.0,0.0,0.0,0.0,True,0.0
0.792,penalty,1000.0,0.0,0.774794070563062,0.0,2.1076164213109827,0.774794070563062,0.0,0.0,0.0,0.0,True,0.0
0.793,penalty,1000.0,0.0,0.776891876984373,0.0,2.097806421310983,0.776891876984373,0.0,0.0,0.0,0.0,True,0.0
0.794,penalty,1000.0,0.0,0.778979873405684,0.0,2.087996421310983,0.778979873405684,0.0,0.0,0.0,0.0,True,0.0
0.795,penalty,1000.0,0.0,0.7810580598269949,0.0,2.078186421310983,0.7810580598269949,0.0,0.0,0.0,0.0,True,0.0
0.796,penalty,1000.0,0.0,0.7831264362483059,0.0,2.068376421310983,0.7831264362483059,0.0,0.0,0.0,0.0,True,0.0
0.797,penalty,1000.0,0.0,0.7851850026696169,0.0,2.0585664213109833,0.7851850026696169,0.0,0.0,0.0,0.0,True,0.0
0.798,penalty,1000.0,0.0,0.7872337590909279,0.0,2.0487564213109835,0.7872337590909279,0.0,0.0,0.0,0.0,True,0.0
0.799,penalty,1000.0,0.0,0.7892727055122388,0.0,2.0389464213109836,0.7892727055122388,0.0,0.0,0.0,0.0,True,0.0
0.8,penalty,1000.0,0.0,0.7913018419335498,0.0,2.0291364213109837,0.7913018419335498,0.0,0.0,0.0,0.0,True,0.0
0.801,penalty,1000.0,0.0,0.7933211683548608,0.0,2.019326421310984,0.7933211683548608,0.0,0.0,0.0,0.0,True,0.0
0.802,penalty,1000.0,0.0,0.7953306847761717,0.0,2.009516421310984,0.7953306847761717,0.0,0.0,0.0,0.0,True,0.0
0.803,penalty,1000.0,0.0,0.7973303911974827,0.0,1.9997064213109839,0.7973303911974827,0.0,0.0,0.0,0.0,True,0.0
0.804,penalty,1000.0,0.0,0.7993202876187937,0.0,1.9898964213109838,0.7993202876187937,0.0,0.0,0.0,0.0,True,0.0
0.805,penalty,1000.0,0.0,0.8013003740401047,0.0,1.9800864213109837,0.8013003740401047,0.0,0.0,0.0,0.0,True,0.0
0.806,penalty,1000.0,0.0,0.8032706504614157,0.0,1.9702764213109836,0.8032706504614157,0.0,0.0,0.0,0.0,True,0.0
0.807,penalty,1000.0,0.0,0.8052311168827266,0.0,1.9604664213109835,0.8052311168827266,0.0,0.0,0.0,0.0,True,0.0
0.808,penalty,1000.0,0.0,0.8071817733040376,0.0,1.9506564213109834,0.8071817733040376,0.0,0.0,0.0,0.0,True,0.0
0.809,penalty,1000.0,0.0,0.8091226197253486,0.0,1.9408464213109833,0.8091226197253486,0.0,0.0,0.0,0.0,True,0.0
0.81,penalty,1000.0,0.0,0.8110536561466596,0.0,1.9310364213109832,0.8110536561466596,0.0,0.0,0.0,0.0,True,0.0
0.811,penalty,1000.0,0.0,0.8129748825679706,0.0,1.921226421310983,0.8129748825679706,0.0,0.0,0.0,0.0,True,0.0
0.812,penalty,1000.0,0.0,0.8148862989892816,0.0,1.911416421310983,0.8148862989892816,0.0,0.0,0.0,0.0,True,0.0
0.8130000000000001,penalty,1000.0,0.0,0.8167879054105925,0.0,1.901606421310983,0.8167879054105925,0.0,0.0,0.0,0.0,True,0.0
0.8140000000000001,penalty,1000.0,0.0,0.8186797018319035,0.0,1.8917964213109828,0.8186797018319035,0.0,0.0,0.0,0.0,True,0.0
0.8150000000000001,penalty,1000.0,0.0,0.8205616882532145,0.0,1.8819864213109827,0.8205616882532145,0.0,0.0,0.0,0.0,True,0.0
0.8160000000000001,penalty,1000.0,0.0,0.8224338646745255,0.0,1.8721764213109826,0.8224338646745255,0.0,0.0,0.0,0.0,True,0.0
0.8170000000000001,penalty,1000.0,0.0,0.8242962310958365,0.0,1.8623664213109825,0.8242962310958365,0.0,0.0,0.0,0.0,True,0.0
0.8180000000000001,penalty,1000.0,0.0,0.8261487875171475,0.0,1.8525564213109824,0.8261487875171475,0.0,0.0,0.0,0.0,True,0.0
0.8190000000000001,penalty,1000.0,0.0,0.8279915339384585,0.0,1.8427464213109823,0.8279915339384585,0.0,0.0,0.0,0.0,True,0.0
0.8200000000000001,penalty,1000.0,0.0,0.8298244703597695,0.0,1.8329364213109822,0.8298244703597695,0.0,0.0,0.0,0.0,True,0.0
0.8210000000000001,penalty,1000.0,0.0,0.8316475967810805,0.0,1.8231264213109821,0.8316475967810805,0.0,0.0,0.0,0.0,True,0.0
0.8220000000000001,penalty,1000.0,0.0,0.8334609132023915,0.0,1.813316421310982,0.8334609132023915,0.0,0.0,0.0,0.0,True,0.0
0.8230000000000001,penalty,1000.0,0.0,0.8352644196237025,0.0,1.803506421310982,0.8352644196237025,0.0,0.0,0.0,0.0,True,0.0
0.8240000000000001,penalty,1000.0,0.0,0.8370581160450135,0.0,1.7936964213109818,0.8370581160450135,0.0,0.0,0.0,0.0,True,0.0
0.8250000000000001,penalty,1000.0,0.0,0.8388420024663245,0.0,1.7838864213109817,0.8388420024663245,0.0,0.0,0.0,0.0,True,0.0
0.8260000000000001,penalty,1000.0,0.0,0.8406160788876355,0.0,1.7740764213109816,0.8406160788876355,0.0,0.0,0.0,0.0,True,0.0
0.8270000000000001,penalty,1000.0,0.0,0.8423803453089465,0.0,1.7642664213109815,0.8423803453089465,0.0,0.0,0.0,0.0,True,0.0
0.8280000000000001,penalty,1000.0,0.0,0.8441348017302575,0.0,1.7544564213109815,0.8441348017302575,0.0,0.0,0.0,0.0,True,0.0
0.8290000000000001,penalty,1000.0,0.0,0.8458794481515685,0.0,1.7446464213109814,0.8458794481515685,0.0,0.0,0.0,0.0,True,0.0
0.8300000000000001,penalty,1000.0,0.0,0.8476142845728795,0.0,1.7348364213109813,0.8476142845728795,0.0,0.0,0.0,0.0,True,0.0
0.8310000000000001,penalty,1000.0,0.0,0.8493393109941905,0.0,1.7250264213109812,0.8493393109941905,0.0,0.0,0.0,0.0,True,0.0
0.8320000000000001,penalty,1000.0,0.0,0.8510545274155015,0.0,1.715216421310981,0.8510545274155015,0.0,0.0,0.0,0.0,True,0.0
0.833,penalty,1000.0,0.0,0.8527599338368125,0.0,1.705406421310981,0.8527599338368125,0.0,0.0,0.0,0.0,True,0.0
0.834,penalty,1000.0,0.0,0.8544555302581235,0.0,1.6955964213109809,0.8544555302581235,0.0,0.0,0.0,0.0,True,0.0
0.835,penalty,1000.0,0.0,0.8561413166794345,0.0,1.6857864213109808,0.8561413166794345,0.0,0.0,0.0,0.0,True,0.0
0.836,penalty,1000.0,0.0,0.8578172931007455,0.0,1.6759764213109807,0.8578172931007455,0.0,0.0,0.0,0.0,True,0.0
0.837,penalty,1000.0,0.0,0.8594834595220565,0.0,1.6661664213109806,0.8594834595220565,0.0,0.0,0.0,0.0,True,0.0
0.838,penalty,1000.0,0.0,0.8611398159433675,0.0,1.6563564213109805,0.8611398159433675,0.0,0.0,0.0,0.0,True,0.0
0.839,penalty,1000.0,0.0,0.8627863623646785,0.0,1.6465464213109804,0.8627863623646785,0.0,0.0,0.0,0.0,True,0.0
0.84,penalty,1000.0,0.0,0.8644230987859896,0.0,1.6367364213109803,0.8644230987859896,0.0,0.0,0.0,0.0,True,0.0
0.841,penalty,1000.0,0.0,0.8660500252073006,0.0,1.6269264213109802,0.8660500252073006,0.0,0.0,0.0,0.0,True,0.0
0.842,penalty,1000.0,0.0,0.8676671416286116,0.0,1.61711642131098,0.8676671416286116,0.0,0.0,0.0,0.0,True,0.0
0.843,penalty,1000.0,0.0,0.8692744480499226,0.0,1.60730642131098,0.8692744480499226,0.0,0.0,0.0,0.0,True,0.0
0.844,penalty,1000.0,0.0,0.8708719444712336,0.0,1.59749642131098,0.8708719444712336,0.0,0.0,0.0,0.0,True,0.0
0.845,penalty,1000.0,0.0,0.8724596308925446,0.0,1.5876864213109798,0.8724596308925446,0.0,0.0,0.0,0.0,True,0.0
0.846,penalty,1000.0,0.0,0.8740375073138557,0.0,1.5778764213109797,0.8740375073138557,0.0,0.0,0.0,0.0,True,0.0
0.847,penalty,1000.0,0.0,0.8756055737351667,0.0,1.5680664213109796,0.8756055737351667,0.0,0.0,0.0,0.0,True,0.0
0.848,penalty,1000.0,0.0,0.8771638301564777,0.0,1.5582564213109795,0.8771638301564777,0.0,0.0,0.0,0.0,True,0.0
0.849,penalty,1000.0,0.0,0.8787122765777887,0.0,1.5484464213109794,0.8787122765777887,0.0,0.0,0.0,0.0,True,0.0
0.85,penalty,1000.0,0.0,0.8802509129990997,0.0,1.5386364213109793,0.8802509129990997,0.0,0.0,0.0,0.0,True,0.0
0.851,penalty,1000.0,0.0,0.8817797394204108,0.0,1.5288264213109792,0.8817797394204108,0.0,0.0,0.0,0.0,True,0.0
0.852,penalty,1000.0,0.0,0.8832987558417218,0.0,1.5190164213109791,0.8832987558417218,0.0,0.0,0.0,0.0,True,0.0
0.853,penalty,1000.0,0.0,0.8848079622630328,0.0,1.509206421310979,0.8848079622630328,0.0,0.0,0.0,0.0,True,0.0
0.854,penalty,1000.0,0.0,0.8863073586843438,0.0,1.499396421310979,0.8863073586843438,0.0,0.0,0.0,0.0,True,0.0
0.855,penalty,1000.0,0.0,0.8877969451056549,0.0,1.4895864213109788,0.8877969451056549,0.0,0.0,0.0,0.0,True,0.0
0.856,penalty,1000.0,0.0,0.8892767215269659,0.0,1.4797764213109788,0.8892767215269659,0.0,0.0,0.0,0.0,True,0.0
0.857,penalty,1000.0,0.0,0.8907466879482769,0.0,1.4699664213109787,0.8907466879482769,0.0,0.0,0.0,0.0,True,0.0
0.858,penalty,1000.0,0.0,0.892206844369588,0.0,1.4601564213109786,0.892206844369588,0.0,0.0,0.0,0.0,True,0.0
0.859,penalty,1000.0,0.0,0.893657190790899,0.0,1.4503464213109785,0.893657190790899,0.0,0.0,0.0,0.0,True,0.0
0.86,penalty,1000.0,0.0,0.89509772721221,0.0,1.4405364213109784,0.89509772721221,0.0,0.0,0.0,0.0,True,0.0
0.861,penalty,1000.0,0.0,0.896528453633521,0.0,1.4307264213109783,0.896528453633521,0.0,0.0,0.0,0.0,True,0.0
0.862,penalty,1000.0,0.0,0.8979493700548319,0.0,1.4209164213109782,0.8979493700548319,0.0,0.0,0.0,0.0,True,0.0
0.863,penalty,1000.0,0.0,0.8993604764761428,0.0,1.411106421310978,0.8993604764761428,0.0,0.0,0.0,0.0,True,0.0
0.864,penalty,1000.0,0.0,0.9007617728974537,0.0,1.401296421310978,0.9007617728974537,0.0,0.0,0.0,0.0,True,0.0
0.865,penalty,1000.0,0.0,0.9021532593187647,0.0,1.3914864213109779,0.9021532593187647,0.0,0.0,0.0,0.0,True,0.0
0.866,penalty,1000.0,0.0,0.9035349357400756,0.0,1.3816764213109778,0.9035349357400756,0.0,0.0,0.0,0.0,True,0.0
0.867,penalty,1000.0,0.0,0.9049068021613865,0.0,1.3718664213109777,0.9049068021613865,0.0,0.0,0.0,0.0,True,0.0
0.868,penalty,1000.0,0.0,0.9062688585826975,0.0,1.3620564213109776,0.9062688585826975,0.0,0.0,0.0,0.0,True,0.0
0.869,penalty,1000.0,0.0,0.9076211050040084,0.0,1.3522464213109775,0.9076211050040084,0.0,0.0,0.0,0.0,True,0.0
0.87,penalty,1000.0,0.0,0.9089635414253193,0.0,1.3424364213109774,0.9089635414253193,0.0,0.0,0.0,0.0,True,0.0
0.871,penalty,1000.0,0.0,0.9102961678466303,0.0,1.3326264213109773,0.9102961678466303,0.0,0.0,0.0,0.0,True,0.0
0.872,penalty,1000.0,0.0,0.9116189842679412,0.0,1.3228164213109772,0.9116189842679412,0.0,0.0,0.0,0.0,True,0.0
0.873,penalty,1000.0,0.0,0.9129319906892521,0.0,1.3130064213109771,0.9129319906892521,0.0,0.0,0.0,0.0,True,0.0
0.874,penalty,1000.0,0.0,0.9142351871105631,0.0,1.303196421310977,0.9142351871105631,0.0,0.0,0.0,0.0,True,0.0
0.875,penalty,1000.0,0.0,0.915528573531874,0.0,1.293386421310977,0.915528573531874,0.0,0.0,0.0,0.0,True,0.0
0.876,penalty,1000.0,0.0,0.9168121499531849,0.0,1.2835764213109768,0.9168121499531849,0.0,0.0,0.0,0.0,True,0.0
0.877,penalty,1000.0,0.0,0.9180859163744959,0.0,1.2737664213109767,0.9180859163744959,0.0,0.0,0.0,0.0,True,0.0
0.878,penalty,1000.0,0.0,0.9193498727958068,0.0,1.2639564213109766,0.9193498727958068,0.0,0.0,0.0,0.0,True,0.0
0.879,penalty,1000.0,0.0,0.9206040192171178,0.0,1.2541464213109765,0.9206040192171178,0.0,0.0,0.0,0.0,True,0.0
0.88,penalty,1000.0,0.0,0.9218483556384287,0.0,1.2443364213109764,0.9218483556384287,0.0,0.0,0.0,0.0,True,0.0
0.881,penalty,1000.0,0.0,0.9230828820597397,0.0,1.2345264213109763,0.9230828820597397,0.0,0.0,0.0,0.0,True,0.0
0.882,penalty,1000.0,0.0,0.9243075984810506,0.0,1.2247164213109762,0.9243075984810506,0.0,0.0,0.0,0.0,True,0.0
0.883,penalty,1000.0,0.0,0.9255225049023615,0.0,1.2149064213109761,0.9255225049023615,0.0,0.0,0.0,0.0,True,0.0
0.884,penalty,1000.0,0.0,0.9267276013236725,0.0,1.205096421310976,0.9267276013236725,0.0,0.0,0.0,0.0,True,0.0
0.885,penalty,1000.0,0.0,0.9279228877449834,0.0,1.195286421310976,0.9279228877449834,0.0,0.0,0.0,0.0,True,0.0
0.886,penalty,1000.0,0.0,0.9291083641662944,0.0,1.1854764213109759,0.9291083641662944,0.0,0.0,0.0,0.0,True,0.0
0.887,penalty,1000.0,0.0,0.9302840305876053,0.0,1.1756664213109758,0.9302840305876053,0.0,0.0,0.0,0.0,True,0.0
0.888,penalty,1000.0,0.0,0.9314498870089163,0.0,1.1658564213109757,0.9314498870089163,0.0,0.0,0.0,0.0,True,0.0
0.889,penalty,1000.0,0.0,0.9326059334302272,0.0,1.1560464213109756,0.9326059334302272,0.0,0.0,0.0,0.0,True,0.0
0.89,penalty,1000.0,0.0,0.9337521698515382,0.0,1.1462364213109755,0.9337521698515382,0.0,0.0,0.0,0.0,True,0.0
0.891,penalty,1000.0,0.0,0.9348885962728491,0.0,1.1364264213109754,0.9348885962728491,0.0,0.0,0.0,0.0,True,0.0
0.892,penalty,1000.0,0.0,0.9360152126941601,0.0,1.1266164213109753,0.9360152126941601,0.0,0.0,0.0,0.0,True,0.0
0.893,penalty,1000.0,0.0,0.9371320191154711,0.0,1.1168064213109752,0.9371320191154711,0.0,0.0,0.0,0.0,True,0.0
0.894,penalty,1000.0,0.0,0.938239015536782,0.0,1.106996421310975,0.938239015536782,0.0,0.0,0.0,0.0,True,0.0
0.895,penalty,1000.0,0.0,0.939336201958093,0.0,1.097186421310975,0.939336201958093,0.0,0.0,0.0,0.0,True,0.0
0.896,penalty,1000.0,0.0,0.9404235783794039,0.0,1.087376421310975,0.9404235783794039,0.0,0.0,0.0,0.0,True,0.0
0.897,penalty,1000.0,0.0,0.9415011448007149,0.0,1.0775664213109748,0.9415011448007149,0.0,0.0,0.0,0.0,True,0.0
0.898,penalty,1000.0,0.0,0.9425689012220259,0.0,1.0677564213109747,0.9425689012220259,0.0,0.0,0.0,0.0,True,0.0
0.899,penalty,1000.0,0.0,0.9436268476433368,0.0,1.0579464213109746,0.9436268476433368,0.0,0.0,0.0,0.0,True,0.0
0.9,penalty,1000.0,0.0,0.9446749840646478,0.0,1.0481364213109745,0.9446749840646478,0.0,0.0,0.0,0.0,True,0.0
0.901,penalty,1000.0,0.0,0.9457133104859587,0.0,1.0383264213109744,0.9457133104859587,0.0,0.0,0.0,0.0,True,0.0
0.902,penalty,1000.0,0.0,0.9467418269072697,0.0,1.0285164213109743,0.9467418269072697,0.0,0.0,0.0,0.0,True,0.0
0.903,penalty,1000.0,0.0,0.9477605333285807,0.0,1.0187064213109742,0.9477605333285807,0.0,0.0,0.0,0.0,True,0.0
0.904,penalty,1000.0,0.0,0.9487694297498916,0.0,1.0088964213109741,0.9487694297498916,0.0,0.0,0.0,0.0,True,0.0
0.905,penalty,1000.0,0.0,0.9497685161712026,0.0,0.9990864213109741,0.9497685161712026,0.0,0.0,0.0,0.0,True,0.0
0.906,penalty,1000.0,0.0,0.9507577925925136,0.0,0.9892764213109742,0.9507577925925136,0.0,0.0,0.0,0.0,True,0.0
0.907,penalty,1000.0,0.0,0.9517372590138246,0.0,0.9794664213109742,0.9517372590138246,0.0,0.0,0.0,0.0,True,0.0
0.908,penalty,1000.0,0.0,0.9527069154351355,0.0,0.9696564213109742,0.9527069154351355,0.0,0.0,0.0,0.0,True,0.0
0.909,penalty,1000.0,0.0,0.9536667618564465,0.0,0.9598464213109742,0.9536667618564465,0.0,0.0,0.0,0.0,True,0.0
0.91,penalty,1000.0,0.0,0.9546167982777575,0.0,0.9500364213109742,0.9546167982777575,0.0,0.0,0.0,0.0,True,0.0
0.911,penalty,1000.0,0.0,0.9555570246990684,0.0,0.9402264213109742,0.9555570246990684,0.0,0.0,0.0,0.0,True,0.0
0.912,penalty,1000.0,0.0,0.9564874411203794,0.0,0.9304164213109742,0.9564874411203794,0.0,0.0,0.0,0.0,True,0.0
0.913,penalty,1000.0,0.0,0.9574080475416904,0.0,0.9206064213109743,0.9574080475416904,0.0,0.0,0.0,0.0,True,0.0
0.914,penalty,1000.0,0.0,0.9583188439630014,0.0,0.9107964213109743,0.9583188439630014,0.0,0.0,0.0,0.0,True,0.0
0.915,penalty,1000.0,0.0,0.9592198303843124,0.0,0.9009864213109743,0.9592198303843124,0.0,0.0,0.0,0.0,True,0.0
0.916,penalty,1000.0,0.0,0.9601110068056233,0.0,0.8911764213109743,0.9601110068056233,0.0,0.0,0.0,0.0,True,0.0
0.917,penalty,1000.0,0.0,0.9609923732269343,0.0,0.8813664213109743,0.9609923732269343,0.0,0.0,0.0,0.0,True,0.0
0.918,penalty,1000.0,0.0,0.9618639296482453,0.0,0.8715564213109743,0.9618639296482453,0.0,0.0,0.0,0.0,True,0.0
0.919,penalty,1000.0,0.0,0.9627256760695563,0.0,0.8617464213109743,0.9627256760695563,0.0,0.0,0.0,0.0,True,0.0
0.92,penalty,1000.0,0.0,0.9635776124908673,0.0,0.8519364213109744,0.9635776124908673,0.0,0.0,0.0,0.0,True,0.0
0.921,penalty,1000.0,0.0,0.9644197389121782,0.0,0.8421264213109744,0.9644197389121782,0.0,0.0,0.0,0.0,True,0.0
0.922,penalty,1000.0,0.0,0.9652520553334892,0.0,0.8323164213109744,0.9652520553334892,0.0,0.0,0.0,0.0,True,0.0
0.923,penalty,1000.0,0.0,0.9660745617548002,0.0,0.8225064213109744,0.9660745617548002,0.0,0.0,0.0,0.0,True,0.0
0.924,penalty,1000.0,0.0,0.9668872581761112,0.0,0.8126964213109744,0.9668872581761112,0.0,0.0,0.0,0.0,True,0.0
0.925,penalty,1000.0,0.0,0.9676901445974222,0.0,0.8028864213109744,0.9676901445974222,0.0,0.0,0.0,0.0,True,0.0
0.926,penalty,1000.0,0.0,0.9684832210187332,0.0,0.7930764213109744,0.9684832210187332,0.0,0.0,0.0,0.0,True,0.0
0.927,penalty,1000.0,0.0,0.9692664874400442,0.0,0.7832664213109745,0.9692664874400442,0.0,0.0,0.0,0.0,True,0.0
0.928,penalty,1000.0,0.0,0.9700399438613552,0.0,0.7734564213109745,0.9700399438613552,0.0,0.0,0.0,0.0,True,0.0
0.929,penalty,1000.0,0.0,0.9708035902826662,0.0,0.7636464213109745,0.9708035902826662,0.0,0.0,0.0,0.0,True,0.0
0.93,penalty,1000.0,0.0,0.9715574267039772,0.0,0.7538364213109745,0.9715574267039772,0.0,0.0,0.0,0.0,True,0.0
0.931,penalty,1000.0,0.0,0.9723014531252882,0.0,0.7440264213109745,0.9723014531252882,0.0,0.0,0.0,0.0,True,0.0
0.932,penalty,1000.0,0.0,0.9730356695465991,0.0,0.7342164213109745,0.9730356695465991,0.0,0.0,0.0,0.0,True,0.0
0.933,penalty,1000.0,0.0,0.9737600759679101,0.0,0.7244064213109745,0.9737600759679101,0.0,0.0,0.0,0.0,True,0.0
0.934,penalty,1000.0,0.0,0.9744746723892211,0.0,0.7145964213109746,0.9744746723892211,0.0,0.0,0.0,0.0,True,0.0
0.935,penalty,1000.0,0.0,0.9751794588105321,0.0,0.7047864213109746,0.9751794588105321,0.0,0.0,0.0,0.0,True,0.0
0.936,penalty,1000.0,0.0,0.9758744352318431,0.0,0.6949764213109746,0.9758744352318431,0.0,0.0,0.0,0.0,True,0.0
0.937,penalty,1000.0,0.0,0.9765596016531541,0.0,0.6851664213109746,0.9765596016531541,0.0,0.0,0.0,0.0,True,0.0
0.9380000000000001,penalty,1000.0,0.0,0.9772349580744651,0.0,0.6753564213109746,0.9772349580744651,0.0,0.0,0.0,0.0,True,0.0
0.9390000000000001,penalty,1000.0,0.0,0.9779005044957761,0.0,0.6655464213109746,0.9779005044957761,0.0,0.0,0.0,0.0,True,0.0
0.9400000000000001,penalty,1000.0,0.0,0.9785562409170872,0.0,0.6557364213109746,0.9785562409170872,0.0,0.0,0.0,0.0,True,0.0
0.9410000000000001,penalty,1000.0,0.0,0.9792021673383982,0.0,0.6459264213109747,0.9792021673383982,0.0,0.0,0.0,0.0,True,0.0
0.9420000000000001,penalty,1000.0,0.0,0.9798382837597092,0.0,0.6361164213109747,0.9798382837597092,0.0,0.0,0.0,0.0,True,0.0
0.9430000000000001,penalty,1000.0,0.0,0.9804645901810202,0.0,0.6263064213109747,0.9804645901810202,0.0,0.0,0.0,0.0,True,0.0
0.9440000000000001,penalty,1000.0,0.0,0.9810810866023312,0.0,0.6164964213109747,0.9810810866023312,0.0,0.0,0.0,0.0,True,0.0
0.9450000000000001,penalty,1000.0,0.0,0.9816877730236422,0.0,0.6066864213109747,0.9816877730236422,0.0,0.0,0.0,0.0,True,0.0
0.9460000000000001,penalty,1000.0,0.0,0.9822846494449532,0.0,0.5968764213109747,0.9822846494449532,0.0,0.0,0.0,0.0,True,0.0
0.9470000000000001,penalty,1000.0,0.0,0.9828717158662642,0.0,0.5870664213109748,0.9828717158662642,0.0,0.0,0.0,0.0,True,0.0
0.9480000000000001,penalty,1000.0,0.0,0.9834489722875752,0.0,0.5772564213109748,0.9834489722875752,0.0,0.0,0.0,0.0,True,0.0
0.9490000000000001,penalty,1000.0,0.0,0.9840164187088862,0.0,0.5674464213109748,0.9840164187088862,0.0,0.0,0.0,0.0,True,0.0
0.9500000000000001,penalty,1000.0,0.0,0.9845740551301972,0.0,0.5576364213109748,0.9845740551301972,0.0,0.0,0.0,0.0,True,0.0
0.9510000000000001,penalty,1000.0,0.0,0.9851218815515083,0.0,0.5478264213109748,0.9851218815515083,0.0,0.0,0.0,0.0,True,0.0
0.9520000000000001,penalty,1000.0,0.0,0.9856598979728193,0.0,0.5380164213109748,0.9856598979728193,0.0,0.0,0.0,0.0,True,0.0
0.9530000000000001,penalty,1000.0,0.0,0.9861881043941303,0.0,0.5282064213109748,0.9861881043941303,0.0,0.0,0.0,0.0,True,0.0
0.9540000000000001,penalty,1000.0,0.0,0.9867065008154413,0.0,0.5183964213109749,0.9867065008154413,0.0,0.0,0.0,0.0,True,0.0
0.9550000000000001,penalty,1000.0,0.0,0.9872150872367523,0.0,0.5085864213109749,0.9872150872367523,0.0,0.0,0.0,0.0,True,0.0
0.9560000000000001,penalty,1000.0,0.0,0.9877138636580634,0.0,0.4987764213109749,0.9877138636580634,0.0,0.0,0.0,0.0,True,0.0
0.9570000000000001,penalty,1000.0,0.0,0.9882028300793744,0.0,0.4889664213109749,0.9882028300793744,0.0,0.0,0.0,0.0,True,0.0
0.9580000000000001,penalty,1000.0,0.0,0.9886819865006854,0.0,0.4791564213109749,0.9886819865006854,0.0,0.0,0.0,0.0,True,0.0
0.9590000000000001,penalty,1000.0,0.0,0.9891513329219964,0.0,0.4693464213109749,0.9891513329219964,0.0,0.0,0.0,0.0,True,0.0
0.96,penalty,1000.0,0.0,0.9896108693433074,0.0,0.45953642131097494,0.9896108693433074,0.0,0.0,0.0,0.0,True,0.0
0.961,penalty,1000.0,0.0,0.9900605957646185,0.0,0.44972642131097496,0.9900605957646185,0.0,0.0,0.0,0.0,True,0.0
0.962,penalty,1000.0,0.0,0.9905005121859295,0.0,0.43991642131097497,0.9905005121859295,0.0,0.0,0.0,0.0,True,0.0
0.963,penalty,1000.0,0.0,0.9909306186072405,0.0,0.430106421310975,0.9909306186072405,0.0,0.0,0.0,0.0,True,0.0
0.964,penalty,1000.0,0.0,0.9913509150285515,0.0,0.420296421310975,0.9913509150285515,0.0,0.0,0.0,0.0,True,0.0
0.965,penalty,1000.0,0.0,0.9917614014498626,0.0,0.410486421310975,0.9917614014498626,0.0,0.0,0.0,0.0,True,0.0
0.966,penalty,1000.0,0.0,0.9921620778711736,0.0,0.40067642131097503,0.9921620778711736,0.0,0.0,0.0,0.0,True,0.0
0.967,penalty,1000.0,0.0,0.9925529442924845,0.0,0.39086642131097504,0.9925529442924845,0.0,0.0,0.0,0.0,True,0.0
0.968,penalty,1000.0,0.0,0.9929340007137955,0.0,0.38105642131097506,0.9929340007137955,0.0,0.0,0.0,0.0,True,0.0
0.969,penalty,1000.0,0.0,0.9933052471351064,0.0,0.37124642131097507,0.9933052471351064,0.0,0.0,0.0,0.0,True,0.0
0.97,penalty,1000.0,0.0,0.9936666835564173,0.0,0.3614364213109751,0.9936666835564173,0.0,0.0,0.0,0.0,True,0.0
0.971,penalty,1000.0,0.0,0.9940183099777282,0.0,0.3516264213109751,0.9940183099777282,0.0,0.0,0.0,0.0,True,0.0
0.972,penalty,1000.0,0.0,0.9943601263990391,0.0,0.3418164213109751,0.9943601263990391,0.0,0.0,0.0,0.0,True,0.0
0.973,penalty,1000.0,0.0,0.9946921328203501,0.0,0.33200642131097513,0.9946921328203501,0.0,0.0,0.0,0.0,True,0.0
0.974,penalty,1000.0,0.0,0.995014329241661,0.0,0.32219642131097515,0.995014329241661,0.0,0.0,0.0,0.0,True,0.0
0.975,penalty,1000.0,0.0,0.9953267156629719,0.0,0.31238642131097516,0.9953267156629719,0.0,0.0,0.0,0.0,True,0.0
0.976,penalty,1000.0,0.0,0.9956292920842829,0.0,0.3025764213109752,0.9956292920842829,0.0,0.0,0.0,0.0,True,0.0
0.977,penalty,1000.0,0.0,0.9959220585055938,0.0,0.2927664213109752,0.9959220585055938,0.0,0.0,0.0,0.0,True,0.0
0.978,penalty,1000.0,0.0,0.9962050149269047,0.0,0.2829564213109752,0.9962050149269047,0.0,0.0,0.0,0.0,True,0.0
0.979,penalty,1000.0,0.0,0.9964781613482157,0.0,0.2731464213109752,0.9964781613482157,0.0,0.0,0.0,0.0,True,0.0
0.98,penalty,1000.0,0.0,0.9967414977695266,0.0,0.26333642131097523,0.9967414977695266,0.0,0.0,0.0,0.0,True,0.0
0.981,penalty,1000.0,0.0,0.9969950241908375,0.0,0.25352642131097525,0.9969950241908375,0.0,0.0,0.0,0.0,True,0.0
0.982,penalty,1000.0,0.0,0.9972387406121485,0.0,0.24371642131097523,0.9972387406121485,0.0,0.0,0.0,0.0,True,0.0
0.983,penalty,1000.0,0.0,0.9974726470334594,0.0,0.23390642131097522,0.9974726470334594,0.0,0.0,0.0,0.0,True,0.0
0.984,penalty,1000.0,0.0,0.9976967434547703,0.0,0.2240964213109752,0.9976967434547703,0.0,0.0,0.0,0.0,True,0.0
0.985,penalty,1000.0,0.0,0.9979110298760813,0.0,0.2142864213109752,0.9979110298760813,0.0,0.0,0.0,0.0,True,0.0
0.986,penalty,1000.0,0.0,0.9981155062973922,0.0,0.20447642131097518,0.9981155062973922,0.0,0.0,0.0,0.0,True,0.0
0.987,penalty,1000.0,0.0,0.9983101727187031,0.0,0.19466642131097517,0.9983101727187031,0.0,0.0,0.0,0.0,True,0.0
0.988,penalty,1000.0,0.0,0.9984950291400141,0.0,0.18485642131097516,0.9984950291400141,0.0,0.0,0.0,0.0,True,0.0
0.989,penalty,1000.0,0.0,0.998670075561325,0.0,0.17504642131097514,0.998670075561325,0.0,0.0,0.0,0.0,True,0.0
0.99,penalty,1000.0,0.0,0.998835311982636,0.0,0.16523642131097513,0.998835311982636,0.0,0.0,0.0,0.0,True,0.0
0.991,penalty,1000.0,0.0,0.9989907384039469,0.0,0.15542642131097512,0.9989907384039469,0.0,0.0,0.0,0.0,True,0.0
0.992,penalty,1000.0,0.0,0.9991363548252579,0.0,0.1456164213109751,0.9991363548252579,0.0,0.0,0.0,0.0,True,0.0
0.993,penalty,1000.0,0.0,0.9992721612465688,0.0,0.1358064213109751,0.9992721612465688,0.0,0.0,0.0,0.0,True,0.0
0.994,penalty,1000.0,0.0,0.9993981576678798,0.0,0.12599642131097508,0.9993981576678798,0.0,0.0,0.0,0.0,True,0.0
0.995,penalty,1000.0,0.0,0.9995143440891907,0.0,0.11618642131097508,0.9995143440891907,0.0,0.0,0.0,0.0,True,0.0
0.996,penalty,1000.0,0.0,0.9996207205105017,0.0,0.10637642131097508,0.9996207205105017,0.0,0.0,0.0,0.0,True,0.0
0.997,penalty,1000.0,0.0,0.9997172869318126,0.0,0.09656642131097508,0.9997172869318126,0.0,0.0,0.0,0.0,True,0.0
0.998,penalty,1000.0,0.0,0.9998040433531236,0.0,0.08675642131097508,0.9998040433531236,0.0,0.0,0.0,0.0,True,0.0
0.999,penalty,1000.0,0.0,0.9998809897744345,0.0,0.07694642131097508,0.9998809897744345,0.0,0.0,0.0,0.0,True,0.0
1.0,penalty,1000.0,0.0,0.9999481261957455,0.0,0.06713642131097508,0.9999481261957455,0.0,0.0,0.0,0.0,True,0.0
0.0,penalty,10000.0,0.0,1.0,0.0,0.0,1.0,0.0,0.0,0.0,0.0,True,0.0
0.001,penalty,10000.0,0.0,0.99999019,0.0,-0.009810000000000001,0.99999019,0.0,0.0,0.0,0.0,True,0.0
0.002,penalty,10000.0,0.0,0.99997057,0.0,-0.019620000000000002,0.99997057,0.0,0.0,0.0,0.0,True,0.0
0.003,penalty,10000.0,0.0,0.99994114,0.0,-0.029430000000000005,0.99994114,0.0,0.0,0.0,0.0,True,0.0
0.004,penalty,10000.0,0.0,0.9999019,0.0,-0.039240000000000004,0.9999019,0.0,0.0,0.0,0.0,True,0.0
0.005,penalty,10000.0,0.0,0.99985285,0.0,-0.04905,0.99985285,0.0,0.0,0.0,0.0,True,0.0
0.006,penalty,10000.0,0.0,0.99979399,0.0,-0.05886,0.99979399,0.0,0.0,0.0,0.0,True,0.0
0.007,penalty,10000.0,0.0,0.99972532,0.0,-0.06867000000000001,0.99972532,0.0,0.0,0.0,0.0,True,0.0
0.008,penalty,10000.0,0.0,0.99964684,0.0,-0.07848000000000001,0.99964684,0.0,0.0,0.0,0.0,True,0.0
0.009000000000000001,penalty,10000.0,0.0,0.99955855,0.0,-0.08829000000000001,0.99955855,0.0,0.0,0.0,0.0,True,0.0
0.01,penalty,10000.0,0.0,0.9994604500000001,0.0,-0.0981,0.9994604500000001,0.0,0.0,0.0,0.0,True,0.0
0.011,penalty,10000.0,0.0,0.9993525400000001,0.0,-0.10791,0.9993525400000001,0.0,0.0,0.0,0.0,True,0.0
0.012,penalty,10000.0,0.0,0.9992348200000001,0.0,-0.11772,0.9992348200000001,0.0,0.0,0.0,0.0,True,0.0
0.013000000000000001,penalty,10000.0,0.0,0.9991072900000001,0.0,-0.12753,0.9991072900000001,0.0,0.0,0.0,0.0,True,0.0
0.014,penalty,10000.0,0.0,0.9989699500000001,0.0,-0.13734000000000002,0.9989699500000001,0.0,0.0,0.0,0.0,True,0.0
0.015,penalty,10000.0,0.0,0.9988228000000001,0.0,-0.14715000000000003,0.9988228000000001,0.0,0.0,0.0,0.0,True,0.0
0.016,penalty,10000.0,0.0,0.9986658400000001,0.0,-0.15696000000000004,0.9986658400000001,0.0,0.0,0.0,0.0,True,0.0
0.017,penalty,10000.0,0.0,0.9984990700000002,0.0,-0.16677000000000006,0.9984990700000002,0.0,0.0,0.0,0.0,True,0.0
0.018000000000000002,penalty,10000.0,0.0,0.9983224900000002,0.0,-0.17658000000000007,0.9983224900000002,0.0,0.0,0.0,0.0,True,0.0
0.019,penalty,10000.0,0.0,0.9981361000000002,0.0,-0.18639000000000008,0.9981361000000002,0.0,0.0,0.0,0.0,True,0.0
0.02,penalty,10000.0,0.0,0.9979399000000002,0.0,-0.1962000000000001,0.9979399000000002,0.0,0.0,0.0,0.0,True,0.0
0.021,penalty,10000.0,0.0,0.9977338900000002,0.0,-0.2060100000000001,0.9977338900000002,0.0,0.0,0.0,0.0,True,0.0
0.022,penalty,10000.0,0.0,0.9975180700000003,0.0,-0.21582000000000012,0.9975180700000003,0.0,0.0,0.0,0.0,True,0.0
0.023,penalty,10000.0,0.0,0.9972924400000003,0.0,-0.22563000000000014,0.9972924400000003,0.0,0.0,0.0,0.0,True,0.0
0.024,penalty,10000.0,0.0,0.9970570000000003,0.0,-0.23544000000000015,0.9970570000000003,0.0,0.0,0.0,0.0,True,0.0
0.025,penalty,10000.0,0.0,0.9968117500000003,0.0,-0.24525000000000016,0.9968117500000003,0.0,0.0,0.0,0.0,True,0.0
0.026000000000000002,penalty,10000.0,0.0,0.9965566900000004,0.0,-0.2550600000000002,0.9965566900000004,0.0,0.0,0.0,0.0,True,0.0
0.027,penalty,10000.0,0.0,0.9962918200000004,0.0,-0.26487000000000016,0.9962918200000004,0.0,0.0,0.0,0.0,True,0.0
0.028,penalty,10000.0,0.0,0.9960171400000004,0.0,-0.27468000000000015,0.9960171400000004,0.0,0.0,0.0,0.0,True,0.0
0.029,penalty,10000.0,0.0,0.9957326500000004,0.0,-0.28449000000000013,0.9957326500000004,0.0,0.0,0.0,0.0,True,0.0
0.03,penalty,10000.0,0.0,0.9954383500000005,0.0,-0.2943000000000001,0.9954383500000005,0.0,0.0,0.0,0.0,True,0.0
0.031,penalty,10000.0,0.0,0.9951342400000005,0.0,-0.3041100000000001,0.9951342400000005,0.0,0.0,0.0,0.0,True,0.0
0.032,penalty,10000.0,0.0,0.9948203200000005,0.0,-0.3139200000000001,0.9948203200000005,0.0,0.0,0.0,0.0,True,0.0
0.033,penalty,10000.0,0.0,0.9944965900000006,0.0,-0.3237300000000001,0.9944965900000006,0.0,0.0,0.0,0.0,True,0.0
0.034,penalty,10000.0,0.0,0.9941630500000006,0.0,-0.33354000000000006,0.9941630500000006,0.0,0.0,0.0,0.0,True,0.0
0.035,penalty,10000.0,0.0,0.9938197000000006,0.0,-0.34335000000000004,0.9938197000000006,0.0,0.0,0.0,0.0,True,0.0
0.036000000000000004,penalty,10000.0,0.0,0.9934665400000007,0.0,-0.35316000000000003,0.9934665400000007,0.0,0.0,0.0,0.0,True,0.0
0.037,penalty,10000.0,0.0,0.9931035700000007,0.0,-0.36297,0.9931035700000007,0.0,0.0,0.0,0.0,True,0.0
0.038,penalty,10000.0,0.0,0.9927307900000008,0.0,-0.37278,0.9927307900000008,0.0,0.0,0.0,0.0,True,0.0
0.039,penalty,10000.0,0.0,0.9923482000000008,0.0,-0.38259,0.9923482000000008,0.0,0.0,0.0,0.0,True,0.0
0.04,penalty,10000.0,0.0,0.9919558000000008,0.0,-0.39239999999999997,0.9919558000000008,0.0,0.0,0.0,0.0,True,0.0
0.041,penalty,10000.0,0.0,0.9915535900000009,0.0,-0.40220999999999996,0.9915535900000009,0.0,0.0,0.0,0.0,True,0.0
0.042,penalty,10000.0,0.0,0.9911415700000009,0.0,-0.41201999999999994,0.9911415700000009,0.0,0.0,0.0,0.0,True,0.0
0.043000000000000003,penalty,10000.0,0.0,0.990719740000001,0.0,-0.4218299999999999,0.990719740000001,0.0,0.0,0.0,0.0,True,0.0
0.044,penalty,10000.0,0.0,0.990288100000001,0.0,-0.4316399999999999,0.990288100000001,0.0,0.0,0.0,0.0,True,0.0
0.045,penalty,10000.0,0.0,0.989846650000001,0.0,-0.4414499999999999,0.989846650000001,0.0,0.0,0.0,0.0,True,0.0
0.046,penalty,10000.0,0.0,0.9893953900000011,0.0,-0.4512599999999999,0.9893953900000011,0.0,0.0,0.0,0.0,True,0.0
0.047,penalty,10000.0,0.0,0.9889343200000011,0.0,-0.46106999999999987,0.9889343200000011,0.0,0.0,0.0,0.0,True,0.0
0.048,penalty,10000.0,0.0,0.9884634400000012,0.0,-0.47087999999999985,0.9884634400000012,0.0,0.0,0.0,0.0,True,0.0
0.049,penalty,10000.0,0.0,0.9879827500000012,0.0,-0.48068999999999984,0.9879827500000012,0.0,0.0,0.0,0.0,True,0.0
0.05,penalty,10000.0,0.0,0.9874922500000013,0.0,-0.4904999999999998,0.9874922500000013,0.0,0.0,0.0,0.0,True,0.0
0.051000000000000004,penalty,10000.0,0.0,0.9869919400000013,0.0,-0.5003099999999998,0.9869919400000013,0.0,0.0,0.0,0.0,True,0.0
0.052000000000000005,penalty,10000.0,0.0,0.9864818200000014,0.0,-0.5101199999999998,0.9864818200000014,0.0,0.0,0.0,0.0,True,0.0
0.053,penalty,10000.0,0.0,0.9859618900000015,0.0,-0.5199299999999998,0.9859618900000015,0.0,0.0,0.0,0.0,True,0.0
0.054,penalty,10000.0,0.0,0.9854321500000015,0.0,-0.5297399999999998,0.9854321500000015,0.0,0.0,0.0,0.0,True,0.0
0.055,penalty,10000.0,0.0,0.9848926000000016,0.0,-0.5395499999999998,0.9848926000000016,0.0,0.0,0.0,0.0,True,0.0
0.056,penalty,10000.0,0.0,0.9843432400000015,0.0,-0.5493599999999997,0.9843432400000015,0.0,0.0,0.0,0.0,True,0.0
0.057,penalty,10000.0,0.0,0.9837840700000015,0.0,-0.5591699999999997,0.9837840700000015,0.0,0.0,0.0,0.0,True,0.0
0.058,penalty,10000.0,0.0,0.9832150900000014,0.0,-0.5689799999999997,0.9832150900000014,0.0,0.0,0.0,0.0,True,0.0
0.059000000000000004,penalty,10000.0,0.0,0.9826363000000014,0.0,-0.5787899999999997,0.9826363000000014,0.0,0.0,0.0,0.0,True,0.0
0.06,penalty,10000.0,0.0,0.9820477000000013,0.0,-0.5885999999999997,0.9820477000000013,0.0,0.0,0.0,0.0,True,0.0
0.061,penalty,10000.0,0.0,0.9814492900000013,0.0,-0.5984099999999997,0.9814492900000013,0.0,0.0,0.0,0.0,True,0.0
0.062,penalty,10000.0,0.0,0.9808410700000012,0.0,-0.6082199999999996,0.9808410700000012,0.0,0.0,0.0,0.0,True,0.0
0.063,penalty,10000.0,0.0,0.9802230400000012,0.0,-0.6180299999999996,0.9802230400000012,0.0,0.0,0.0,0.0,True,0.0
0.064,penalty,10000.0,0.0,0.9795952000000011,0.0,-0.6278399999999996,0.9795952000000011,0.0,0.0,0.0,0.0,True,0.0
0.065,penalty,10000.0,0.0,0.9789575500000011,0.0,-0.6376499999999996,0.9789575500000011,0.0,0.0,0.0,0.0,True,0.0
0.066,penalty,10000.0,0.0,0.978310090000001,0.0,-0.6474599999999996,0.978310090000001,0.0,0.0,0.0,0.0,True,0.0
0.067,penalty,10000.0,0.0,0.977652820000001,0.0,-0.6572699999999996,0.977652820000001,0.0,0.0,0.0,0.0,True,0.0
0.068,penalty,10000.0,0.0,0.9769857400000009,0.0,-0.6670799999999996,0.9769857400000009,0.0,0.0,0.0,0.0,True,0.0
0.069,penalty,10000.0,0.0,0.9763088500000009,0.0,-0.6768899999999995,0.9763088500000009,0.0,0.0,0.0,0.0,True,0.0
0.07,penalty,10000.0,0.0,0.9756221500000009,0.0,-0.6866999999999995,0.9756221500000009,0.0,0.0,0.0,0.0,True,0.0
0.07100000000000001,penalty,10000.0,0.0,0.9749256400000008,0.0,-0.6965099999999995,0.9749256400000008,0.0,0.0,0.0,0.0,True,0.0
0.07200000000000001,penalty,10000.0,0.0,0.9742193200000008,0.0,-0.7063199999999995,0.9742193200000008,0.0,0.0,0.0,0.0,True,0.0
0.073,penalty,10000.0,0.0,0.9735031900000007,0.0,-0.7161299999999995,0.9735031900000007,0.0,0.0,0.0,0.0,True,0.0
0.074,penalty,10000.0,0.0,0.9727772500000007,0.0,-0.7259399999999995,0.9727772500000007,0.0,0.0,0.0,0.0,True,0.0
0.075,penalty,10000.0,0.0,0.9720415000000007,0.0,-0.7357499999999995,0.9720415000000007,0.0,0.0,0.0,0.0,True,0.0
0.076,penalty,10000.0,0.0,0.9712959400000006,0.0,-0.7455599999999994,0.9712959400000006,0.0,0.0,0.0,0.0,True,0.0
0.077,penalty,10000.0,0.0,0.9705405700000006,0.0,-0.7553699999999994,0.9705405700000006,0.0,0.0,0.0,0.0,True,0.0
0.078,penalty,10000.0,0.0,0.9697753900000006,0.0,-0.7651799999999994,0.9697753900000006,0.0,0.0,0.0,0.0,True,0.0
0.079,penalty,10000.0,0.0,0.9690004000000005,0.0,-0.7749899999999994,0.9690004000000005,0.0,0.0,0.0,0.0,True,0.0
0.08,penalty,10000.0,0.0,0.9682156000000005,0.0,-0.7847999999999994,0.9682156000000005,0.0,0.0,0.0,0.0,True,0.0
0.081,penalty,10000.0,0.0,0.9674209900000005,0.0,-0.7946099999999994,0.9674209900000005,0.0,0.0,0.0,0.0,True,0.0
0.082,penalty,10000.0,0.0,0.9666165700000005,0.0,-0.8044199999999994,0.9666165700000005,0.0,0.0,0.0,0.0,True,0.0
0.083,penalty,10000.0,0.0,0.9658023400000004,0.0,-0.8142299999999993,0.9658023400000004,0.0,0.0,0.0,0.0,True,0.0
0.084,penalty,10000.0,0.0,0.9649783000000004,0.0,-0.8240399999999993,0.9649783000000004,0.0,0.0,0.0,0.0,True,0.0
0.085,penalty,10000.0,0.0,0.9641444500000004,0.0,-0.8338499999999993,0.9641444500000004,0.0,0.0,0.0,0.0,True,0.0
0.08600000000000001,penalty,10000.0,0.0,0.9633007900000004,0.0,-0.8436599999999993,0.9633007900000004,0.0,0.0,0.0,0.0,True,0.0
0.08700000000000001,penalty,10000.0,0.0,0.9624473200000003,0.0,-0.8534699999999993,0.9624473200000003,0.0,0.0,0.0,0.0,True,0.0
0.088,penalty,10000.0,0.0,0.9615840400000003,0.0,-0.8632799999999993,0.9615840400000003,0.0,0.0,0.0,0.0,True,0.0
0.089,penalty,10000.0,0.0,0.9607109500000003,0.0,-0.8730899999999993,0.9607109500000003,0.0,0.0,0.0,0.0,True,0.0
0.09,penalty,10000.0,0.0,0.9598280500000003,0.0,-0.8828999999999992,0.9598280500000003,0.0,0.0,0.0,0.0,True,0.0
0.091,penalty,10000.0,0.0,0.9589353400000002,0.0,-0.8927099999999992,0.9589353400000002,0.0,0.0,0.0,0.0,True,0.0
0.092,penalty,10000.0,0.0,0.9580328200000002,0.0,-0.9025199999999992,0.9580328200000002,0.0,0.0,0.0,0.0,True,0.0
0.093,penalty,10000.0,0.0,0.9571204900000002,0.0,-0.9123299999999992,0.9571204900000002,0.0,0.0,0.0,0.0,True,0.0
0.094,penalty,10000.0,0.0,0.9561983500000002,0.0,-0.9221399999999992,0.9561983500000002,0.0,0.0,0.0,0.0,True,0.0
0.095,penalty,10000.0,0.0,0.9552664000000002,0.0,-0.9319499999999992,0.9552664000000002,0.0,0.0,0.0,0.0,True,0.0
0.096,penalty,10000.0,0.0,0.9543246400000002,0.0,-0.9417599999999992,0.9543246400000002,0.0,0.0,0.0,0.0,True,0.0
0.097,penalty,10000.0,0.0,0.9533730700000002,0.0,-0.9515699999999991,0.9533730700000002,0.0,0.0,0.0,0.0,True,0.0
0.098,penalty,10000.0,0.0,0.9524116900000001,0.0,-0.9613799999999991,0.9524116900000001,0.0,0.0,0.0,0.0,True,0.0
0.099,penalty,10000.0,0.0,0.9514405000000001,0.0,-0.9711899999999991,0.9514405000000001,0.0,0.0,0.0,0.0,True,0.0
0.1,penalty,10000.0,0.0,0.9504595000000001,0.0,-0.9809999999999991,0.9504595000000001,0.0,0.0,0.0,0.0,True,0.0
0.101,penalty,10000.0,0.0,0.9494686900000001,0.0,-0.9908099999999991,0.9494686900000001,0.0,0.0,0.0,0.0,True,0.0
0.10200000000000001,penalty,10000.0,0.0,0.9484680700000001,0.0,-1.0006199999999992,0.9484680700000001,0.0,0.0,0.0,0.0,True,0.0
0.10300000000000001,penalty,10000.0,0.0,0.9474576400000001,0.0,-1.0104299999999993,0.9474576400000001,0.0,0.0,0.0,0.0,True,0.0
0.10400000000000001,penalty,10000.0,0.0,0.9464374000000001,0.0,-1.0202399999999994,0.9464374000000001,0.0,0.0,0.0,0.0,True,0.0
0.105,penalty,10000.0,0.0,0.9454073500000001,0.0,-1.0300499999999995,0.9454073500000001,0.0,0.0,0.0,0.0,True,0.0
0.106,penalty,10000.0,0.0,0.9443674900000001,0.0,-1.0398599999999996,0.9443674900000001,0.0,0.0,0.0,0.0,True,0.0
0.107,penalty,10000.0,0.0,0.9433178200000001,0.0,-1.0496699999999997,0.9433178200000001,0.0,0.0,0.0,0.0,True,0.0
0.108,penalty,10000.0,0.0,0.9422583400000001,0.0,-1.0594799999999998,0.9422583400000001,0.0,0.0,0.0,0.0,True,0.0
0.109,penalty,10000.0,0.0,0.9411890500000001,0.0,-1.0692899999999999,0.9411890500000001,0.0,0.0,0.0,0.0,True,0.0
0.11,penalty,10000.0,0.0,0.9401099500000001,0.0,-1.0791,0.9401099500000001,0.0,0.0,0.0,0.0,True,0.0
0.111,penalty,10000.0,0.0,0.9390210400000001,0.0,-1.08891,0.9390210400000001,0.0,0.0,0.0,0.0,True,0.0
0.112,penalty,10000.0,0.0,0.9379223200000001,0.0,-1.0987200000000001,0.9379223200000001,0.0,0.0,0.0,0.0,True,0.0
0.113,penalty,10000.0,0.0,0.9368137900000001,0.0,-1.1085300000000002,0.9368137900000001,0.0,0.0,0.0,0.0,True,0.0
0.114,penalty,10000.0,0.0,0.9356954500000001,0.0,-1.1183400000000003,0.9356954500000001,0.0,0.0,0.0,0.0,True,0.0
0.115,penalty,10000.0,0.0,0.9345673000000001,0.0,-1.1281500000000004,0.9345673000000001,0.0,0.0,0.0,0.0,True,0.0
0.116,penalty,10000.0,0.0,0.9334293400000001,0.0,-1.1379600000000005,0.9334293400000001,0.0,0.0,0.0,0.0,True,0.0
0.117,penalty,10000.0,0.0,0.9322815700000001,0.0,-1.1477700000000006,0.9322815700000001,0.0,0.0,0.0,0.0,True,0.0
0.11800000000000001,penalty,10000.0,0.0,0.9311239900000001,0.0,-1.1575800000000007,0.9311239900000001,0.0,0.0,0.0,0.0,True,0.0
0.11900000000000001,penalty,10000.0,0.0,0.9299566000000001,0.0,-1.1673900000000008,0.9299566000000001,0.0,0.0,0.0,0.0,True,0.0
0.12,penalty,10000.0,0.0,0.9287794000000001,0.0,-1.177200000000001,0.9287794000000001,0.0,0.0,0.0,0.0,True,0.0
0.121,penalty,10000.0,0.0,0.9275923900000002,0.0,-1.187010000000001,0.9275923900000002,0.0,0.0,0.0,0.0,True,0.0
0.122,penalty,10000.0,0.0,0.9263955700000002,0.0,-1.196820000000001,0.9263955700000002,0.0,0.0,0.0,0.0,True,0.0
0.123,penalty,10000.0,0.0,0.9251889400000002,0.0,-1.2066300000000012,0.9251889400000002,0.0,0.0,0.0,0.0,True,0.0
0.124,penalty,10000.0,0.0,0.9239725000000002,0.0,-1.2164400000000013,0.9239725000000002,0.0,0.0,0.0,0.0,True,0.0
0.125,penalty,10000.0,0.0,0.9227462500000002,0.0,-1.2262500000000014,0.9227462500000002,0.0,0.0,0.0,0.0,True,0.0
0.126,penalty,10000.0,0.0,0.9215101900000002,0.0,-1.2360600000000015,0.9215101900000002,0.0,0.0,0.0,0.0,True,0.0
0.127,penalty,10000.0,0.0,0.9202643200000002,0.0,-1.2458700000000016,0.9202643200000002,0.0,0.0,0.0,0.0,True,0.0
0.128,penalty,10000.0,0.0,0.9190086400000003,0.0,-1.2556800000000017,0.9190086400000003,0.0,0.0,0.0,0.0,True,0.0
0.129,penalty,10000.0,0.0,0.9177431500000003,0.0,-1.2654900000000018,0.9177431500000003,0.0,0.0,0.0,0.0,True,0.0
0.13,penalty,10000.0,0.0,0.9164678500000003,0.0,-1.2753000000000019,0.9164678500000003,0.0,0.0,0.0,0.0,True,0.0
0.131,penalty,10000.0,0.0,0.9151827400000003,0.0,-1.285110000000002,0.9151827400000003,0.0,0.0,0.0,0.0,True,0.0
0.132,penalty,10000.0,0.0,0.9138878200000004,0.0,-1.294920000000002,0.9138878200000004,0.0,0.0,0.0,0.0,True,0.0
0.133,penalty,10000.0,0.0,0.9125830900000004,0.0,-1.3047300000000022,0.9125830900000004,0.0,0.0,0.0,0.0,True,0.0
0.134,penalty,10000.0,0.0,0.9112685500000004,0.0,-1.3145400000000023,0.9112685500000004,0.0,0.0,0.0,0.0,True,0.0
0.135,penalty,10000.0,0.0,0.9099442000000004,0.0,-1.3243500000000024,0.9099442000000004,0.0,0.0,0.0,0.0,True,0.0
0.136,penalty,10000.0,0.0,0.9086100400000005,0.0,-1.3341600000000025,0.9086100400000005,0.0,0.0,0.0,0.0,True,0.0
0.137,penalty,10000.0,0.0,0.9072660700000005,0.0,-1.3439700000000026,0.9072660700000005,0.0,0.0,0.0,0.0,True,0.0
0.138,penalty,10000.0,0.0,0.9059122900000005,0.0,-1.3537800000000026,0.9059122900000005,0.0,0.0,0.0,0.0,True,0.0
0.139,penalty,10000.0,0.0,0.9045487000000005,0.0,-1.3635900000000027,0.9045487000000005,0.0,0.0,0.0,0.0,True,0.0
0.14,penalty,10000.0,0.0,0.9031753000000006,0.0,-1.3734000000000028,0.9031753000000006,0.0,0.0,0.0,0.0,True,0.0
0.14100000000000001,penalty,10000.0,0.0,0.9017920900000006,0.0,-1.383210000000003,0.9017920900000006,0.0,0.0,0.0,0.0,True,0.0
0.14200000000000002,penalty,10000.0,0.0,0.9003990700000006,0.0,-1.393020000000003,0.9003990700000006,0.0,0.0,0.0,0.0,True,0.0
0.14300000000000002,penalty,10000.0,0.0,0.8989962400000007,0.0,-1.4028300000000031,0.8989962400000007,0.0,0.0,0.0,0.0,True,0.0
0.14400000000000002,penalty,10000.0,0.0,0.8975836000000007,0.0,-1.4126400000000032,0.8975836000000007,0.0,0.0,0.0,0.0,True,0.0
0.145,penalty,10000.0,0.0,0.8961611500000007,0.0,-1.4224500000000033,0.8961611500000007,0.0,0.0,0.0,0.0,True,0.0
0.146,penalty,10000.0,0.0,0.8947288900000008,0.0,-1.4322600000000034,0.8947288900000008,0.0,0.0,0.0,0.0,True,0.0
0.147,penalty,10000.0,0.0,0.8932868200000008,0.0,-1.4420700000000035,0.8932868200000008,0.0,0.0,0.0,0.0,True,0.0
0.148,penalty,10000.0,0.0,0.8918349400000009,0.0,-1.4518800000000036,0.8918349400000009,0.0,0.0,0.0,0.0,True,0.0
0.149,penalty,10000.0,0.0,0.8903732500000009,0.0,-1.4616900000000037,0.8903732500000009,0.0,0.0,0.0,0.0,True,0.0
0.15,penalty,10000.0,0.0,0.8889017500000009,0.0,-1.4715000000000038,0.8889017500000009,0.0,0.0,0.0,0.0,True,0.0
0.151,penalty,10000.0,0.0,0.887420440000001,0.0,-1.481310000000004,0.887420440000001,0.0,0.0,0.0,0.0,True,0.0
0.152,penalty,10000.0,0.0,0.885929320000001,0.0,-1.491120000000004,0.885929320000001,0.0,0.0,0.0,0.0,True,0.0
0.153,penalty,10000.0,0.0,0.8844283900000011,0.0,-1.500930000000004,0.8844283900000011,0.0,0.0,0.0,0.0,True,0.0
0.154,penalty,10000.0,0.0,0.8829176500000011,0.0,-1.5107400000000042,0.8829176500000011,0.0,0.0,0.0,0.0,True,0.0
0.155,penalty,10000.0,0.0,0.8813971000000012,0.0,-1.5205500000000043,0.8813971000000012,0.0,0.0,0.0,0.0,True,0.0
0.156,penalty,10000.0,0.0,0.8798667400000012,0.0,-1.5303600000000044,0.8798667400000012,0.0,0.0,0.0,0.0,True,0.0
0.157,penalty,10000.0,0.0,0.8783265700000012,0.0,-1.5401700000000045,0.8783265700000012,0.0,0.0,0.0,0.0,True,0.0
0.158,penalty,10000.0,0.0,0.8767765900000013,0.0,-1.5499800000000046,0.8767765900000013,0.0,0.0,0.0,0.0,True,0.0
0.159,penalty,10000.0,0.0,0.8752168000000013,0.0,-1.5597900000000047,0.8752168000000013,0.0,0.0,0.0,0.0,True,0.0
0.16,penalty,10000.0,0.0,0.8736472000000013,0.0,-1.5696000000000048,0.8736472000000013,0.0,0.0,0.0,0.0,True,0.0
0.161,penalty,10000.0,0.0,0.8720677900000012,0.0,-1.5794100000000049,0.8720677900000012,0.0,0.0,0.0,0.0,True,0.0
0.162,penalty,10000.0,0.0,0.8704785700000012,0.0,-1.589220000000005,0.8704785700000012,0.0,0.0,0.0,0.0,True,0.0
0.163,penalty,10000.0,0.0,0.8688795400000011,0.0,-1.599030000000005,0.8688795400000011,0.0,0.0,0.0,0.0,True,0.0
0.164,penalty,10000.0,0.0,0.8672707000000011,0.0,-1.6088400000000052,0.8672707000000011,0.0,0.0,0.0,0.0,True,0.0
0.165,penalty,10000.0,0.0,0.865652050000001,0.0,-1.6186500000000053,0.865652050000001,0.0,0.0,0.0,0.0,True,0.0
0.166,penalty,10000.0,0.0,0.864023590000001,0.0,-1.6284600000000053,0.864023590000001,0.0,0.0,0.0,0.0,True,0.0
0.167,penalty,10000.0,0.0,0.8623853200000009,0.0,-1.6382700000000054,0.8623853200000009,0.0,0.0,0.0,0.0,True,0.0
0.168,penalty,10000.0,0.0,0.8607372400000008,0.0,-1.6480800000000055,0.8607372400000008,0.0,0.0,0.0,0.0,True,0.0
0.169,penalty,10000.0,0.0,0.8590793500000008,0.0,-1.6578900000000056,0.8590793500000008,0.0,0.0,0.0,0.0,True,0.0
0.17,penalty,10000.0,0.0,0.8574116500000007,0.0,-1.6677000000000057,0.8574116500000007,0.0,0.0,0.0,0.0,True,0.0
0.171,penalty,10000.0,0.0,0.8557341400000007,0.0,-1.6775100000000058,0.8557341400000007,0.0,0.0,0.0,0.0,True,0.0
0.17200000000000001,penalty,10000.0,0.0,0.8540468200000007,0.0,-1.687320000000006,0.8540468200000007,0.0,0.0,0.0,0.0,True,0.0
0.17300000000000001,penalty,10000.0,0.0,0.8523496900000006,0.0,-1.697130000000006,0.8523496900000006,0.0,0.0,0.0,0.0,True,0.0
0.17400000000000002,penalty,10000.0,0.0,0.8506427500000006,0.0,-1.7069400000000061,0.8506427500000006,0.0,0.0,0.0,0.0,True,0.0
0.17500000000000002,penalty,10000.0,0.0,0.8489260000000005,0.0,-1.7167500000000062,0.8489260000000005,0.0,0.0,0.0,0.0,True,0.0
0.176,penalty,10000.0,0.0,0.8471994400000005,0.0,-1.7265600000000063,0.8471994400000005,0.0,0.0,0.0,0.0,True,0.0
0.177,penalty,10000.0,0.0,0.8454630700000004,0.0,-1.7363700000000064,0.8454630700000004,0.0,0.0,0.0,0.0,True,0.0
0.178,penalty,10000.0,0.0,0.8437168900000004,0.0,-1.7461800000000065,0.8437168900000004,0.0,0.0,0.0,0.0,True,0.0
0.179,penalty,10000.0,0.0,0.8419609000000003,0.0,-1.7559900000000066,0.8419609000000003,0.0,0.0,0.0,0.0,True,0.0
0.18,penalty,10000.0,0.0,0.8401951000000003,0.0,-1.7658000000000067,0.8401951000000003,0.0,0.0,0.0,0.0,True,0.0
0.181,penalty,10000.0,0.0,0.8384194900000003,0.0,-1.7756100000000068,0.8384194900000003,0.0,0.0,0.0,0.0,True,0.0
0.182,penalty,10000.0,0.0,0.8366340700000002,0.0,-1.785420000000007,0.8366340700000002,0.0,0.0,0.0,0.0,True,0.0
0.183,penalty,10000.0,0.0,0.8348388400000002,0.0,-1.795230000000007,0.8348388400000002,0.0,0.0,0.0,0.0,True,0.0
0.184,penalty,10000.0,0.0,0.8330338000000002,0.0,-1.805040000000007,0.8330338000000002,0.0,0.0,0.0,0.0,True,0.0
0.185,penalty,10000.0,0.0,0.8312189500000001,0.0,-1.8148500000000072,0.8312189500000001,0.0,0.0,0.0,0.0,True,0.0
0.186,penalty,10000.0,0.0,0.8293942900000001,0.0,-1.8246600000000073,0.8293942900000001,0.0,0.0,0.0,0.0,True,0.0
0.187,penalty,10000.0,0.0,0.8275598200000001,0.0,-1.8344700000000074,0.8275598200000001,0.0,0.0,0.0,0.0,True,0.0
0.188,penalty,10000.0,0.0,0.82571554,0.0,-1.8442800000000075,0.82571554,0.0,0.0,0.0,0.0,True,0.0
0.189,penalty,10000.0,0.0,0.82386145,0.0,-1.8540900000000076,0.82386145,0.0,0.0,0.0,0.0,True,0.0
0.19,penalty,10000.0,0.0,0.82199755,0.0,-1.8639000000000077,0.82199755,0.0,0.0,0.0,0.0,True,0.0
0.191,penalty,10000.0,0.0,0.8201238399999999,0.0,-1.8737100000000078,0.8201238399999999,0.0,0.0,0.0,0.0,True,0.0
0.192,penalty,10000.0,0.0,0.8182403199999999,0.0,-1.8835200000000079,0.8182403199999999,0.0,0.0,0.0,0.0,True,0.0
0.193,penalty,10000.0,0.0,0.8163469899999999,0.0,-1.893330000000008,0.8163469899999999,0.0,0.0,0.0,0.0,True,0.0
0.194,penalty,10000.0,0.0,0.8144438499999999,0.0,-1.903140000000008,0.8144438499999999,0.0,0.0,0.0,0.0,True,0.0
0.195,penalty,10000.0,0.0,0.8125308999999998,0.0,-1.9129500000000081,0.8125308999999998,0.0,0.0,0.0,0.0,True,0.0
0.196,penalty,10000.0,0.0,0.8106081399999998,0.0,-1.9227600000000082,0.8106081399999998,0.0,0.0,0.0,0.0,True,0.0
0.197,penalty,10000.0,0.0,0.8086755699999998,0.0,-1.9325700000000083,0.8086755699999998,0.0,0.0,0.0,0.0,True,0.0
0.198,penalty,10000.0,0.0,0.8067331899999998,0.0,-1.9423800000000084,0.8067331899999998,0.0,0.0,0.0,0.0,True,0.0
0.199,penalty,10000.0,0.0,0.8047809999999997,0.0,-1.9521900000000085,0.8047809999999997,0.0,0.0,0.0,0.0,True,0.0
0.2,penalty,10000.0,0.0,0.8028189999999997,0.0,-1.9620000000000086,0.8028189999999997,0.0,0.0,0.0,0.0,True,0.0
0.201,penalty,10000.0,0.0,0.8008471899999997,0.0,-1.9718100000000087,0.8008471899999997,0.0,0.0,0.0,0.0,True,0.0
0.202,penalty,10000.0,0.0,0.7988655699999997,0.0,-1.9816200000000088,0.7988655699999997,0.0,0.0,0.0,0.0,True,0.0
0.203,penalty,10000.0,0.0,0.7968741399999997,0.0,-1.991430000000009,0.7968741399999997,0.0,0.0,0.0,0.0,True,0.0
0.20400000000000001,penalty,10000.0,0.0,0.7948728999999997,0.0,-2.001240000000009,0.7948728999999997,0.0,0.0,0.0,0.0,True,0.0
0.20500000000000002,penalty,10000.0,0.0,0.7928618499999996,0.0,-2.011050000000009,0.7928618499999996,0.0,0.0,0.0,0.0,True,0.0
0.20600000000000002,penalty,10000.0,0.0,0.7908409899999996,0.0,-2.0208600000000088,0.7908409899999996,0.0,0.0,0.0,0.0,True,0.0
0.20700000000000002,penalty,10000.0,0.0,0.7888103199999996,0.0,-2.0306700000000086,0.7888103199999996,0.0,0.0,0.0,0.0,True,0.0
0.20800000000000002,penalty,10000.0,0.0,0.7867698399999996,0.0,-2.0404800000000085,0.7867698399999996,0.0,0.0,0.0,0.0,True,0.0
0.209,penalty,10000.0,0.0,0.7847195499999996,0.0,-2.0502900000000084,0.7847195499999996,0.0,0.0,0.0,0.0,True,0.0
0.21,penalty,10000.0,0.0,0.7826594499999996,0.0,-2.0601000000000083,0.7826594499999996,0.0,0.0,0.0,0.0,True,0.0
0.211,penalty,10000.0,0.0,0.7805895399999996,0.0,-2.069910000000008,0.7805895399999996,0.0,0.0,0.0,0.0,True,0.0
0.212,penalty,10000.0,0.0,0.7785098199999996,0.0,-2.079720000000008,0.7785098199999996,0.0,0.0,0.0,0.0,True,0.0
0.213,penalty,10000.0,0.0,0.7764202899999996,0.0,-2.089530000000008,0.7764202899999996,0.0,0.0,0.0,0.0,True,0.0
0.214,penalty,10000.0,0.0,0.7743209499999996,0.0,-2.0993400000000078,0.7743209499999996,0.0,0.0,0.0,0.0,True,0.0
0.215,penalty,10000.0,0.0,0.7722117999999996,0.0,-2.1091500000000076,0.7722117999999996,0.0,0.0,0.0,0.0,True,0.0
0.216,penalty,10000.0,0.0,0.7700928399999996,0.0,-2.1189600000000075,0.7700928399999996,0.0,0.0,0.0,0.0,True,0.0
0.217,penalty,10000.0,0.0,0.7679640699999996,0.0,-2.1287700000000074,0.7679640699999996,0.0,0.0,0.0,0.0,True,0.0
0.218,penalty,10000.0,0.0,0.7658254899999996,0.0,-2.1385800000000073,0.7658254899999996,0.0,0.0,0.0,0.0,True,0.0
0.219,penalty,10000.0,0.0,0.7636770999999996,0.0,-2.148390000000007,0.7636770999999996,0.0,0.0,0.0,0.0,True,0.0
0.22,penalty,10000.0,0.0,0.7615188999999996,0.0,-2.158200000000007,0.7615188999999996,0.0,0.0,0.0,0.0,True,0.0
0.221,penalty,10000.0,0.0,0.7593508899999996,0.0,-2.168010000000007,0.7593508899999996,0.0,0.0,0.0,0.0,True,0.0
0.222,penalty,10000.0,0.0,0.7571730699999996,0.0,-2.1778200000000068,0.7571730699999996,0.0,0.0,0.0,0.0,True,0.0
0.223,penalty,10000.0,0.0,0.7549854399999996,0.0,-2.1876300000000066,0.7549854399999996,0.0,0.0,0.0,0.0,True,0.0
0.224,penalty,10000.0,0.0,0.7527879999999996,0.0,-2.1974400000000065,0.7527879999999996,0.0,0.0,0.0,0.0,True,0.0
0.225,penalty,10000.0,0.0,0.7505807499999996,0.0,-2.2072500000000064,0.7505807499999996,0.0,0.0,0.0,0.0,True,0.0
0.226,penalty,10000.0,0.0,0.7483636899999996,0.0,-2.2170600000000062,0.7483636899999996,0.0,0.0,0.0,0.0,True,0.0
0.227,penalty,10000.0,0.0,0.7461368199999996,0.0,-2.226870000000006,0.7461368199999996,0.0,0.0,0.0,0.0,True,0.0
0.228,penalty,10000.0,0.0,0.7439001399999996,0.0,-2.236680000000006,0.7439001399999996,0.0,0.0,0.0,0.0,True,0.0
0.229,penalty,10000.0,0.0,0.7416536499999996,0.0,-2.246490000000006,0.7416536499999996,0.0,0.0,0.0,0.0,True,0.0
0.23,penalty,10000.0,0.0,0.7393973499999996,0.0,-2.2563000000000057,0.7393973499999996,0.0,0.0,0.0,0.0,True,0.0
0.231,penalty,10000.0,0.0,0.7371312399999996,0.0,-2.2661100000000056,0.7371312399999996,0.0,0.0,0.0,0.0,True,0.0
0.232,penalty,10000.0,0.0,0.7348553199999996,0.0,-2.2759200000000055,0.7348553199999996,0.0,0.0,0.0,0.0,True,0.0
0.233,penalty,10000.0,0.0,0.7325695899999997,0.0,-2.2857300000000054,0.7325695899999997,0.0,0.0,0.0,0.0,True,0.0
0.234,penalty,10000.0,0.0,0.7302740499999997,0.0,-2.2955400000000052,0.7302740499999997,0.0,0.0,0.0,0.0,True,0.0
0.23500000000000001,penalty,10000.0,0.0,0.7279686999999997,0.0,-2.305350000000005,0.7279686999999997,0.0,0.0,0.0,0.0,True,0.0
0.23600000000000002,penalty,10000.0,0.0,0.7256535399999997,0.0,-2.315160000000005,0.7256535399999997,0.0,0.0,0.0,0.0,True,0.0
0.23700000000000002,penalty,10000.0,0.0,0.7233285699999997,0.0,-2.324970000000005,0.7233285699999997,0.0,0.0,0.0,0.0,True,0.0
0.23800000000000002,penalty,10000.0,0.0,0.7209937899999997,0.0,-2.3347800000000047,0.7209937899999997,0.0,0.0,0.0,0.0,True,0.0
0.23900000000000002,penalty,10000.0,0.0,0.7186491999999998,0.0,-2.3445900000000046,0.7186491999999998,0.0,0.0,0.0,0.0,True,0.0
0.24,penalty,10000.0,0.0,0.7162947999999998,0.0,-2.3544000000000045,0.7162947999999998,0.0,0.0,0.0,0.0,True,0.0
0.241,penalty,10000.0,0.0,0.7139305899999998,0.0,-2.3642100000000044,0.7139305899999998,0.0,0.0,0.0,0.0,True,0.0
0.242,penalty,10000.0,0.0,0.7115565699999998,0.0,-2.3740200000000042,0.7115565699999998,0.0,0.0,0.0,0.0,True,0.0
0.243,penalty,10000.0,0.0,0.7091727399999999,0.0,-2.383830000000004,0.7091727399999999,0.0,0.0,0.0,0.0,True,0.0
0.244,penalty,10000.0,0.0,0.7067790999999999,0.0,-2.393640000000004,0.7067790999999999,0.0,0.0,0.0,0.0,True,0.0
0.245,penalty,10000.0,0.0,0.7043756499999999,0.0,-2.403450000000004,0.7043756499999999,0.0,0.0,0.0,0.0,True,0.0
0.246,penalty,10000.0,0.0,0.7019623899999999,0.0,-2.4132600000000037,0.7019623899999999,0.0,0.0,0.0,0.0,True,0.0
0.247,penalty,10000.0,0.0,0.69953932,0.0,-2.4230700000000036,0.69953932,0.0,0.0,0.0,0.0,True,0.0
0.248,penalty,10000.0,0.0,0.69710644,0.0,-2.4328800000000035,0.69710644,0.0,0.0,0.0,0.0,True,0.0
0.249,penalty,10000.0,0.0,0.69466375,0.0,-2.4426900000000034,0.69466375,0.0,0.0,0.0,0.0,True,0.0
0.25,penalty,10000.0,0.0,0.6922112500000001,0.0,-2.4525000000000032,0.6922112500000001,0.0,0.0,0.0,0.0,True,0.0
0.251,penalty,10000.0,0.0,0.6897489400000001,0.0,-2.462310000000003,0.6897489400000001,0.0,0.0,0.0,0.0,True,0.0
0.252,penalty,10000.0,0.0,0.6872768200000001,0.0,-2.472120000000003,0.6872768200000001,0.0,0.0,0.0,0.0,True,0.0
0.253,penalty,10000.0,0.0,0.6847948900000002,0.0,-2.481930000000003,0.6847948900000002,0.0,0.0,0.0,0.0,True,0.0
0.254,penalty,10000.0,0.0,0.6823031500000002,0.0,-2.4917400000000027,0.6823031500000002,0.0,0.0,0.0,0.0,True,0.0
0.255,penalty,10000.0,0.0,0.6798016000000002,0.0,-2.5015500000000026,0.6798016000000002,0.0,0.0,0.0,0.0,True,0.0
0.256,penalty,10000.0,0.0,0.6772902400000003,0.0,-2.5113600000000025,0.6772902400000003,0.0,0.0,0.0,0.0,True,0.0
0.257,penalty,10000.0,0.0,0.6747690700000003,0.0,-2.5211700000000024,0.6747690700000003,0.0,0.0,0.0,0.0,True,0.0
0.258,penalty,10000.0,0.0,0.6722380900000003,0.0,-2.5309800000000022,0.6722380900000003,0.0,0.0,0.0,0.0,True,0.0
0.259,penalty,10000.0,0.0,0.6696973000000004,0.0,-2.540790000000002,0.6696973000000004,0.0,0.0,0.0,0.0,True,0.0
0.26,penalty,10000.0,0.0,0.6671467000000004,0.0,-2.550600000000002,0.6671467000000004,0.0,0.0,0.0,0.0,True,0.0
0.261,penalty,10000.0,0.0,0.6645862900000005,0.0,-2.560410000000002,0.6645862900000005,0.0,0.0,0.0,0.0,True,0.0
0.262,penalty,10000.0,0.0,0.6620160700000005,0.0,-2.5702200000000017,0.6620160700000005,0.0,0.0,0.0,0.0,True,0.0
0.263,penalty,10000.0,0.0,0.6594360400000006,0.0,-2.5800300000000016,0.6594360400000006,0.0,0.0,0.0,0.0,True,0.0
0.264,penalty,10000.0,0.0,0.6568462000000006,0.0,-2.5898400000000015,0.6568462000000006,0.0,0.0,0.0,0.0,True,0.0
0.265,penalty,10000.0,0.0,0.6542465500000006,0.0,-2.5996500000000013,0.6542465500000006,0.0,0.0,0.0,0.0,True,0.0
0.266,penalty,10000.0,0.0,0.6516370900000007,0.0,-2.6094600000000012,0.6516370900000007,0.0,0.0,0.0,0.0,True,0.0
0.267,penalty,10000.0,0.0,0.6490178200000007,0.0,-2.619270000000001,0.6490178200000007,0.0,0.0,0.0,0.0,True,0.0
0.268,penalty,10000.0,0.0,0.6463887400000008,0.0,-2.629080000000001,0.6463887400000008,0.0,0.0,0.0,0.0,True,0.0
0.269,penalty,10000.0,0.0,0.6437498500000008,0.0,-2.638890000000001,0.6437498500000008,0.0,0.0,0.0,0.0,True,0.0
0.27,penalty,10000.0,0.0,0.6411011500000009,0.0,-2.6487000000000007,0.6411011500000009,0.0,0.0,0.0,0.0,True,0.0
0.271,penalty,10000.0,0.0,0.638442640000001,0.0,-2.6585100000000006,0.638442640000001,0.0,0.0,0.0,0.0,True,0.0
0.272,penalty,10000.0,0.0,0.635774320000001,0.0,-2.6683200000000005,0.635774320000001,0.0,0.0,0.0,0.0,True,0.0
0.273,penalty,10000.0,0.0,0.6330961900000011,0.0,-2.6781300000000003,0.6330961900000011,0.0,0.0,0.0,0.0,True,0.0
0.274,penalty,10000.0,0.0,0.630408250000001,0.0,-2.68794,0.630408250000001,0.0,0.0,0.0,0.0,True,0.0
0.275,penalty,10000.0,0.0,0.627710500000001,0.0,-2.69775,0.627710500000001,0.0,0.0,0.0,0.0,True,0.0
0.276,penalty,10000.0,0.0,0.6250029400000009,0.0,-2.70756,0.6250029400000009,0.0,0.0,0.0,0.0,True,0.0
0.277,penalty,10000.0,0.0,0.6222855700000008,0.0,-2.71737,0.6222855700000008,0.0,0.0,0.0,0.0,True,0.0
0.278,penalty,10000.0,0.0,0.6195583900000008,0.0,-2.7271799999999997,0.6195583900000008,0.0,0.0,0.0,0.0,True,0.0
0.279,penalty,10000.0,0.0,0.6168214000000007,0.0,-2.7369899999999996,0.6168214000000007,0.0,0.0,0.0,0.0,True,0.0
0.28,penalty,10000.0,0.0,0.6140746000000007,0.0,-2.7467999999999995,0.6140746000000007,0.0,0.0,0.0,0.0,True,0.0
0.281,penalty,10000.0,0.0,0.6113179900000006,0.0,-2.7566099999999993,0.6113179900000006,0.0,0.0,0.0,0.0,True,0.0
0.28200000000000003,penalty,10000.0,0.0,0.6085515700000006,0.0,-2.766419999999999,0.6085515700000006,0.0,0.0,0.0,0.0,True,0.0
0.28300000000000003,penalty,10000.0,0.0,0.6057753400000006,0.0,-2.776229999999999,0.6057753400000006,0.0,0.0,0.0,0.0,True,0.0
0.28400000000000003,penalty,10000.0,0.0,0.6029893000000005,0.0,-2.786039999999999,0.6029893000000005,0.0,0.0,0.0,0.0,True,0.0
0.28500000000000003,penalty,10000.0,0.0,0.6001934500000005,0.0,-2.795849999999999,0.6001934500000005,0.0,0.0,0.0,0.0,True,0.0
0.28600000000000003,penalty,10000.0,0.0,0.5973877900000004,0.0,-2.8056599999999987,0.5973877900000004,0.0,0.0,0.0,0.0,True,0.0
0.28700000000000003,penalty,10000.0,0.0,0.5945723200000004,0.0,-2.8154699999999986,0.5945723200000004,0.0,0.0,0.0,0.0,True,0.0
0.28800000000000003,penalty,10000.0,0.0,0.5917470400000003,0.0,-2.8252799999999985,0.5917470400000003,0.0,0.0,0.0,0.0,True,0.0
0.289,penalty,10000.0,0.0,0.5889119500000003,0.0,-2.8350899999999983,0.5889119500000003,0.0,0.0,0.0,0.0,True,0.0
0.29,penalty,10000.0,0.0,0.5860670500000003,0.0,-2.844899999999998,0.5860670500000003,0.0,0.0,0.0,0.0,True,0.0
0.291,penalty,10000.0,0.0,0.5832123400000002,0.0,-2.854709999999998,0.5832123400000002,0.0,0.0,0.0,0.0,True,0.0
0.292,penalty,10000.0,0.0,0.5803478200000002,0.0,-2.864519999999998,0.5803478200000002,0.0,0.0,0.0,0.0,True,0.0
0.293,penalty,10000.0,0.0,0.5774734900000001,0.0,-2.874329999999998,0.5774734900000001,0.0,0.0,0.0,0.0,True,0.0
0.294,penalty,10000.0,0.0,0.5745893500000001,0.0,-2.8841399999999977,0.5745893500000001,0.0,0.0,0.0,0.0,True,0.0
0.295,penalty,10000.0,0.0,0.5716954000000001,0.0,-2.8939499999999976,0.5716954000000001,0.0,0.0,0.0,0.0,True,0.0
0.296,penalty,10000.0,0.0,0.56879164,0.0,-2.9037599999999975,0.56879164,0.0,0.0,0.0,0.0,True,0.0
0.297,penalty,10000.0,0.0,0.56587807,0.0,-2.9135699999999973,0.56587807,0.0,0.0,0.0,0.0,True,0.0
0.298,penalty,10000.0,0.0,0.56295469,0.0,-2.923379999999997,0.56295469,0.0,0.0,0.0,0.0,True,0.0
0.299,penalty,10000.0,0.0,0.5600215,0.0,-2.933189999999997,0.5600215,0.0,0.0,0.0,0.0,True,0.0
0.3,penalty,10000.0,0.0,0.5570784999999999,0.0,-2.942999999999997,0.5570784999999999,0.0,0.0,0.0,0.0,True,0.0
0.301,penalty,10000.0,0.0,0.5541256899999999,0.0,-2.952809999999997,0.5541256899999999,0.0,0.0,0.0,0.0,True,0.0
0.302,penalty,10000.0,0.0,0.5511630699999999,0.0,-2.9626199999999967,0.5511630699999999,0.0,0.0,0.0,0.0,True,0.0
0.303,penalty,10000.0,0.0,0.5481906399999998,0.0,-2.9724299999999966,0.5481906399999998,0.0,0.0,0.0,0.0,True,0.0
0.304,penalty,10000.0,0.0,0.5452083999999998,0.0,-2.9822399999999964,0.5452083999999998,0.0,0.0,0.0,0.0,True,0.0
0.305,penalty,10000.0,0.0,0.5422163499999998,0.0,-2.9920499999999963,0.5422163499999998,0.0,0.0,0.0,0.0,True,0.0
0.306,penalty,10000.0,0.0,0.5392144899999998,0.0,-3.001859999999996,0.5392144899999998,0.0,0.0,0.0,0.0,True,0.0
0.307,penalty,10000.0,0.0,0.5362028199999997,0.0,-3.011669999999996,0.5362028199999997,0.0,0.0,0.0,0.0,True,0.0
0.308,penalty,10000.0,0.0,0.5331813399999997,0.0,-3.021479999999996,0.5331813399999997,0.0,0.0,0.0,0.0,True,0.0
0.309,penalty,10000.0,0.0,0.5301500499999997,0.0,-3.031289999999996,0.5301500499999997,0.0,0.0,0.0,0.0,True,0.0
0.31,penalty,10000.0,0.0,0.5271089499999997,0.0,-3.0410999999999957,0.5271089499999997,0.0,0.0,0.0,0.0,True,0.0
0.311,penalty,10000.0,0.0,0.5240580399999997,0.0,-3.0509099999999956,0.5240580399999997,0.0,0.0,0.0,0.0,True,0.0
0.312,penalty,10000.0,0.0,0.5209973199999997,0.0,-3.0607199999999954,0.5209973199999997,0.0,0.0,0.0,0.0,True,0.0
0.313,penalty,10000.0,0.0,0.5179267899999996,0.0,-3.0705299999999953,0.5179267899999996,0.0,0.0,0.0,0.0,True,0.0
0.314,penalty,10000.0,0.0,0.5148464499999996,0.0,-3.080339999999995,0.5148464499999996,0.0,0.0,0.0,0.0,True,0.0
0.315,penalty,10000.0,0.0,0.5117562999999996,0.0,-3.090149999999995,0.5117562999999996,0.0,0.0,0.0,0.0,True,0.0
0.316,penalty,10000.0,0.0,0.5086563399999996,0.0,-3.099959999999995,0.5086563399999996,0.0,0.0,0.0,0.0,True,0.0
0.317,penalty,10000.0,0.0,0.5055465699999996,0.0,-3.109769999999995,0.5055465699999996,0.0,0.0,0.0,0.0,True,0.0
0.318,penalty,10000.0,0.0,0.5024269899999996,0.0,-3.1195799999999947,0.5024269899999996,0.0,0.0,0.0,0.0,True,0.0
0.319,penalty,10000.0,0.0,0.49929759999999956,0.0,-3.1293899999999946,0.49929759999999956,0.0,0.0,0.0,0.0,True,0.0
0.32,penalty,10000.0,0.0,0.49615839999999956,0.0,-3.1391999999999944,0.49615839999999956,0.0,0.0,0.0,0.0,True,0.0
0.321,penalty,10000.0,0.0,0.49300938999999955,0.0,-3.1490099999999943,0.49300938999999955,0.0,0.0,0.0,0.0,True,0.0
0.322,penalty,10000.0,0.0,0.48985056999999954,0.0,-3.158819999999994,0.48985056999999954,0.0,0.0,0.0,0.0,True,0.0
0.323,penalty,10000.0,0.0,0.48668193999999954,0.0,-3.168629999999994,0.48668193999999954,0.0,0.0,0.0,0.0,True,0.0
0.324,penalty,10000.0,0.0,0.48350349999999953,0.0,-3.178439999999994,0.48350349999999953,0.0,0.0,0.0,0.0,True,0.0
0.325,penalty,10000.0,0.0,0.4803152499999995,0.0,-3.188249999999994,0.4803152499999995,0.0,0.0,0.0,0.0,True,0.0
0.326,penalty,10000.0,0.0,0.4771171899999995,0.0,-3.1980599999999937,0.4771171899999995,0.0,0.0,0.0,0.0,True,0.0
0.327,penalty,10000.0,0.0,0.4739093199999995,0.0,-3.2078699999999936,0.4739093199999995,0.0,0.0,0.0,0.0,True,0.0
0.328,penalty,10000.0,0.0,0.4706916399999995,0.0,-3.2176799999999934,0.4706916399999995,0.0,0.0,0.0,0.0,True,0.0
0.329,penalty,10000.0,0.0,0.4674641499999995,0.0,-3.2274899999999933,0.4674641499999995,0.0,0.0,0.0,0.0,True,0.0
0.33,penalty,10000.0,0.0,0.4642268499999995,0.0,-3.237299999999993,0.4642268499999995,0.0,0.0,0.0,0.0,True,0.0
0.331,penalty,10000.0,0.0,0.4609797399999995,0.0,-3.247109999999993,0.4609797399999995,0.0,0.0,0.0,0.0,True,0.0
0.332,penalty,10000.0,0.0,0.45772281999999953,0.0,-3.256919999999993,0.45772281999999953,0.0,0.0,0.0,0.0,True,0.0
0.333,penalty,10000.0,0.0,0.45445608999999954,0.0,-3.266729999999993,0.45445608999999954,0.0,0.0,0.0,0.0,True,0.0
0.334,penalty,10000.0,0.0,0.45117954999999954,0.0,-3.2765399999999927,0.45117954999999954,0.0,0.0,0.0,0.0,True,0.0
0.335,penalty,10000.0,0.0,0.44789319999999955,0.0,-3.2863499999999926,0.44789319999999955,0.0,0.0,0.0,0.0,True,0.0
0.336,penalty,10000.0,0.0,0.44459703999999955,0.0,-3.2961599999999924,0.44459703999999955,0.0,0.0,0.0,0.0,True,0.0
0.337,penalty,10000.0,0.0,0.44129106999999956,0.0,-3.3059699999999923,0.44129106999999956,0.0,0.0,0.0,0.0,True,0.0
0.338,penalty,10000.0,0.0,0.4379752899999996,0.0,-3.315779999999992,0.4379752899999996,0.0,0.0,0.0,0.0,True,0.0
0.339,penalty,10000.0,0.0,0.4346496999999996,0.0,-3.325589999999992,0.4346496999999996,0.0,0.0,0.0,0.0,True,0.0
0.34,penalty,10000.0,0.0,0.4313142999999996,0.0,-3.335399999999992,0.4313142999999996,0.0,0.0,0.0,0.0,True,0.0
0.341,penalty,10000.0,0.0,0.4279690899999996,0.0,-3.345209999999992,0.4279690899999996,0.0,0.0,0.0,0.0,True,0.0
0.342,penalty,10000.0,0.0,0.4246140699999996,0.0,-3.3550199999999917,0.4246140699999996,0.0,0.0,0.0,0.0,True,0.0
0.343,penalty,10000.0,0.0,0.42124923999999964,0.0,-3.3648299999999915,0.42124923999999964,0.0,0.0,0.0,0.0,True,0.0
0.34400000000000003,penalty,10000.0,0.0,0.41787459999999965,0.0,-3.3746399999999914,0.41787459999999965,0.0,0.0,0.0,0.0,True,0.0
0.34500000000000003,penalty,10000.0,0.0,0.41449014999999967,0.0,-3.3844499999999913,0.41449014999999967,0.0,0.0,0.0,0.0,True,0.0
0.34600000000000003,penalty,10000.0,0.0,0.4110958899999997,0.0,-3.394259999999991,0.4110958899999997,0.0,0.0,0.0,0.0,True,0.0
0.34700000000000003,penalty,10000.0,0.0,0.4076918199999997,0.0,-3.404069999999991,0.4076918199999997,0.0,0.0,0.0,0.0,True,0.0
0.34800000000000003,penalty,10000.0,0.0,0.4042779399999997,0.0,-3.413879999999991,0.4042779399999997,0.0,0.0,0.0,0.0,True,0.0
0.34900000000000003,penalty,10000.0,0.0,0.40085424999999975,0.0,-3.423689999999991,0.40085424999999975,0.0,0.0,0.0,0.0,True,0.0
0.35000000000000003,penalty,10000.0,0.0,0.39742074999999977,0.0,-3.4334999999999907,0.39742074999999977,0.0,0.0,0.0,0.0,True,0.0
0.35100000000000003,penalty,10000.0,0.0,0.3939774399999998,0.0,-3.4433099999999905,0.3939774399999998,0.0,0.0,0.0,0.0,True,0.0
0.352,penalty,10000.0,0.0,0.3905243199999998,0.0,-3.4531199999999904,0.3905243199999998,0.0,0.0,0.0,0.0,True,0.0
0.353,penalty,10000.0,0.0,0.38706138999999984,0.0,-3.4629299999999903,0.38706138999999984,0.0,0.0,0.0,0.0,True,0.0
0.354,penalty,10000.0,0.0,0.38358864999999986,0.0,-3.47273999999999,0.38358864999999986,0.0,0.0,0.0,0.0,True,0.0
0.355,penalty,10000.0,0.0,0.3801060999999999,0.0,-3.48254999999999,0.3801060999999999,0.0,0.0,0.0,0.0,True,0.0
0.356,penalty,10000.0,0.0,0.3766137399999999,0.0,-3.49235999999999,0.3766137399999999,0.0,0.0,0.0,0.0,True,0.0
0.357,penalty,10000.0,0.0,0.37311156999999995,0.0,-3.50216999999999,0.37311156999999995,0.0,0.0,0.0,0.0,True,0.0
0.358,penalty,10000.0,0.0,0.36959959,0.0,-3.5119799999999897,0.36959959,0.0,0.0,0.0,0.0,True,0.0
0.359,penalty,10000.0,0.0,0.3660778,0.0,-3.5217899999999895,0.3660778,0.0,0.0,0.0,0.0,True,0.0
0.36,penalty,10000.0,0.0,0.36254620000000004,0.0,-3.5315999999999894,0.36254620000000004,0.0,0.0,0.0,0.0,True,0.0
0.361,penalty,10000.0,0.0,0.3590047900000001,0.0,-3.5414099999999893,0.3590047900000001,0.0,0.0,0.0,0.0,True,0.0
0.362,penalty,10000.0,0.0,0.3554535700000001,0.0,-3.551219999999989,0.3554535700000001,0.0,0.0,0.0,0.0,True,0.0
0.363,penalty,10000.0,0.0,0.35189254000000014,0.0,-3.561029999999989,0.35189254000000014,0.0,0.0,0.0,0.0,True,0.0
0.364,penalty,10000.0,0.0,0.3483217000000002,0.0,-3.570839999999989,0.3483217000000002,0.0,0.0,0.0,0.0,True,0.0
0.365,penalty,10000.0,0.0,0.3447410500000002,0.0,-3.580649999999989,0.3447410500000002,0.0,0.0,0.0,0.0,True,0.0
0.366,penalty,10000.0,0.0,0.34115059000000025,0.0,-3.5904599999999887,0.34115059000000025,0.0,0.0,0.0,0.0,True,0.0
0.367,penalty,10000.0,0.0,0.3375503200000003,0.0,-3.6002699999999885,0.3375503200000003,0.0,0.0,0.0,0.0,True,0.0
0.368,penalty,10000.0,0.0,0.3339402400000003,0.0,-3.6100799999999884,0.3339402400000003,0.0,0.0,0.0,0.0,True,0.0
0.369,penalty,10000.0,0.0,0.33032035000000026,0.0,-3.6198899999999883,0.33032035000000026,0.0,0.0,0.0,0.0,True,0.0
0.37,penalty,10000.0,0.0,0.32669065000000025,0.0,-3.629699999999988,0.32669065000000025,0.0,0.0,0.0,0.0,True,0.0
0.371,penalty,10000.0,0.0,0.32305114000000024,0.0,-3.639509999999988,0.32305114000000024,0.0,0.0,0.0,0.0,True,0.0
0.372,penalty,10000.0,0.0,0.3194018200000002,0.0,-3.649319999999988,0.3194018200000002,0.0,0.0,0.0,0.0,True,0.0
0.373,penalty,10000.0,0.0,0.3157426900000002,0.0,-3.659129999999988,0.3157426900000002,0.0,0.0,0.0,0.0,True,0.0
0.374,penalty,10000.0,0.0,0.3120737500000002,0.0,-3.6689399999999877,0.3120737500000002,0.0,0.0,0.0,0.0,True,0.0
0.375,penalty,10000.0,0.0,0.3083950000000002,0.0,-3.6787499999999875,0.3083950000000002,0.0,0.0,0.0,0.0,True,0.0
0.376,penalty,10000.0,0.0,0.3047064400000002,0.0,-3.6885599999999874,0.3047064400000002,0.0,0.0,0.0,0.0,True,0.0
0.377,penalty,10000.0,0.0,0.3010080700000002,0.0,-3.6983699999999873,0.3010080700000002,0.0,0.0,0.0,0.0,True,0.0
0.378,penalty,10000.0,0.0,0.2972998900000002,0.0,-3.708179999999987,0.2972998900000002,0.0,0.0,0.0,0.0,True,0.0
0.379,penalty,10000.0,0.0,0.2935819000000002,0.0,-3.717989999999987,0.2935819000000002,0.0,0.0,0.0,0.0,True,0.0
0.38,penalty,10000.0,0.0,0.28985410000000017,0.0,-3.727799999999987,0.28985410000000017,0.0,0.0,0.0,0.0,True,0.0
0.381,penalty,10000.0,0.0,0.28611649000000017,0.0,-3.7376099999999868,0.28611649000000017,0.0,0.0,0.0,0.0,True,0.0
0.382,penalty,10000.0,0.0,0.28236907000000017,0.0,-3.7474199999999867,0.28236907000000017,0.0,0.0,0.0,0.0,True,0.0
0.383,penalty,10000.0,0.0,0.27861184000000017,0.0,-3.7572299999999865,0.27861184000000017,0.0,0.0,0.0,0.0,True,0.0
0.384,penalty,10000.0,0.0,0.27484480000000017,0.0,-3.7670399999999864,0.27484480000000017,0.0,0.0,0.0,0.0,True,0.0
0.385,penalty,10000.0,0.0,0.27106795000000017,0.0,-3.7768499999999863,0.27106795000000017,0.0,0.0,0.0,0.0,True,0.0
0.386,penalty,10000.0,0.0,0.26728129000000017,0.0,-3.786659999999986,0.26728129000000017,0.0,0.0,0.0,0.0,True,0.0
0.387,penalty,10000.0,0.0,0.2634848200000002,0.0,-3.796469999999986,0.2634848200000002,0.0,0.0,0.0,0.0,True,0.0
0.388,penalty,10000.0,0.0,0.2596785400000002,0.0,-3.806279999999986,0.2596785400000002,0.0,0.0,0.0,0.0,True,0.0
0.389,penalty,10000.0,0.0,0.2558624500000002,0.0,-3.8160899999999858,0.2558624500000002,0.0,0.0,0.0,0.0,True,0.0
0.39,penalty,10000.0,0.0,0.2520365500000002,0.0,-3.8258999999999856,0.2520365500000002,0.0,0.0,0.0,0.0,True,0.0
0.391,penalty,10000.0,0.0,0.2482008400000002,0.0,-3.8357099999999855,0.2482008400000002,0.0,0.0,0.0,0.0,True,0.0
0.392,penalty,10000.0,0.0,0.2443553200000002,0.0,-3.8455199999999854,0.2443553200000002,0.0,0.0,0.0,0.0,True,0.0
0.393,penalty,10000.0,0.0,0.24049999000000022,0.0,-3.8553299999999853,0.24049999000000022,0.0,0.0,0.0,0.0,True,0.0
0.394,penalty,10000.0,0.0,0.23663485000000023,0.0,-3.865139999999985,0.23663485000000023,0.0,0.0,0.0,0.0,True,0.0
0.395,penalty,10000.0,0.0,0.23275990000000024,0.0,-3.874949999999985,0.23275990000000024,0.0,0.0,0.0,0.0,True,0.0
0.396,penalty,10000.0,0.0,0.22887514000000025,0.0,-3.884759999999985,0.22887514000000025,0.0,0.0,0.0,0.0,True,0.0
0.397,penalty,10000.0,0.0,0.22498057000000027,0.0,-3.8945699999999848,0.22498057000000027,0.0,0.0,0.0,0.0,True,0.0
0.398,penalty,10000.0,0.0,0.22107619000000028,0.0,-3.9043799999999846,0.22107619000000028,0.0,0.0,0.0,0.0,True,0.0
0.399,penalty,10000.0,0.0,0.2171620000000003,0.0,-3.9141899999999845,0.2171620000000003,0.0,0.0,0.0,0.0,True,0.0
0.4,penalty,10000.0,0.0,0.21323800000000032,0.0,-3.9239999999999844,0.21323800000000032,0.0,0.0,0.0,0.0,True,0.0
0.401,penalty,10000.0,0.0,0.20930419000000033,0.0,-3.9338099999999843,0.20930419000000033,0.0,0.0,0.0,0.0,True,0.0
0.402,penalty,10000.0,0.0,0.20536057000000035,0.0,-3.943619999999984,0.20536057000000035,0.0,0.0,0.0,0.0,True,0.0
0.403,penalty,10000.0,0.0,0.20140714000000037,0.0,-3.953429999999984,0.20140714000000037,0.0,0.0,0.0,0.0,True,0.0
0.404,penalty,10000.0,0.0,0.1974439000000004,0.0,-3.963239999999984,0.1974439000000004,0.0,0.0,0.0,0.0,True,0.0
0.405,penalty,10000.0,0.0,0.19347085000000042,0.0,-3.9730499999999838,0.19347085000000042,0.0,0.0,0.0,0.0,True,0.0
0.406,penalty,10000.0,0.0,0.18948799000000044,0.0,-3.9828599999999836,0.18948799000000044,0.0,0.0,0.0,0.0,True,0.0
0.40700000000000003,penalty,10000.0,0.0,0.18549532000000046,0.0,-3.9926699999999835,0.18549532000000046,0.0,0.0,0.0,0.0,True,0.0
0.40800000000000003,penalty,10000.0,0.0,0.1814928400000005,0.0,-4.002479999999983,0.1814928400000005,0.0,0.0,0.0,0.0,True,0.0
0.40900000000000003,penalty,10000.0,0.0,0.17748055000000051,0.0,-4.012289999999983,0.17748055000000051,0.0,0.0,0.0,0.0,True,0.0
0.41000000000000003,penalty,10000.0,0.0,0.17345845000000054,0.0,-4.022099999999983,0.17345845000000054,0.0,0.0,0.0,0.0,True,0.0
0.41100000000000003,penalty,10000.0,0.0,0.16942654000000057,0.0,-4.031909999999983,0.16942654000000057,0.0,0.0,0.0,0.0,True,0.0
0.41200000000000003,penalty,10000.0,0.0,0.1653848200000006,0.0,-4.041719999999983,0.1653848200000006,0.0,0.0,0.0,0.0,True,0.0
0.41300000000000003,penalty,10000.0,0.0,0.16133329000000063,0.0,-4.051529999999983,0.16133329000000063,0.0,0.0,0.0,0.0,True,0.0
0.41400000000000003,penalty,10000.0,0.0,0.15727195000000066,0.0,-4.061339999999983,0.15727195000000066,0.0,0.0,0.0,0.0,True,0.0
0.41500000000000004,penalty,10000.0,0.0,0.15320080000000066,0.0,-4.0711499999999825,0.15320080000000066,0.0,0.0,0.0,0.0,True,0.0
0.41600000000000004,penalty,10000.0,0.0,0.14911984000000067,0.0,-4.080959999999982,0.14911984000000067,0.0,0.0,0.0,0.0,True,0.0
0.417,penalty,10000.0,0.0,0.14502907000000068,0.0,-4.090769999999982,0.14502907000000068,0.0,0.0,0.0,0.0,True,0.0
0.418,penalty,10000.0,0.0,0.14092849000000068,0.0,-4.100579999999982,0.14092849000000068,0.0,0.0,0.0,0.0,True,0.0
0.419,penalty,10000.0,0.0,0.1368181000000007,0.0,-4.110389999999982,0.1368181000000007,0.0,0.0,0.0,0.0,True,0.0
0.42,penalty,10000.0,0.0,0.1326979000000007,0.0,-4.120199999999982,0.1326979000000007,0.0,0.0,0.0,0.0,True,0.0
0.421,penalty,10000.0,0.0,0.1285678900000007,0.0,-4.130009999999982,0.1285678900000007,0.0,0.0,0.0,0.0,True,0.0
0.422,penalty,10000.0,0.0,0.12442807000000072,0.0,-4.139819999999982,0.12442807000000072,0.0,0.0,0.0,0.0,True,0.0
0.423,penalty,10000.0,0.0,0.12027844000000074,0.0,-4.1496299999999815,0.12027844000000074,0.0,0.0,0.0,0.0,True,0.0
0.424,penalty,10000.0,0.0,0.11611900000000075,0.0,-4.159439999999981,0.11611900000000075,0.0,0.0,0.0,0.0,True,0.0
0.425,penalty,10000.0,0.0,0.11194975000000076,0.0,-4.169249999999981,0.11194975000000076,0.0,0.0,0.0,0.0,True,0.0
0.426,penalty,10000.0,0.0,0.10777069000000078,0.0,-4.179059999999981,0.10777069000000078,0.0,0.0,0.0,0.0,True,0.0
0.427,penalty,10000.0,0.0,0.1035818200000008,0.0,-4.188869999999981,0.1035818200000008,0.0,0.0,0.0,0.0,True,0.0
0.428,penalty,10000.0,0.0,0.09938314000000081,0.0,-4.198679999999981,0.09938314000000081,0.0,0.0,0.0,0.0,True,0.0
0.429,penalty,10000.0,0.0,0.09517465000000083,0.0,-4.208489999999981,0.09517465000000083,0.0,0.0,0.0,0.0,True,0.0
0.43,penalty,10000.0,0.0,0.09095635000000085,0.0,-4.218299999999981,0.09095635000000085,0.0,0.0,0.0,0.0,True,0.0
0.431,penalty,10000.0,0.0,0.08672824000000087,0.0,-4.2281099999999805,0.08672824000000087,0.0,0.0,0.0,0.0,True,0.0
0.432,penalty,10000.0,0.0,0.0824903200000009,0.0,-4.23791999999998,0.0824903200000009,0.0,0.0,0.0,0.0,True,0.0
0.433,penalty,10000.0,0.0,0.07824259000000092,0.0,-4.24772999999998,0.07824259000000092,0.0,0.0,0.0,0.0,True,0.0
0.434,penalty,10000.0,0.0,0.07398505000000094,0.0,-4.25753999999998,0.07398505000000094,0.0,0.0,0.0,0.0,True,0.0
0.435,penalty,10000.0,0.0,0.06971770000000097,0.0,-4.26734999999998,0.06971770000000097,0.0,0.0,0.0,0.0,True,0.0
0.436,penalty,10000.0,0.0,0.06544054000000099,0.0,-4.27715999999998,0.06544054000000099,0.0,0.0,0.0,0.0,True,0.0
0.437,penalty,10000.0,0.0,0.06115357000000101,0.0,-4.28696999999998,0.06115357000000101,0.0,0.0,0.0,0.0,True,0.0
0.438,penalty,10000.0,0.0,0.05685679000000103,0.0,-4.29677999999998,0.05685679000000103,0.0,0.0,0.0,0.0,True,0.0
0.439,penalty,10000.0,0.0,0.05255020000000105,0.0,-4.3065899999999795,0.05255020000000105,0.0,0.0,0.0,0.0,True,0.0
0.44,penalty,10000.0,0.0,0.048233800000001076,0.0,-4.316399999999979,0.048233800000001076,0.0,0.0,0.0,0.0,True,0.0
0.441,penalty,10000.0,0.0,0.04390759000000109,0.0,-4.326209999999979,0.04390759000000109,0.0,0.0,0.0,0.0,True,0.0
0.442,penalty,10000.0,0.0,0.03957157000000111,0.0,-4.336019999999979,0.03957157000000111,0.0,0.0,0.0,0.0,True,0.0
0.443,penalty,10000.0,0.0,0.03522574000000113,0.0,-4.345829999999979,0.03522574000000113,0.0,0.0,0.0,0.0,True,0.0
0.444,penalty,10000.0,0.0,0.03087010000000115,0.0,-4.355639999999979,0.03087010000000115,0.0,0.0,0.0,0.0,True,0.0
0.445,penalty,10000.0,0.0,0.02650465000000117,0.0,-4.365449999999979,0.02650465000000117,0.0,0.0,0.0,0.0,True,0.0
0.446,penalty,10000.0,0.0,0.022129390000001192,0.0,-4.375259999999979,0.022129390000001192,0.0,0.0,0.0,0.0,True,0.0
0.447,penalty,10000.0,0.0,0.017744320000001215,0.0,-4.3850699999999785,0.017744320000001215,0.0,0.0,0.0,0.0,True,0.0
0.448,penalty,10000.0,0.0,0.013349440000001236,0.0,-4.394879999999978,0.013349440000001236,0.0,0.0,0.0,0.0,True,0.0
0.449,penalty,10000.0,0.0,0.008944750000001257,0.0,-4.404689999999978,0.008944750000001257,0.0,0.0,0.0,0.0,True,0.0
0.45,penalty,10000.0,0.0,0.004530250000001279,0.0,-4.414499999999978,0.004530250000001279,0.0,0.0,0.0,0.0,True,0.0
0.451,penalty,10000.0,0.0,0.00010594000000130072,0.0,-4.424309999999978,0.00010594000000130072,0.0,0.0,0.0,0.0,True,0.0
0.452,penalty,10000.0,0.0,-0.004328179999998677,0.0,-4.434119999999978,-0.004328179999998677,0.004328179999998677,0.0,0.004328179999998677,0.008656359999997355,True,0.0
0.453,penalty,10000.0,0.0,-0.008728828199998668,0.0,-4.400648199999991,-0.008728828199998668,0.008728828199998668,43.281799999986774,0.38652822458658553,0.008729708390298185,True,0.0
0.454,penalty,10000.0,0.0,-0.013051998117998672,0.0,-4.323169918000004,-0.013051998117998672,0.013051998117998672,87.28828199998668,1.1523384905051621,0.013052973934279066,True,0.0
0.455,penalty,10000.0,0.0,-0.01725445805481869,0.0,-4.202459936820017,-0.01725445805481869,0.01725445805481869,130.51998117998673,2.269305998640625,0.01725559855574943,True,0.0
0.456,penalty,10000.0,0.0,-0.021294183411090524,0.0,-4.0397253562718305,-0.021294183411090524,0.021294183411090524,172.54458054818693,3.6954901281938652,0.02129549739686354,True,0.0
0.457,penalty,10000.0,0.0,-0.02513077693325145,0.0,-3.8365935221609253,-0.02513077693325145,0.02513077693325145,212.94183411090523,5.376524509731846,0.025132259863909212,True,0.0
0.458,penalty,10000.0,0.0,-0.02872587268607986,0.0,-3.595095752828411,-0.02872587268607986,0.02872587268607986,251.30776933251448,7.247760859554615,0.02872751444940036,True,0.0
0.459,penalty,10000.0,0.0,-0.03204351971204747,0.0,-3.317647025967612,-0.03204351971204747,0.03204351971204747,287.2587268607986,9.236824196333707,0.03204530692869412,True,0.0
0.46,penalty,10000.0,0.0,-0.035050541540894604,0.0,-3.0070218288471375,-0.035050541540894604,0.035050541540894604,320.4351971204747,11.266477729376843,0.0350524585282983,True,0.0
0.461,penalty,10000.0,0.0,-0.037716867954332794,0.0,-2.6663264134381914,-0.037716867954332794,0.037716867954332794,350.505415408946,13.257683338212113,0.037718897255501815,True,0.0
0.462,penalty,10000.0,0.0,-0.040015835688227655,0.0,-2.2989677338948633,-0.040015835688227655,0.040015835688227655,377.1686795433279,15.132735743039829,0.040017958434873435,True,0.0
0.463,penalty,10000.0,0.0,-0.04192445506524024,0.0,-1.9086193770125868,-0.04192445506524024,0.04192445506524024,400.15835688227656,16.81834550715661,0.04192665127061446,True,0.0
0.464,penalty,10000.0,0.0,-0.043423639891600425,0.0,-1.4991848263601844,-0.043423639891600425,0.043423639891600425,419.24455065240244,18.248548033937357,0.04342588871332964,True,0.0
0.465,penalty,10000.0,0.0,-0.044498398319044605,0.0,-1.0747584274441802,-0.044498398319044605,0.044498398319044605,434.23639891600425,19.367322641910953,0.04450067830691751,True,0.0
0.466,penalty,10000.0,0.0,-0.04513798276329834,0.0,-0.6395844442537342,-0.04513798276329834,0.04513798276329834,444.98398319044605,20.13081734595749,0.04514027210132099,True,0.0
0.467,penalty,10000.0,0.0,-0.04533599737991909,0.0,-0.19801461662075076,-0.04533599737991909,0.04533599737991909,451.3798276329834,20.509090680297184,0.04533827412399205,True,0.0
0.468,penalty,10000.0,0.0,-0.045090462022740654,0.0,0.24553535717844016,-0.045090462022740654,0.045090462022740654,453.3599737991909,20.48730114324586,0.04509270433555912,True,0.0
0.46900000000000003,penalty,10000.0,0.0,-0.04440383204533481,0.0,0.6866299774058467,-0.04440383204533481,0.04440383204533481,450.90462022740655,20.06629685708857,0.04440601842821934,True,0.0
0.47000000000000003,penalty,10000.0,0.0,-0.04328297374747561,0.0,1.1208582978591948,-0.04328297374747561,0.04328297374747561,444.0383204533481,19.262581940802907,0.04328508326784686,True,0.0
0.47100000000000003,penalty,10000.0,0.0,-0.04173909571214166,0.0,1.543878035333951,-0.04173909571214166,0.04173909571214166,432.82973747475614,18.107660935232136,0.041741108226517554,True,0.0
0.47200000000000003,penalty,10000.0,0.0,-0.0397876367196863,0.0,1.9514589924553676,-0.0397876367196863,0.0397876367196863,417.39095712141665,16.646787408748775,0.039789533090470286,True,0.0
0.47300000000000003,penalty,10000.0,0.0,-0.037448111360034064,0.0,2.3395253596522307,-0.037448111360034064,0.037448111360034064,397.876367196863,14.937166617673963,0.03744987366758323,True,0.0
0.47400000000000003,penalty,10000.0,0.0,-0.034743914886781496,0.0,2.7041964732525714,-0.034743914886781496,0.034743914886781496,374.4811136003406,13.045683852524169,0.03474552663647046,True,0.0
0.47500000000000003,penalty,10000.0,0.0,-0.03170208926466111,0.0,3.0418256221203865,-0.03170208926466111,0.03170208926466111,347.43914886781494,11.04624900071001,0.03170353559346495,True,0.0
0.47600000000000003,penalty,10000.0,0.0,-0.02835305274989411,0.0,3.349036514766998,-0.02835305274989411,0.02835305274989411,317.02089264661106,9.016863144777775,0.028354320640460173,True,0.0
0.47700000000000004,penalty,10000.0,0.0,-0.02473029570762817,0.0,3.6227570422659388,-0.02473029570762817,0.02473029570762817,283.53052749894107,7.036524082896241,0.024731374229133962,True,0.0
0.47800000000000004,penalty,10000.0,0.0,-0.02087004570828595,0.0,3.8602499993422206,-0.02087004570828595,0.02087004570828595,247.3029570762817,5.182094063684564,0.02087092632615395,True,0.0
0.47900000000000004,penalty,10000.0,0.0,-0.01681090525186087,0.0,4.05914045642508,-0.01681090525186087,0.01681090525186087,208.70045708285951,3.525254515291868,0.016811582314431917,True,0.0
0.48,penalty,10000.0,0.0,-0.01259346574291718,0.0,4.217439508943689,-0.01259346574291718,0.01259346574291718,168.1090525186087,2.129669059710281,0.012593937446780501,True,0.0
0.481,penalty,10000.0,0.0,-0.00825990157654432,0.0,4.33356416637286,-0.00825990157654432,0.00825990157654432,125.9346574291718,1.0484677770173294,0.008260172455010206,True,0.0
0.482,penalty,10000.0,0.0,-0.0038535483944060157,0.0,4.406353182138304,-0.0038535483944060157,0.0038535483944060157,82.5990157654432,0.3221528529768468,0.003853638285519878,True,0.0
0.483,penalty,10000.0,0.0,0.0005815302716763483,0.0,4.435078666082364,0.0005815302716763483,0.0,38.535483944060154,0.02240955044716886,0.0005815258838026693,True,0.0
0.484,penalty,10000.0,0.0,0.0050067989377587125,0.0,4.425268666082364,0.0050067989377587125,0.0,0.0,0.0,0.0,True,0.0
0.485,penalty,10000.0,0.0,0.009422257603841078,0.0,4.4154586660823645,0.009422257603841078,0.0,0.0,0.0,0.0,True,0.0
0.486,penalty,10000.0,0.0,0.013827906269923442,0.0,4.405648666082365,0.013827906269923442,0.0,0.0,0.0,0.0,True,0.0
0.487,penalty,10000.0,0.0,0.018223744936005808,0.0,4.395838666082365,0.018223744936005808,0.0,0.0,0.0,0.0,True,0.0
0.488,penalty,10000.0,0.0,0.02260977360208817,0.0,4.386028666082365,0.02260977360208817,0.0,0.0,0.0,0.0,True,0.0
0.489,penalty,10000.0,0.0,0.026985992268170535,0.0,4.376218666082365,0.026985992268170535,0.0,0.0,0.0,0.0,True,0.0
0.49,penalty,10000.0,0.0,0.0313524009342529,0.0,4.366408666082365,0.0313524009342529,0.0,0.0,0.0,0.0,True,0.0
0.491,penalty,10000.0,0.0,0.035708999600335266,0.0,4.356598666082365,0.035708999600335266,0.0,0.0,0.0,0.0,True,0.0
0.492,penalty,10000.0,0.0,0.04005578826641763,0.0,4.346788666082365,0.04005578826641763,0.0,0.0,0.0,0.0,True,0.0
0.493,penalty,10000.0,0.0,0.0443927669325,0.0,4.3369786660823655,0.0443927669325,0.0,0.0,0.0,0.0,True,0.0
0.494,penalty,10000.0,0.0,0.04871993559858237,0.0,4.327168666082366,0.04871993559858237,0.0,0.0,0.0,0.0,True,0.0
0.495,penalty,10000.0,0.0,0.05303729426466473,0.0,4.317358666082366,0.05303729426466473,0.0,0.0,0.0,0.0,True,0.0
0.496,penalty,10000.0,0.0,0.0573448429307471,0.0,4.307548666082366,0.0573448429307471,0.0,0.0,0.0,0.0,True,0.0
0.497,penalty,10000.0,0.0,0.06164258159682946,0.0,4.297738666082366,0.06164258159682946,0.0,0.0,0.0,0.0,True,0.0
0.498,penalty,10000.0,0.0,0.06593051026291183,0.0,4.287928666082366,0.06593051026291183,0.0,0.0,0.0,0.0,True,0.0
0.499,penalty,10000.0,0.0,0.0702086289289942,0.0,4.278118666082366,0.0702086289289942,0.0,0.0,0.0,0.0,True,0.0
0.5,penalty,10000.0,0.0,0.07447693759507656,0.0,4.268308666082366,0.07447693759507656,0.0,0.0,0.0,0.0,True,0.0
0.501,penalty,10000.0,0.0,0.07873543626115893,0.0,4.2584986660823665,0.07873543626115893,0.0,0.0,0.0,0.0,True,0.0
0.502,penalty,10000.0,0.0,0.0829841249272413,0.0,4.248688666082367,0.0829841249272413,0.0,0.0,0.0,0.0,True,0.0
0.503,penalty,10000.0,0.0,0.08722300359332368,0.0,4.238878666082367,0.08722300359332368,0.0,0.0,0.0,0.0,True,0.0
0.504,penalty,10000.0,0.0,0.09145207225940605,0.0,4.229068666082367,0.09145207225940605,0.0,0.0,0.0,0.0,True,0.0
0.505,penalty,10000.0,0.0,0.09567133092548842,0.0,4.219258666082367,0.09567133092548842,0.0,0.0,0.0,0.0,True,0.0
0.506,penalty,10000.0,0.0,0.0998807795915708,0.0,4.209448666082367,0.0998807795915708,0.0,0.0,0.0,0.0,True,0.0
0.507,penalty,10000.0,0.0,0.10408041825765316,0.0,4.199638666082367,0.10408041825765316,0.0,0.0,0.0,0.0,True,0.0
0.508,penalty,10000.0,0.0,0.10827024692373552,0.0,4.189828666082367,0.10827024692373552,0.0,0.0,0.0,0.0,True,0.0
0.509,penalty,10000.0,0.0,0.11245026558981788,0.0,4.1800186660823675,0.11245026558981788,0.0,0.0,0.0,0.0,True,0.0
0.51,penalty,10000.0,0.0,0.11662047425590025,0.0,4.170208666082368,0.11662047425590025,0.0,0.0,0.0,0.0,True,0.0
0.511,penalty,10000.0,0.0,0.12078087292198261,0.0,4.160398666082368,0.12078087292198261,0.0,0.0,0.0,0.0,True,0.0
0.512,penalty,10000.0,0.0,0.12493146158806498,0.0,4.150588666082368,0.12493146158806498,0.0,0.0,0.0,0.0,True,0.0
0.513,penalty,10000.0,0.0,0.12907224025414735,0.0,4.140778666082368,0.12907224025414735,0.0,0.0,0.0,0.0,True,0.0
0.514,penalty,10000.0,0.0,0.13320320892022972,0.0,4.130968666082368,0.13320320892022972,0.0,0.0,0.0,0.0,True,0.0
0.515,penalty,10000.0,0.0,0.13732436758631208,0.0,4.121158666082368,0.13732436758631208,0.0,0.0,0.0,0.0,True,0.0
0.516,penalty,10000.0,0.0,0.14143571625239446,0.0,4.111348666082368,0.14143571625239446,0.0,0.0,0.0,0.0,True,0.0
0.517,penalty,10000.0,0.0,0.14553725491847683,0.0,4.1015386660823685,0.14553725491847683,0.0,0.0,0.0,0.0,True,0.0
0.518,penalty,10000.0,0.0,0.1496289835845592,0.0,4.091728666082369,0.1496289835845592,0.0,0.0,0.0,0.0,True,0.0
0.519,penalty,10000.0,0.0,0.15371090225064157,0.0,4.081918666082369,0.15371090225064157,0.0,0.0,0.0,0.0,True,0.0
0.52,penalty,10000.0,0.0,0.15778301091672395,0.0,4.072108666082369,0.15778301091672395,0.0,0.0,0.0,0.0,True,0.0
0.521,penalty,10000.0,0.0,0.16184530958280632,0.0,4.062298666082369,0.16184530958280632,0.0,0.0,0.0,0.0,True,0.0
0.522,penalty,10000.0,0.0,0.1658977982488887,0.0,4.052488666082369,0.1658977982488887,0.0,0.0,0.0,0.0,True,0.0
0.523,penalty,10000.0,0.0,0.16994047691497108,0.0,4.042678666082369,0.16994047691497108,0.0,0.0,0.0,0.0,True,0.0
0.524,penalty,10000.0,0.0,0.17397334558105346,0.0,4.032868666082369,0.17397334558105346,0.0,0.0,0.0,0.0,True,0.0
0.525,penalty,10000.0,0.0,0.17799640424713584,0.0,4.0230586660823695,0.17799640424713584,0.0,0.0,0.0,0.0,True,0.0
0.526,penalty,10000.0,0.0,0.18200965291321822,0.0,4.01324866608237,0.18200965291321822,0.0,0.0,0.0,0.0,True,0.0
0.527,penalty,10000.0,0.0,0.1860130915793006,0.0,4.00343866608237,0.1860130915793006,0.0,0.0,0.0,0.0,True,0.0
0.528,penalty,10000.0,0.0,0.19000672024538298,0.0,3.99362866608237,0.19000672024538298,0.0,0.0,0.0,0.0,True,0.0
0.529,penalty,10000.0,0.0,0.19399053891146534,0.0,3.98381866608237,0.19399053891146534,0.0,0.0,0.0,0.0,True,0.0
0.53,penalty,10000.0,0.0,0.1979645475775477,0.0,3.97400866608237,0.1979645475775477,0.0,0.0,0.0,0.0,True,0.0
0.531,penalty,10000.0,0.0,0.20192874624363005,0.0,3.9641986660823703,0.20192874624363005,0.0,0.0,0.0,0.0,True,0.0
0.532,penalty,10000.0,0.0,0.2058831349097124,0.0,3.9543886660823704,0.2058831349097124,0.0,0.0,0.0,0.0,True,0.0
0.533,penalty,10000.0,0.0,0.20982771357579477,0.0,3.9445786660823705,0.20982771357579477,0.0,0.0,0.0,0.0,True,0.0
0.534,penalty,10000.0,0.0,0.21376248224187713,0.0,3.9347686660823706,0.21376248224187713,0.0,0.0,0.0,0.0,True,0.0
0.535,penalty,10000.0,0.0,0.2176874409079595,0.0,3.9249586660823708,0.2176874409079595,0.0,0.0,0.0,0.0,True,0.0
0.536,penalty,10000.0,0.0,0.22160258957404186,0.0,3.915148666082371,0.22160258957404186,0.0,0.0,0.0,0.0,True,0.0
0.537,penalty,10000.0,0.0,0.22550792824012422,0.0,3.905338666082371,0.22550792824012422,0.0,0.0,0.0,0.0,True,0.0
0.538,penalty,10000.0,0.0,0.2294034569062066,0.0,3.895528666082371,0.2294034569062066,0.0,0.0,0.0,0.0,True,0.0
0.539,penalty,10000.0,0.0,0.23328917557228895,0.0,3.8857186660823713,0.23328917557228895,0.0,0.0,0.0,0.0,True,0.0
0.54,penalty,10000.0,0.0,0.23716508423837132,0.0,3.8759086660823714,0.23716508423837132,0.0,0.0,0.0,0.0,True,0.0
0.541,penalty,10000.0,0.0,0.2410311829044537,0.0,3.8660986660823715,0.2410311829044537,0.0,0.0,0.0,0.0,True,0.0
0.542,penalty,10000.0,0.0,0.24488747157053606,0.0,3.8562886660823716,0.24488747157053606,0.0,0.0,0.0,0.0,True,0.0
0.543,penalty,10000.0,0.0,0.24873395023661843,0.0,3.8464786660823718,0.24873395023661843,0.0,0.0,0.0,0.0,True,0.0
0.544,penalty,10000.0,0.0,0.2525706189027008,0.0,3.836668666082372,0.2525706189027008,0.0,0.0,0.0,0.0,True,0.0
0.545,penalty,10000.0,0.0,0.25639747756878317,0.0,3.826858666082372,0.25639747756878317,0.0,0.0,0.0,0.0,True,0.0
0.546,penalty,10000.0,0.0,0.2602145262348655,0.0,3.817048666082372,0.2602145262348655,0.0,0.0,0.0,0.0,True,0.0
0.547,penalty,10000.0,0.0,0.26402176490094786,0.0,3.8072386660823723,0.26402176490094786,0.0,0.0,0.0,0.0,True,0.0
0.548,penalty,10000.0,0.0,0.2678191935670302,0.0,3.7974286660823724,0.2678191935670302,0.0,0.0,0.0,0.0,True,0.0
0.549,penalty,10000.0,0.0,0.27160681223311256,0.0,3.7876186660823725,0.27160681223311256,0.0,0.0,0.0,0.0,True,0.0
0.55,penalty,10000.0,0.0,0.2753846208991949,0.0,3.7778086660823726,0.2753846208991949,0.0,0.0,0.0,0.0,True,0.0
0.551,penalty,10000.0,0.0,0.27915261956527726,0.0,3.7679986660823728,0.27915261956527726,0.0,0.0,0.0,0.0,True,0.0
0.552,penalty,10000.0,0.0,0.2829108082313596,0.0,3.758188666082373,0.2829108082313596,0.0,0.0,0.0,0.0,True,0.0
0.553,penalty,10000.0,0.0,0.28665918689744196,0.0,3.748378666082373,0.28665918689744196,0.0,0.0,0.0,0.0,True,0.0
0.554,penalty,10000.0,0.0,0.2903977555635243,0.0,3.738568666082373,0.2903977555635243,0.0,0.0,0.0,0.0,True,0.0
0.555,penalty,10000.0,0.0,0.2941265142296067,0.0,3.7287586660823733,0.2941265142296067,0.0,0.0,0.0,0.0,True,0.0
0.556,penalty,10000.0,0.0,0.29784546289568903,0.0,3.7189486660823734,0.29784546289568903,0.0,0.0,0.0,0.0,True,0.0
0.557,penalty,10000.0,0.0,0.3015546015617714,0.0,3.7091386660823735,0.3015546015617714,0.0,0.0,0.0,0.0,True,0.0
0.558,penalty,10000.0,0.0,0.30525393022785374,0.0,3.6993286660823737,0.30525393022785374,0.0,0.0,0.0,0.0,True,0.0
0.559,penalty,10000.0,0.0,0.3089434488939361,0.0,3.6895186660823738,0.3089434488939361,0.0,0.0,0.0,0.0,True,0.0
0.56,penalty,10000.0,0.0,0.31262315756001846,0.0,3.679708666082374,0.31262315756001846,0.0,0.0,0.0,0.0,True,0.0
0.561,penalty,10000.0,0.0,0.3162930562261008,0.0,3.669898666082374,0.3162930562261008,0.0,0.0,0.0,0.0,True,0.0
0.562,penalty,10000.0,0.0,0.3199531448921832,0.0,3.660088666082374,0.3199531448921832,0.0,0.0,0.0,0.0,True,0.0
0.5630000000000001,penalty,10000.0,0.0,0.32360342355826555,0.0,3.6502786660823743,0.32360342355826555,0.0,0.0,0.0,0.0,True,0.0
0.5640000000000001,penalty,10000.0,0.0,0.3272438922243479,0.0,3.6404686660823744,0.3272438922243479,0.0,0.0,0.0,0.0,True,0.0
0.5650000000000001,penalty,10000.0,0.0,0.3308745508904303,0.0,3.6306586660823745,0.3308745508904303,0.0,0.0,0.0,0.0,True,0.0
0.5660000000000001,penalty,10000.0,0.0,0.33449539955651264,0.0,3.6208486660823747,0.33449539955651264,0.0,0.0,0.0,0.0,True,0.0
0.5670000000000001,penalty,10000.0,0.0,0.338106438222595,0.0,3.611038666082375,0.338106438222595,0.0,0.0,0.0,0.0,True,0.0
0.5680000000000001,penalty,10000.0,0.0,0.3417076668886774,0.0,3.601228666082375,0.3417076668886774,0.0,0.0,0.0,0.0,True,0.0
0.5690000000000001,penalty,10000.0,0.0,0.34529908555475974,0.0,3.591418666082375,0.34529908555475974,0.0,0.0,0.0,0.0,True,0.0
0.5700000000000001,penalty,10000.0,0.0,0.3488806942208421,0.0,3.581608666082375,0.3488806942208421,0.0,0.0,0.0,0.0,True,0.0
0.5710000000000001,penalty,10000.0,0.0,0.3524524928869245,0.0,3.5717986660823753,0.3524524928869245,0.0,0.0,0.0,0.0,True,0.0
0.5720000000000001,penalty,10000.0,0.0,0.35601448155300686,0.0,3.5619886660823754,0.35601448155300686,0.0,0.0,0.0,0.0,True,0.0
0.5730000000000001,penalty,10000.0,0.0,0.35956666021908923,0.0,3.5521786660823755,0.35956666021908923,0.0,0.0,0.0,0.0,True,0.0
0.5740000000000001,penalty,10000.0,0.0,0.3631090288851716,0.0,3.5423686660823757,0.3631090288851716,0.0,0.0,0.0,0.0,True,0.0
0.5750000000000001,penalty,10000.0,0.0,0.366641587551254,0.0,3.532558666082376,0.366641587551254,0.0,0.0,0.0,0.0,True,0.0
0.5760000000000001,penalty,10000.0,0.0,0.37016433621733635,0.0,3.522748666082376,0.37016433621733635,0.0,0.0,0.0,0.0,True,0.0
0.577,penalty,10000.0,0.0,0.37367727488341873,0.0,3.512938666082376,0.37367727488341873,0.0,0.0,0.0,0.0,True,0.0
0.578,penalty,10000.0,0.0,0.3771804035495011,0.0,3.503128666082376,0.3771804035495011,0.0,0.0,0.0,0.0,True,0.0
0.579,penalty,10000.0,0.0,0.3806737222155835,0.0,3.4933186660823763,0.3806737222155835,0.0,0.0,0.0,0.0,True,0.0
0.58,penalty,10000.0,0.0,0.38415723088166587,0.0,3.4835086660823764,0.38415723088166587,0.0,0.0,0.0,0.0,True,0.0
0.581,penalty,10000.0,0.0,0.38763092954774825,0.0,3.4736986660823765,0.38763092954774825,0.0,0.0,0.0,0.0,True,0.0
0.582,penalty,10000.0,0.0,0.39109481821383063,0.0,3.4638886660823767,0.39109481821383063,0.0,0.0,0.0,0.0,True,0.0
0.583,penalty,10000.0,0.0,0.394548896879913,0.0,3.454078666082377,0.394548896879913,0.0,0.0,0.0,0.0,True,0.0
0.584,penalty,10000.0,0.0,0.3979931655459954,0.0,3.444268666082377,0.3979931655459954,0.0,0.0,0.0,0.0,True,0.0
0.585,penalty,10000.0,0.0,0.4014276242120778,0.0,3.434458666082377,0.4014276242120778,0.0,0.0,0.0,0.0,True,0.0
0.586,penalty,10000.0,0.0,0.40485227287816017,0.0,3.424648666082377,0.40485227287816017,0.0,0.0,0.0,0.0,True,0.0
0.587,penalty,10000.0,0.0,0.40826711154424256,0.0,3.4148386660823773,0.40826711154424256,0.0,0.0,0.0,0.0,True,0.0
0.588,penalty,10000.0,0.0,0.41167214021032494,0.0,3.4050286660823774,0.41167214021032494,0.0,0.0,0.0,0.0,True,0.0
0.589,penalty,10000.0,0.0,0.41506735887640733,0.0,3.3952186660823775,0.41506735887640733,0.0,0.0,0.0,0.0,True,0.0
0.59,penalty,10000.0,0.0,0.4184527675424897,0.0,3.3854086660823777,0.4184527675424897,0.0,0.0,0.0,0.0,True,0.0
0.591,penalty,10000.0,0.0,0.4218283662085721,0.0,3.375598666082378,0.4218283662085721,0.0,0.0,0.0,0.0,True,0.0
0.592,penalty,10000.0,0.0,0.4251941548746545,0.0,3.365788666082378,0.4251941548746545,0.0,0.0,0.0,0.0,True,0.0
0.593,penalty,10000.0,0.0,0.4285501335407369,0.0,3.355978666082378,0.4285501335407369,0.0,0.0,0.0,0.0,True,0.0
0.594,penalty,10000.0,0.0,0.4318963022068193,0.0,3.346168666082378,0.4318963022068193,0.0,0.0,0.0,0.0,True,0.0
0.595,penalty,10000.0,0.0,0.4352326608729017,0.0,3.3363586660823783,0.4352326608729017,0.0,0.0,0.0,0.0,True,0.0
0.596,penalty,10000.0,0.0,0.4385592095389841,0.0,3.3265486660823784,0.4385592095389841,0.0,0.0,0.0,0.0,True,0.0
0.597,penalty,10000.0,0.0,0.4418759482050665,0.0,3.3167386660823786,0.4418759482050665,0.0,0.0,0.0,0.0,True,0.0
0.598,penalty,10000.0,0.0,0.4451828768711489,0.0,3.3069286660823787,0.4451828768711489,0.0,0.0,0.0,0.0,True,0.0
0.599,penalty,10000.0,0.0,0.4484799955372313,0.0,3.297118666082379,0.4484799955372313,0.0,0.0,0.0,0.0,True,0.0
0.6,penalty,10000.0,0.0,0.4517673042033137,0.0,3.287308666082379,0.4517673042033137,0.0,0.0,0.0,0.0,True,0.0
0.601,penalty,10000.0,0.0,0.4550448028693961,0.0,3.277498666082379,0.4550448028693961,0.0,0.0,0.0,0.0,True,0.0
0.602,penalty,10000.0,0.0,0.4583124915354785,0.0,3.267688666082379,0.4583124915354785,0.0,0.0,0.0,0.0,True,0.0
0.603,penalty,10000.0,0.0,0.4615703702015609,0.0,3.2578786660823793,0.4615703702015609,0.0,0.0,0.0,0.0,True,0.0
0.604,penalty,10000.0,0.0,0.4648184388676433,0.0,3.2480686660823794,0.4648184388676433,0.0,0.0,0.0,0.0,True,0.0
0.605,penalty,10000.0,0.0,0.4680566975337257,0.0,3.2382586660823796,0.4680566975337257,0.0,0.0,0.0,0.0,True,0.0
0.606,penalty,10000.0,0.0,0.4712851461998081,0.0,3.2284486660823797,0.4712851461998081,0.0,0.0,0.0,0.0,True,0.0
0.607,penalty,10000.0,0.0,0.4745037848658905,0.0,3.21863866608238,0.4745037848658905,0.0,0.0,0.0,0.0,True,0.0
0.608,penalty,10000.0,0.0,0.47771261353197286,0.0,3.20882866608238,0.47771261353197286,0.0,0.0,0.0,0.0,True,0.0
0.609,penalty,10000.0,0.0,0.4809116321980552,0.0,3.19901866608238,0.4809116321980552,0.0,0.0,0.0,0.0,True,0.0
0.61,penalty,10000.0,0.0,0.48410084086413757,0.0,3.18920866608238,0.48410084086413757,0.0,0.0,0.0,0.0,True,0.0
0.611,penalty,10000.0,0.0,0.4872802395302199,0.0,3.1793986660823803,0.4872802395302199,0.0,0.0,0.0,0.0,True,0.0
0.612,penalty,10000.0,0.0,0.4904498281963023,0.0,3.1695886660823804,0.4904498281963023,0.0,0.0,0.0,0.0,True,0.0
0.613,penalty,10000.0,0.0,0.49360960686238464,0.0,3.1597786660823806,0.49360960686238464,0.0,0.0,0.0,0.0,True,0.0
0.614,penalty,10000.0,0.0,0.496759575528467,0.0,3.1499686660823807,0.496759575528467,0.0,0.0,0.0,0.0,True,0.0
0.615,penalty,10000.0,0.0,0.49989973419454936,0.0,3.140158666082381,0.49989973419454936,0.0,0.0,0.0,0.0,True,0.0
0.616,penalty,10000.0,0.0,0.5030300828606318,0.0,3.130348666082381,0.5030300828606318,0.0,0.0,0.0,0.0,True,0.0
0.617,penalty,10000.0,0.0,0.5061506215267142,0.0,3.120538666082381,0.5061506215267142,0.0,0.0,0.0,0.0,True,0.0
0.618,penalty,10000.0,0.0,0.5092613501927966,0.0,3.110728666082381,0.5092613501927966,0.0,0.0,0.0,0.0,True,0.0
0.619,penalty,10000.0,0.0,0.512362268858879,0.0,3.1009186660823813,0.512362268858879,0.0,0.0,0.0,0.0,True,0.0
0.62,penalty,10000.0,0.0,0.5154533775249615,0.0,3.0911086660823814,0.5154533775249615,0.0,0.0,0.0,0.0,True,0.0
0.621,penalty,10000.0,0.0,0.5185346761910439,0.0,3.0812986660823816,0.5185346761910439,0.0,0.0,0.0,0.0,True,0.0
0.622,penalty,10000.0,0.0,0.5216061648571263,0.0,3.0714886660823817,0.5216061648571263,0.0,0.0,0.0,0.0,True,0.0
0.623,penalty,10000.0,0.0,0.5246678435232087,0.0,3.061678666082382,0.5246678435232087,0.0,0.0,0.0,0.0,True,0.0
0.624,penalty,10000.0,0.0,0.5277197121892911,0.0,3.051868666082382,0.5277197121892911,0.0,0.0,0.0,0.0,True,0.0
0.625,penalty,10000.0,0.0,0.5307617708553736,0.0,3.042058666082382,0.5307617708553736,0.0,0.0,0.0,0.0,True,0.0
0.626,penalty,10000.0,0.0,0.533794019521456,0.0,3.032248666082382,0.533794019521456,0.0,0.0,0.0,0.0,True,0.0
0.627,penalty,10000.0,0.0,0.5368164581875384,0.0,3.0224386660823823,0.5368164581875384,0.0,0.0,0.0,0.0,True,0.0
0.628,penalty,10000.0,0.0,0.5398290868536209,0.0,3.0126286660823824,0.5398290868536209,0.0,0.0,0.0,0.0,True,0.0
0.629,penalty,10000.0,0.0,0.5428319055197033,0.0,3.0028186660823826,0.5428319055197033,0.0,0.0,0.0,0.0,True,0.0
0.63,penalty,10000.0,0.0,0.5458249141857857,0.0,2.9930086660823827,0.5458249141857857,0.0,0.0,0.0,0.0,True,0.0
0.631,penalty,10000.0,0.0,0.5488081128518681,0.0,2.983198666082383,0.5488081128518681,0.0,0.0,0.0,0.0,True,0.0
0.632,penalty,10000.0,0.0,0.5517815015179506,0.0,2.973388666082383,0.5517815015179506,0.0,0.0,0.0,0.0,True,0.0
0.633,penalty,10000.0,0.0,0.554745080184033,0.0,2.963578666082383,0.554745080184033,0.0,0.0,0.0,0.0,True,0.0
0.634,penalty,10000.0,0.0,0.5576988488501154,0.0,2.953768666082383,0.5576988488501154,0.0,0.0,0.0,0.0,True,0.0
0.635,penalty,10000.0,0.0,0.5606428075161979,0.0,2.9439586660823833,0.5606428075161979,0.0,0.0,0.0,0.0,True,0.0
0.636,penalty,10000.0,0.0,0.5635769561822803,0.0,2.9341486660823834,0.5635769561822803,0.0,0.0,0.0,0.0,True,0.0
0.637,penalty,10000.0,0.0,0.5665012948483628,0.0,2.9243386660823836,0.5665012948483628,0.0,0.0,0.0,0.0,True,0.0
0.638,penalty,10000.0,0.0,0.5694158235144452,0.0,2.9145286660823837,0.5694158235144452,0.0,0.0,0.0,0.0,True,0.0
0.639,penalty,10000.0,0.0,0.5723205421805275,0.0,2.904718666082384,0.5723205421805275,0.0,0.0,0.0,0.0,True,0.0
0.64,penalty,10000.0,0.0,0.5752154508466099,0.0,2.894908666082384,0.5752154508466099,0.0,0.0,0.0,0.0,True,0.0
0.641,penalty,10000.0,0.0,0.5781005495126922,0.0,2.885098666082384,0.5781005495126922,0.0,0.0,0.0,0.0,True,0.0
0.642,penalty,10000.0,0.0,0.5809758381787745,0.0,2.875288666082384,0.5809758381787745,0.0,0.0,0.0,0.0,True,0.0
0.643,penalty,10000.0,0.0,0.5838413168448569,0.0,2.8654786660823843,0.5838413168448569,0.0,0.0,0.0,0.0,True,0.0
0.644,penalty,10000.0,0.0,0.5866969855109392,0.0,2.8556686660823845,0.5866969855109392,0.0,0.0,0.0,0.0,True,0.0
0.645,penalty,10000.0,0.0,0.5895428441770215,0.0,2.8458586660823846,0.5895428441770215,0.0,0.0,0.0,0.0,True,0.0
0.646,penalty,10000.0,0.0,0.5923788928431039,0.0,2.8360486660823847,0.5923788928431039,0.0,0.0,0.0,0.0,True,0.0
0.647,penalty,10000.0,0.0,0.5952051315091862,0.0,2.826238666082385,0.5952051315091862,0.0,0.0,0.0,0.0,True,0.0
0.648,penalty,10000.0,0.0,0.5980215601752685,0.0,2.816428666082385,0.5980215601752685,0.0,0.0,0.0,0.0,True,0.0
0.649,penalty,10000.0,0.0,0.6008281788413509,0.0,2.806618666082385,0.6008281788413509,0.0,0.0,0.0,0.0,True,0.0
0.65,penalty,10000.0,0.0,0.6036249875074332,0.0,2.796808666082385,0.6036249875074332,0.0,0.0,0.0,0.0,True,0.0
0.651,penalty,10000.0,0.0,0.6064119861735155,0.0,2.7869986660823853,0.6064119861735155,0.0,0.0,0.0,0.0,True,0.0
0.652,penalty,10000.0,0.0,0.6091891748395979,0.0,2.7771886660823855,0.6091891748395979,0.0,0.0,0.0,0.0,True,0.0
0.653,penalty,10000.0,0.0,0.6119565535056802,0.0,2.7673786660823856,0.6119565535056802,0.0,0.0,0.0,0.0,True,0.0
0.654,penalty,10000.0,0.0,0.6147141221717626,0.0,2.7575686660823857,0.6147141221717626,0.0,0.0,0.0,0.0,True,0.0
0.655,penalty,10000.0,0.0,0.6174618808378449,0.0,2.747758666082386,0.6174618808378449,0.0,0.0,0.0,0.0,True,0.0
0.656,penalty,10000.0,0.0,0.6201998295039273,0.0,2.737948666082386,0.6201998295039273,0.0,0.0,0.0,0.0,True,0.0
0.657,penalty,10000.0,0.0,0.6229279681700096,0.0,2.728138666082386,0.6229279681700096,0.0,0.0,0.0,0.0,True,0.0
0.658,penalty,10000.0,0.0,0.625646296836092,0.0,2.718328666082386,0.625646296836092,0.0,0.0,0.0,0.0,True,0.0
0.659,penalty,10000.0,0.0,0.6283548155021743,0.0,2.7085186660823863,0.6283548155021743,0.0,0.0,0.0,0.0,True,0.0
0.66,penalty,10000.0,0.0,0.6310535241682567,0.0,2.6987086660823865,0.6310535241682567,0.0,0.0,0.0,0.0,True,0.0
0.661,penalty,10000.0,0.0,0.633742422834339,0.0,2.6888986660823866,0.633742422834339,0.0,0.0,0.0,0.0,True,0.0
0.662,penalty,10000.0,0.0,0.6364215115004214,0.0,2.6790886660823867,0.6364215115004214,0.0,0.0,0.0,0.0,True,0.0
0.663,penalty,10000.0,0.0,0.6390907901665037,0.0,2.669278666082387,0.6390907901665037,0.0,0.0,0.0,0.0,True,0.0
0.664,penalty,10000.0,0.0,0.6417502588325861,0.0,2.659468666082387,0.6417502588325861,0.0,0.0,0.0,0.0,True,0.0
0.665,penalty,10000.0,0.0,0.6443999174986684,0.0,2.649658666082387,0.6443999174986684,0.0,0.0,0.0,0.0,True,0.0
0.666,penalty,10000.0,0.0,0.6470397661647508,0.0,2.639848666082387,0.6470397661647508,0.0,0.0,0.0,0.0,True,0.0
0.667,penalty,10000.0,0.0,0.6496698048308331,0.0,2.6300386660823873,0.6496698048308331,0.0,0.0,0.0,0.0,True,0.0
0.668,penalty,10000.0,0.0,0.6522900334969155,0.0,2.6202286660823875,0.6522900334969155,0.0,0.0,0.0,0.0,True,0.0
0.669,penalty,10000.0,0.0,0.6549004521629979,0.0,2.6104186660823876,0.6549004521629979,0.0,0.0,0.0,0.0,True,0.0
0.67,penalty,10000.0,0.0,0.6575010608290802,0.0,2.6006086660823877,0.6575010608290802,0.0,0.0,0.0,0.0,True,0.0
0.671,penalty,10000.0,0.0,0.6600918594951626,0.0,2.590798666082388,0.6600918594951626,0.0,0.0,0.0,0.0,True,0.0
0.672,penalty,10000.0,0.0,0.6626728481612449,0.0,2.580988666082388,0.6626728481612449,0.0,0.0,0.0,0.0,True,0.0
0.673,penalty,10000.0,0.0,0.6652440268273273,0.0,2.571178666082388,0.6652440268273273,0.0,0.0,0.0,0.0,True,0.0
0.674,penalty,10000.0,0.0,0.6678053954934097,0.0,2.5613686660823882,0.6678053954934097,0.0,0.0,0.0,0.0,True,0.0
0.675,penalty,10000.0,0.0,0.670356954159492,0.0,2.5515586660823883,0.670356954159492,0.0,0.0,0.0,0.0,True,0.0
0.676,penalty,10000.0,0.0,0.6728987028255744,0.0,2.5417486660823885,0.6728987028255744,0.0,0.0,0.0,0.0,True,0.0
0.677,penalty,10000.0,0.0,0.6754306414916568,0.0,2.5319386660823886,0.6754306414916568,0.0,0.0,0.0,0.0,True,0.0
0.678,penalty,10000.0,0.0,0.6779527701577391,0.0,2.5221286660823887,0.6779527701577391,0.0,0.0,0.0,0.0,True,0.0
0.679,penalty,10000.0,0.0,0.6804650888238215,0.0,2.512318666082389,0.6804650888238215,0.0,0.0,0.0,0.0,True,0.0
0.68,penalty,10000.0,0.0,0.6829675974899039,0.0,2.502508666082389,0.6829675974899039,0.0,0.0,0.0,0.0,True,0.0
0.681,penalty,10000.0,0.0,0.6854602961559862,0.0,2.492698666082389,0.6854602961559862,0.0,0.0,0.0,0.0,True,0.0
0.682,penalty,10000.0,0.0,0.6879431848220686,0.0,2.4828886660823892,0.6879431848220686,0.0,0.0,0.0,0.0,True,0.0
0.683,penalty,10000.0,0.0,0.690416263488151,0.0,2.4730786660823894,0.690416263488151,0.0,0.0,0.0,0.0,True,0.0
0.684,penalty,10000.0,0.0,0.6928795321542334,0.0,2.4632686660823895,0.6928795321542334,0.0,0.0,0.0,0.0,True,0.0
0.685,penalty,10000.0,0.0,0.6953329908203157,0.0,2.4534586660823896,0.6953329908203157,0.0,0.0,0.0,0.0,True,0.0
0.686,penalty,10000.0,0.0,0.6977766394863981,0.0,2.4436486660823897,0.6977766394863981,0.0,0.0,0.0,0.0,True,0.0
0.687,penalty,10000.0,0.0,0.7002104781524805,0.0,2.43383866608239,0.7002104781524805,0.0,0.0,0.0,0.0,True,0.0
0.6880000000000001,penalty,10000.0,0.0,0.7026345068185629,0.0,2.42402866608239,0.7026345068185629,0.0,0.0,0.0,0.0,True,0.0
0.6890000000000001,penalty,10000.0,0.0,0.7050487254846453,0.0,2.41421866608239,0.7050487254846453,0.0,0.0,0.0,0.0,True,0.0
0.6900000000000001,penalty,10000.0,0.0,0.7074531341507276,0.0,2.4044086660823902,0.7074531341507276,0.0,0.0,0.0,0.0,True,0.0
0.6910000000000001,penalty,10000.0,0.0,0.70984773281681,0.0,2.3945986660823904,0.70984773281681,0.0,0.0,0.0,0.0,True,0.0
0.6920000000000001,penalty,10000.0,0.0,0.7122325214828924,0.0,2.3847886660823905,0.7122325214828924,0.0,0.0,0.0,0.0,True,0.0
0.6930000000000001,penalty,10000.0,0.0,0.7146075001489748,0.0,2.3749786660823906,0.7146075001489748,0.0,0.0,0.0,0.0,True,0.0
0.6940000000000001,penalty,10000.0,0.0,0.7169726688150572,0.0,2.3651686660823907,0.7169726688150572,0.0,0.0,0.0,0.0,True,0.0
0.6950000000000001,penalty,10000.0,0.0,0.7193280274811396,0.0,2.355358666082391,0.7193280274811396,0.0,0.0,0.0,0.0,True,0.0
0.6960000000000001,penalty,10000.0,0.0,0.7216735761472219,0.0,2.345548666082391,0.7216735761472219,0.0,0.0,0.0,0.0,True,0.0
0.6970000000000001,penalty,10000.0,0.0,0.7240093148133043,0.0,2.335738666082391,0.7240093148133043,0.0,0.0,0.0,0.0,True,0.0
0.6980000000000001,penalty,10000.0,0.0,0.7263352434793867,0.0,2.3259286660823912,0.7263352434793867,0.0,0.0,0.0,0.0,True,0.0
0.6990000000000001,penalty,10000.0,0.0,0.7286513621454691,0.0,2.3161186660823914,0.7286513621454691,0.0,0.0,0.0,0.0,True,0.0
0.7000000000000001,penalty,10000.0,0.0,0.7309576708115515,0.0,2.3063086660823915,0.7309576708115515,0.0,0.0,0.0,0.0,True,0.0
0.7010000000000001,penalty,10000.0,0.0,0.7332541694776339,0.0,2.2964986660823916,0.7332541694776339,0.0,0.0,0.0,0.0,True,0.0
0.7020000000000001,penalty,10000.0,0.0,0.7355408581437163,0.0,2.2866886660823917,0.7355408581437163,0.0,0.0,0.0,0.0,True,0.0
0.7030000000000001,penalty,10000.0,0.0,0.7378177368097987,0.0,2.276878666082392,0.7378177368097987,0.0,0.0,0.0,0.0,True,0.0
0.704,penalty,10000.0,0.0,0.7400848054758811,0.0,2.267068666082392,0.7400848054758811,0.0,0.0,0.0,0.0,True,0.0
0.705,penalty,10000.0,0.0,0.7423420641419635,0.0,2.257258666082392,0.7423420641419635,0.0,0.0,0.0,0.0,True,0.0
0.706,penalty,10000.0,0.0,0.7445895128080459,0.0,2.2474486660823922,0.7445895128080459,0.0,0.0,0.0,0.0,True,0.0
0.707,penalty,10000.0,0.0,0.7468271514741283,0.0,2.2376386660823924,0.7468271514741283,0.0,0.0,0.0,0.0,True,0.0
0.708,penalty,10000.0,0.0,0.7490549801402107,0.0,2.2278286660823925,0.7490549801402107,0.0,0.0,0.0,0.0,True,0.0
0.709,penalty,10000.0,0.0,0.7512729988062931,0.0,2.2180186660823926,0.7512729988062931,0.0,0.0,0.0,0.0,True,0.0
0.71,penalty,10000.0,0.0,0.7534812074723755,0.0,2.2082086660823927,0.7534812074723755,0.0,0.0,0.0,0.0,True,0.0
0.711,penalty,10000.0,0.0,0.7556796061384579,0.0,2.198398666082393,0.7556796061384579,0.0,0.0,0.0,0.0,True,0.0
0.712,penalty,10000.0,0.0,0.7578681948045403,0.0,2.188588666082393,0.7578681948045403,0.0,0.0,0.0,0.0,True,0.0
0.713,penalty,10000.0,0.0,0.7600469734706227,0.0,2.178778666082393,0.7600469734706227,0.0,0.0,0.0,0.0,True,0.0
0.714,penalty,10000.0,0.0,0.7622159421367051,0.0,2.1689686660823932,0.7622159421367051,0.0,0.0,0.0,0.0,True,0.0
0.715,penalty,10000.0,0.0,0.7643751008027875,0.0,2.1591586660823934,0.7643751008027875,0.0,0.0,0.0,0.0,True,0.0
0.716,penalty,10000.0,0.0,0.7665244494688699,0.0,2.1493486660823935,0.7665244494688699,0.0,0.0,0.0,0.0,True,0.0
0.717,penalty,10000.0,0.0,0.7686639881349523,0.0,2.1395386660823936,0.7686639881349523,0.0,0.0,0.0,0.0,True,0.0
0.718,penalty,10000.0,0.0,0.7707937168010347,0.0,2.1297286660823938,0.7707937168010347,0.0,0.0,0.0,0.0,True,0.0
0.719,penalty,10000.0,0.0,0.7729136354671171,0.0,2.119918666082394,0.7729136354671171,0.0,0.0,0.0,0.0,True,0.0
0.72,penalty,10000.0,0.0,0.7750237441331995,0.0,2.110108666082394,0.7750237441331995,0.0,0.0,0.0,0.0,True,0.0
0.721,penalty,10000.0,0.0,0.7771240427992819,0.0,2.100298666082394,0.7771240427992819,0.0,0.0,0.0,0.0,True,0.0
0.722,penalty,10000.0,0.0,0.7792145314653643,0.0,2.0904886660823943,0.7792145314653643,0.0,0.0,0.0,0.0,True,0.0
0.723,penalty,10000.0,0.0,0.7812952101314468,0.0,2.0806786660823944,0.7812952101314468,0.0,0.0,0.0,0.0,True,0.0
0.724,penalty,10000.0,0.0,0.7833660787975292,0.0,2.0708686660823945,0.7833660787975292,0.0,0.0,0.0,0.0,True,0.0
0.725,penalty,10000.0,0.0,0.7854271374636116,0.0,2.0610586660823946,0.7854271374636116,0.0,0.0,0.0,0.0,True,0.0
0.726,penalty,10000.0,0.0,0.787478386129694,0.0,2.0512486660823948,0.787478386129694,0.0,0.0,0.0,0.0,True,0.0
0.727,penalty,10000.0,0.0,0.7895198247957764,0.0,2.041438666082395,0.7895198247957764,0.0,0.0,0.0,0.0,True,0.0
0.728,penalty,10000.0,0.0,0.7915514534618588,0.0,2.031628666082395,0.7915514534618588,0.0,0.0,0.0,0.0,True,0.0
0.729,penalty,10000.0,0.0,0.7935732721279413,0.0,2.021818666082395,0.7935732721279413,0.0,0.0,0.0,0.0,True,0.0
0.73,penalty,10000.0,0.0,0.7955852807940237,0.0,2.0120086660823953,0.7955852807940237,0.0,0.0,0.0,0.0,True,0.0
0.731,penalty,10000.0,0.0,0.7975874794601061,0.0,2.0021986660823954,0.7975874794601061,0.0,0.0,0.0,0.0,True,0.0
0.732,penalty,10000.0,0.0,0.7995798681261885,0.0,1.9923886660823953,0.7995798681261885,0.0,0.0,0.0,0.0,True,0.0
0.733,penalty,10000.0,0.0,0.801562446792271,0.0,1.9825786660823952,0.801562446792271,0.0,0.0,0.0,0.0,True,0.0
0.734,penalty,10000.0,0.0,0.8035352154583534,0.0,1.972768666082395,0.8035352154583534,0.0,0.0,0.0,0.0,True,0.0
0.735,penalty,10000.0,0.0,0.8054981741244358,0.0,1.962958666082395,0.8054981741244358,0.0,0.0,0.0,0.0,True,0.0
0.736,penalty,10000.0,0.0,0.8074513227905182,0.0,1.953148666082395,0.8074513227905182,0.0,0.0,0.0,0.0,True,0.0
0.737,penalty,10000.0,0.0,0.8093946614566007,0.0,1.9433386660823948,0.8093946614566007,0.0,0.0,0.0,0.0,True,0.0
0.738,penalty,10000.0,0.0,0.8113281901226831,0.0,1.9335286660823947,0.8113281901226831,0.0,0.0,0.0,0.0,True,0.0
0.739,penalty,10000.0,0.0,0.8132519087887655,0.0,1.9237186660823946,0.8132519087887655,0.0,0.0,0.0,0.0,True,0.0
0.74,penalty,10000.0,0.0,0.815165817454848,0.0,1.9139086660823945,0.815165817454848,0.0,0.0,0.0,0.0,True,0.0
0.741,penalty,10000.0,0.0,0.8170699161209304,0.0,1.9040986660823944,0.8170699161209304,0.0,0.0,0.0,0.0,True,0.0
0.742,penalty,10000.0,0.0,0.8189642047870128,0.0,1.8942886660823943,0.8189642047870128,0.0,0.0,0.0,0.0,True,0.0
0.743,penalty,10000.0,0.0,0.8208486834530953,0.0,1.8844786660823942,0.8208486834530953,0.0,0.0,0.0,0.0,True,0.0
0.744,penalty,10000.0,0.0,0.8227233521191777,0.0,1.8746686660823941,0.8227233521191777,0.0,0.0,0.0,0.0,True,0.0
0.745,penalty,10000.0,0.0,0.8245882107852601,0.0,1.864858666082394,0.8245882107852601,0.0,0.0,0.0,0.0,True,0.0
0.746,penalty,10000.0,0.0,0.8264432594513426,0.0,1.855048666082394,0.8264432594513426,0.0,0.0,0.0,0.0,True,0.0
0.747,penalty,10000.0,0.0,0.828288498117425,0.0,1.8452386660823938,0.828288498117425,0.0,0.0,0.0,0.0,True,0.0
0.748,penalty,10000.0,0.0,0.8301239267835074,0.0,1.8354286660823937,0.8301239267835074,0.0,0.0,0.0,0.0,True,0.0
0.749,penalty,10000.0,0.0,0.8319495454495899,0.0,1.8256186660823936,0.8319495454495899,0.0,0.0,0.0,0.0,True,0.0
0.75,penalty,10000.0,0.0,0.8337653541156723,0.0,1.8158086660823936,0.8337653541156723,0.0,0.0,0.0,0.0,True,0.0
0.751,penalty,10000.0,0.0,0.8355713527817548,0.0,1.8059986660823935,0.8355713527817548,0.0,0.0,0.0,0.0,True,0.0
0.752,penalty,10000.0,0.0,0.8373675414478372,0.0,1.7961886660823934,0.8373675414478372,0.0,0.0,0.0,0.0,True,0.0
0.753,penalty,10000.0,0.0,0.8391539201139196,0.0,1.7863786660823933,0.8391539201139196,0.0,0.0,0.0,0.0,True,0.0
0.754,penalty,10000.0,0.0,0.8409304887800021,0.0,1.7765686660823932,0.8409304887800021,0.0,0.0,0.0,0.0,True,0.0
0.755,penalty,10000.0,0.0,0.8426972474460845,0.0,1.766758666082393,0.8426972474460845,0.0,0.0,0.0,0.0,True,0.0
0.756,penalty,10000.0,0.0,0.844454196112167,0.0,1.756948666082393,0.844454196112167,0.0,0.0,0.0,0.0,True,0.0
0.757,penalty,10000.0,0.0,0.8462013347782493,0.0,1.7471386660823929,0.8462013347782493,0.0,0.0,0.0,0.0,True,0.0
0.758,penalty,10000.0,0.0,0.8479386634443317,0.0,1.7373286660823928,0.8479386634443317,0.0,0.0,0.0,0.0,True,0.0
0.759,penalty,10000.0,0.0,0.849666182110414,0.0,1.7275186660823927,0.849666182110414,0.0,0.0,0.0,0.0,True,0.0
0.76,penalty,10000.0,0.0,0.8513838907764963,0.0,1.7177086660823926,0.8513838907764963,0.0,0.0,0.0,0.0,True,0.0
0.761,penalty,10000.0,0.0,0.8530917894425787,0.0,1.7078986660823925,0.8530917894425787,0.0,0.0,0.0,0.0,True,0.0
0.762,penalty,10000.0,0.0,0.854789878108661,0.0,1.6980886660823924,0.854789878108661,0.0,0.0,0.0,0.0,True,0.0
0.763,penalty,10000.0,0.0,0.8564781567747434,0.0,1.6882786660823923,0.8564781567747434,0.0,0.0,0.0,0.0,True,0.0
0.764,penalty,10000.0,0.0,0.8581566254408257,0.0,1.6784686660823922,0.8581566254408257,0.0,0.0,0.0,0.0,True,0.0
0.765,penalty,10000.0,0.0,0.8598252841069081,0.0,1.668658666082392,0.8598252841069081,0.0,0.0,0.0,0.0,True,0.0
0.766,penalty,10000.0,0.0,0.8614841327729904,0.0,1.658848666082392,0.8614841327729904,0.0,0.0,0.0,0.0,True,0.0
0.767,penalty,10000.0,0.0,0.8631331714390728,0.0,1.649038666082392,0.8631331714390728,0.0,0.0,0.0,0.0,True,0.0
0.768,penalty,10000.0,0.0,0.8647724001051551,0.0,1.6392286660823918,0.8647724001051551,0.0,0.0,0.0,0.0,True,0.0
0.769,penalty,10000.0,0.0,0.8664018187712375,0.0,1.6294186660823917,0.8664018187712375,0.0,0.0,0.0,0.0,True,0.0
0.77,penalty,10000.0,0.0,0.8680214274373198,0.0,1.6196086660823916,0.8680214274373198,0.0,0.0,0.0,0.0,True,0.0
0.771,penalty,10000.0,0.0,0.8696312261034022,0.0,1.6097986660823915,0.8696312261034022,0.0,0.0,0.0,0.0,True,0.0
0.772,penalty,10000.0,0.0,0.8712312147694845,0.0,1.5999886660823914,0.8712312147694845,0.0,0.0,0.0,0.0,True,0.0
0.773,penalty,10000.0,0.0,0.8728213934355669,0.0,1.5901786660823913,0.8728213934355669,0.0,0.0,0.0,0.0,True,0.0
0.774,penalty,10000.0,0.0,0.8744017621016492,0.0,1.5803686660823912,0.8744017621016492,0.0,0.0,0.0,0.0,True,0.0
0.775,penalty,10000.0,0.0,0.8759723207677316,0.0,1.5705586660823911,0.8759723207677316,0.0,0.0,0.0,0.0,True,0.0
0.776,penalty,10000.0,0.0,0.8775330694338139,0.0,1.560748666082391,0.8775330694338139,0.0,0.0,0.0,0.0,True,0.0
0.777,penalty,10000.0,0.0,0.8790840080998963,0.0,1.550938666082391,0.8790840080998963,0.0,0.0,0.0,0.0,True,0.0
0.778,penalty,10000.0,0.0,0.8806251367659786,0.0,1.5411286660823909,0.8806251367659786,0.0,0.0,0.0,0.0,True,0.0
0.779,penalty,10000.0,0.0,0.882156455432061,0.0,1.5313186660823908,0.882156455432061,0.0,0.0,0.0,0.0,True,0.0
0.78,penalty,10000.0,0.0,0.8836779640981434,0.0,1.5215086660823907,0.8836779640981434,0.0,0.0,0.0,0.0,True,0.0
0.781,penalty,10000.0,0.0,0.8851896627642257,0.0,1.5116986660823906,0.8851896627642257,0.0,0.0,0.0,0.0,True,0.0
0.782,penalty,10000.0,0.0,0.8866915514303081,0.0,1.5018886660823905,0.8866915514303081,0.0,0.0,0.0,0.0,True,0.0
0.783,penalty,10000.0,0.0,0.8881836300963905,0.0,1.4920786660823904,0.8881836300963905,0.0,0.0,0.0,0.0,True,0.0
0.784,penalty,10000.0,0.0,0.8896658987624728,0.0,1.4822686660823903,0.8896658987624728,0.0,0.0,0.0,0.0,True,0.0
0.785,penalty,10000.0,0.0,0.8911383574285552,0.0,1.4724586660823902,0.8911383574285552,0.0,0.0,0.0,0.0,True,0.0
0.786,penalty,10000.0,0.0,0.8926010060946376,0.0,1.46264866608239,0.8926010060946376,0.0,0.0,0.0,0.0,True,0.0
0.787,penalty,10000.0,0.0,0.8940538447607199,0.0,1.45283866608239,0.8940538447607199,0.0,0.0,0.0,0.0,True,0.0
0.788,penalty,10000.0,0.0,0.8954968734268023,0.0,1.4430286660823899,0.8954968734268023,0.0,0.0,0.0,0.0,True,0.0
0.789,penalty,10000.0,0.0,0.8969300920928847,0.0,1.4332186660823898,0.8969300920928847,0.0,0.0,0.0,0.0,True,0.0
0.79,penalty,10000.0,0.0,0.898353500758967,0.0,1.4234086660823897,0.898353500758967,0.0,0.0,0.0,0.0,True,0.0
0.791,penalty,10000.0,0.0,0.8997670994250494,0.0,1.4135986660823896,0.8997670994250494,0.0,0.0,0.0,0.0,True,0.0
0.792,penalty,10000.0,0.0,0.9011708880911318,0.0,1.4037886660823895,0.9011708880911318,0.0,0.0,0.0,0.0,True,0.0
0.793,penalty,10000.0,0.0,0.9025648667572141,0.0,1.3939786660823894,0.9025648667572141,0.0,0.0,0.0,0.0,True,0.0
0.794,penalty,10000.0,0.0,0.9039490354232965,0.0,1.3841686660823893,0.9039490354232965,0.0,0.0,0.0,0.0,True,0.0
0.795,penalty,10000.0,0.0,0.9053233940893789,0.0,1.3743586660823892,0.9053233940893789,0.0,0.0,0.0,0.0,True,0.0
0.796,penalty,10000.0,0.0,0.9066879427554613,0.0,1.3645486660823891,0.9066879427554613,0.0,0.0,0.0,0.0,True,0.0
0.797,penalty,10000.0,0.0,0.9080426814215437,0.0,1.354738666082389,0.9080426814215437,0.0,0.0,0.0,0.0,True,0.0
0.798,penalty,10000.0,0.0,0.909387610087626,0.0,1.344928666082389,0.909387610087626,0.0,0.0,0.0,0.0,True,0.0
0.799,penalty,10000.0,0.0,0.9107227287537084,0.0,1.3351186660823888,0.9107227287537084,0.0,0.0,0.0,0.0,True,0.0
0.8,penalty,10000.0,0.0,0.9120480374197908,0.0,1.3253086660823887,0.9120480374197908,0.0,0.0,0.0,0.0,True,0.0
0.801,penalty,10000.0,0.0,0.9133635360858732,0.0,1.3154986660823886,0.9133635360858732,0.0,0.0,0.0,0.0,True,0.0
0.802,penalty,10000.0,0.0,0.9146692247519556,0.0,1.3056886660823885,0.9146692247519556,0.0,0.0,0.0,0.0,True,0.0
0.803,penalty,10000.0,0.0,0.9159651034180379,0.0,1.2958786660823884,0.9159651034180379,0.0,0.0,0.0,0.0,True,0.0
0.804,penalty,10000.0,0.0,0.9172511720841203,0.0,1.2860686660823883,0.9172511720841203,0.0,0.0,0.0,0.0,True,0.0
0.805,penalty,10000.0,0.0,0.9185274307502027,0.0,1.2762586660823882,0.9185274307502027,0.0,0.0,0.0,0.0,True,0.0
0.806,penalty,10000.0,0.0,0.9197938794162851,0.0,1.2664486660823882,0.9197938794162851,0.0,0.0,0.0,0.0,True,0.0
0.807,penalty,10000.0,0.0,0.9210505180823675,0.0,1.256638666082388,0.9210505180823675,0.0,0.0,0.0,0.0,True,0.0
0.808,penalty,10000.0,0.0,0.9222973467484499,0.0,1.246828666082388,0.9222973467484499,0.0,0.0,0.0,0.0,True,0.0
0.809,penalty,10000.0,0.0,0.9235343654145323,0.0,1.2370186660823879,0.9235343654145323,0.0,0.0,0.0,0.0,True,0.0
0.81,penalty,10000.0,0.0,0.9247615740806147,0.0,1.2272086660823878,0.9247615740806147,0.0,0.0,0.0,0.0,True,0.0
0.811,penalty,10000.0,0.0,0.925978972746697,0.0,1.2173986660823877,0.925978972746697,0.0,0.0,0.0,0.0,True,0.0
0.812,penalty,10000.0,0.0,0.9271865614127794,0.0,1.2075886660823876,0.9271865614127794,0.0,0.0,0.0,0.0,True,0.0
0.8130000000000001,penalty,10000.0,0.0,0.9283843400788618,0.0,1.1977786660823875,0.9283843400788618,0.0,0.0,0.0,0.0,True,0.0
0.8140000000000001,penalty,10000.0,0.0,0.9295723087449442,0.0,1.1879686660823874,0.9295723087449442,0.0,0.0,0.0,0.0,True,0.0
0.8150000000000001,penalty,10000.0,0.0,0.9307504674110266,0.0,1.1781586660823873,0.9307504674110266,0.0,0.0,0.0,0.0,True,0.0
0.8160000000000001,penalty,10000.0,0.0,0.931918816077109,0.0,1.1683486660823872,0.931918816077109,0.0,0.0,0.0,0.0,True,0.0
0.8170000000000001,penalty,10000.0,0.0,0.9330773547431914,0.0,1.158538666082387,0.9330773547431914,0.0,0.0,0.0,0.0,True,0.0
0.8180000000000001,penalty,10000.0,0.0,0.9342260834092738,0.0,1.148728666082387,0.9342260834092738,0.0,0.0,0.0,0.0,True,0.0
0.8190000000000001,penalty,10000.0,0.0,0.9353650020753562,0.0,1.138918666082387,0.9353650020753562,0.0,0.0,0.0,0.0,True,0.0
0.8200000000000001,penalty,10000.0,0.0,0.9364941107414386,0.0,1.1291086660823868,0.9364941107414386,0.0,0.0,0.0,0.0,True,0.0
0.8210000000000001,penalty,10000.0,0.0,0.937613409407521,0.0,1.1192986660823867,0.937613409407521,0.0,0.0,0.0,0.0,True,0.0
0.8220000000000001,penalty,10000.0,0.0,0.9387228980736034,0.0,1.1094886660823866,0.9387228980736034,0.0,0.0,0.0,0.0,True,0.0
0.8230000000000001,penalty,10000.0,0.0,0.9398225767396858,0.0,1.0996786660823865,0.9398225767396858,0.0,0.0,0.0,0.0,True,0.0
0.8240000000000001,penalty,10000.0,0.0,0.9409124454057682,0.0,1.0898686660823864,0.9409124454057682,0.0,0.0,0.0,0.0,True,0.0
0.8250000000000001,penalty,10000.0,0.0,0.9419925040718506,0.0,1.0800586660823863,0.9419925040718506,0.0,0.0,0.0,0.0,True,0.0
0.8260000000000001,penalty,10000.0,0.0,0.943062752737933,0.0,1.0702486660823862,0.943062752737933,0.0,0.0,0.0,0.0,True,0.0
0.8270000000000001,penalty,10000.0,0.0,0.9441231914040155,0.0,1.0604386660823861,0.9441231914040155,0.0,0.0,0.0,0.0,True,0.0
0.8280000000000001,penalty,10000.0,0.0,0.9451738200700979,0.0,1.050628666082386,0.9451738200700979,0.0,0.0,0.0,0.0,True,0.0
0.8290000000000001,penalty,10000.0,0.0,0.9462146387361803,0.0,1.040818666082386,0.9462146387361803,0.0,0.0,0.0,0.0,True,0.0
0.8300000000000001,penalty,10000.0,0.0,0.9472456474022627,0.0,1.0310086660823858,0.9472456474022627,0.0,0.0,0.0,0.0,True,0.0
0.8310000000000001,penalty,10000.0,0.0,0.9482668460683451,0.0,1.0211986660823857,0.9482668460683451,0.0,0.0,0.0,0.0,True,0.0
0.8320000000000001,penalty,10000.0,0.0,0.9492782347344275,0.0,1.0113886660823856,0.9492782347344275,0.0,0.0,0.0,0.0,True,0.0
0.833,penalty,10000.0,0.0,0.9502798134005099,0.0,1.0015786660823855,0.9502798134005099,0.0,0.0,0.0,0.0,True,0.0
0.834,penalty,10000.0,0.0,0.9512715820665923,0.0,0.9917686660823856,0.9512715820665923,0.0,0.0,0.0,0.0,True,0.0
0.835,penalty,10000.0,0.0,0.9522535407326748,0.0,0.9819586660823856,0.9522535407326748,0.0,0.0,0.0,0.0,True,0.0
0.836,penalty,10000.0,0.0,0.9532256893987572,0.0,0.9721486660823856,0.9532256893987572,0.0,0.0,0.0,0.0,True,0.0
0.837,penalty,10000.0,0.0,0.9541880280648396,0.0,0.9623386660823856,0.9541880280648396,0.0,0.0,0.0,0.0,True,0.0
0.838,penalty,10000.0,0.0,0.955140556730922,0.0,0.9525286660823856,0.955140556730922,0.0,0.0,0.0,0.0,True,0.0
0.839,penalty,10000.0,0.0,0.9560832753970044,0.0,0.9427186660823856,0.9560832753970044,0.0,0.0,0.0,0.0,True,0.0
0.84,penalty,10000.0,0.0,0.9570161840630869,0.0,0.9329086660823857,0.9570161840630869,0.0,0.0,0.0,0.0,True,0.0
0.841,penalty,10000.0,0.0,0.9579392827291693,0.0,0.9230986660823857,0.9579392827291693,0.0,0.0,0.0,0.0,True,0.0
0.842,penalty,10000.0,0.0,0.9588525713952517,0.0,0.9132886660823857,0.9588525713952517,0.0,0.0,0.0,0.0,True,0.0
0.843,penalty,10000.0,0.0,0.9597560500613341,0.0,0.9034786660823857,0.9597560500613341,0.0,0.0,0.0,0.0,True,0.0
0.844,penalty,10000.0,0.0,0.9606497187274166,0.0,0.8936686660823857,0.9606497187274166,0.0,0.0,0.0,0.0,True,0.0
0.845,penalty,10000.0,0.0,0.961533577393499,0.0,0.8838586660823857,0.961533577393499,0.0,0.0,0.0,0.0,True,0.0
0.846,penalty,10000.0,0.0,0.9624076260595814,0.0,0.8740486660823857,0.9624076260595814,0.0,0.0,0.0,0.0,True,0.0
0.847,penalty,10000.0,0.0,0.9632718647256638,0.0,0.8642386660823858,0.9632718647256638,0.0,0.0,0.0,0.0,True,0.0
0.848,penalty,10000.0,0.0,0.9641262933917463,0.0,0.8544286660823858,0.9641262933917463,0.0,0.0,0.0,0.0,True,0.0
0.849,penalty,10000.0,0.0,0.9649709120578287,0.0,0.8446186660823858,0.9649709120578287,0.0,0.0,0.0,0.0,True,0.0
0.85,penalty,10000.0,0.0,0.9658057207239111,0.0,0.8348086660823858,0.9658057207239111,0.0,0.0,0.0,0.0,True,0.0
0.851,penalty,10000.0,0.0,0.9666307193899936,0.0,0.8249986660823858,0.9666307193899936,0.0,0.0,0.0,0.0,True,0.0
0.852,penalty,10000.0,0.0,0.967445908056076,0.0,0.8151886660823858,0.967445908056076,0.0,0.0,0.0,0.0,True,0.0
0.853,penalty,10000.0,0.0,0.9682512867221584,0.0,0.8053786660823858,0.9682512867221584,0.0,0.0,0.0,0.0,True,0.0
0.854,penalty,10000.0,0.0,0.9690468553882409,0.0,0.7955686660823859,0.9690468553882409,0.0,0.0,0.0,0.0,True,0.0
0.855,penalty,10000.0,0.0,0.9698326140543233,0.0,0.7857586660823859,0.9698326140543233,0.0,0.0,0.0,0.0,True,0.0
0.856,penalty,10000.0,0.0,0.9706085627204057,0.0,0.7759486660823859,0.9706085627204057,0.0,0.0,0.0,0.0,True,0.0
0.857,penalty,10000.0,0.0,0.9713747013864882,0.0,0.7661386660823859,0.9713747013864882,0.0,0.0,0.0,0.0,True,0.0
0.858,penalty,10000.0,0.0,0.9721310300525706,0.0,0.7563286660823859,0.9721310300525706,0.0,0.0,0.0,0.0,True,0.0
0.859,penalty,10000.0,0.0,0.9728775487186531,0.0,0.7465186660823859,0.9728775487186531,0.0,0.0,0.0,0.0,True,0.0
0.86,penalty,10000.0,0.0,0.9736142573847354,0.0,0.7367086660823859,0.9736142573847354,0.0,0.0,0.0,0.0,True,0.0
0.861,penalty,10000.0,0.0,0.9743411560508177,0.0,0.726898666082386,0.9743411560508177,0.0,0.0,0.0,0.0,True,0.0
0.862,penalty,10000.0,0.0,0.9750582447169001,0.0,0.717088666082386,0.9750582447169001,0.0,0.0,0.0,0.0,True,0.0
0.863,penalty,10000.0,0.0,0.9757655233829824,0.0,0.707278666082386,0.9757655233829824,0.0,0.0,0.0,0.0,True,0.0
0.864,penalty,10000.0,0.0,0.9764629920490647,0.0,0.697468666082386,0.9764629920490647,0.0,0.0,0.0,0.0,True,0.0
0.865,penalty,10000.0,0.0,0.9771506507151471,0.0,0.687658666082386,0.9771506507151471,0.0,0.0,0.0,0.0,True,0.0
0.866,penalty,10000.0,0.0,0.9778284993812294,0.0,0.677848666082386,0.9778284993812294,0.0,0.0,0.0,0.0,True,0.0
0.867,penalty,10000.0,0.0,0.9784965380473117,0.0,0.668038666082386,0.9784965380473117,0.0,0.0,0.0,0.0,True,0.0
0.868,penalty,10000.0,0.0,0.9791547667133941,0.0,0.6582286660823861,0.9791547667133941,0.0,0.0,0.0,0.0,True,0.0
0.869,penalty,10000.0,0.0,0.9798031853794764,0.0,0.6484186660823861,0.9798031853794764,0.0,0.0,0.0,0.0,True,0.0
0.87,penalty,10000.0,0.0,0.9804417940455588,0.0,0.6386086660823861,0.9804417940455588,0.0,0.0,0.0,0.0,True,0.0
0.871,penalty,10000.0,0.0,0.9810705927116411,0.0,0.6287986660823861,0.9810705927116411,0.0,0.0,0.0,0.0,True,0.0
0.872,penalty,10000.0,0.0,0.9816895813777234,0.0,0.6189886660823861,0.9816895813777234,0.0,0.0,0.0,0.0,True,0.0
0.873,penalty,10000.0,0.0,0.9822987600438058,0.0,0.6091786660823861,0.9822987600438058,0.0,0.0,0.0,0.0,True,0.0
0.874,penalty,10000.0,0.0,0.9828981287098881,0.0,0.5993686660823861,0.9828981287098881,0.0,0.0,0.0,0.0,True,0.0
0.875,penalty,10000.0,0.0,0.9834876873759705,0.0,0.5895586660823862,0.9834876873759705,0.0,0.0,0.0,0.0,True,0.0
0.876,penalty,10000.0,0.0,0.9840674360420528,0.0,0.5797486660823862,0.9840674360420528,0.0,0.0,0.0,0.0,True,0.0
0.877,penalty,10000.0,0.0,0.9846373747081352,0.0,0.5699386660823862,0.9846373747081352,0.0,0.0,0.0,0.0,True,0.0
0.878,penalty,10000.0,0.0,0.9851975033742175,0.0,0.5601286660823862,0.9851975033742175,0.0,0.0,0.0,0.0,True,0.0
0.879,penalty,10000.0,0.0,0.9857478220402999,0.0,0.5503186660823862,0.9857478220402999,0.0,0.0,0.0,0.0,True,0.0
0.88,penalty,10000.0,0.0,0.9862883307063822,0.0,0.5405086660823862,0.9862883307063822,0.0,0.0,0.0,0.0,True,0.0
0.881,penalty,10000.0,0.0,0.9868190293724646,0.0,0.5306986660823863,0.9868190293724646,0.0,0.0,0.0,0.0,True,0.0
0.882,penalty,10000.0,0.0,0.9873399180385469,0.0,0.5208886660823863,0.9873399180385469,0.0,0.0,0.0,0.0,True,0.0
0.883,penalty,10000.0,0.0,0.9878509967046293,0.0,0.5110786660823863,0.9878509967046293,0.0,0.0,0.0,0.0,True,0.0
0.884,penalty,10000.0,0.0,0.9883522653707116,0.0,0.5012686660823863,0.9883522653707116,0.0,0.0,0.0,0.0,True,0.0
0.885,penalty,10000.0,0.0,0.988843724036794,0.0,0.4914586660823863,0.988843724036794,0.0,0.0,0.0,0.0,True,0.0
0.886,penalty,10000.0,0.0,0.9893253727028763,0.0,0.4816486660823863,0.9893253727028763,0.0,0.0,0.0,0.0,True,0.0
0.887,penalty,10000.0,0.0,0.9897972113689587,0.0,0.47183866608238634,0.9897972113689587,0.0,0.0,0.0,0.0,True,0.0
0.888,penalty,10000.0,0.0,0.9902592400350411,0.0,0.46202866608238635,0.9902592400350411,0.0,0.0,0.0,0.0,True,0.0
0.889,penalty,10000.0,0.0,0.9907114587011234,0.0,0.45221866608238637,0.9907114587011234,0.0,0.0,0.0,0.0,True,0.0
0.89,penalty,10000.0,0.0,0.9911538673672058,0.0,0.4424086660823864,0.9911538673672058,0.0,0.0,0.0,0.0,True,0.0
0.891,penalty,10000.0,0.0,0.9915864660332881,0.0,0.4325986660823864,0.9915864660332881,0.0,0.0,0.0,0.0,True,0.0
0.892,penalty,10000.0,0.0,0.9920092546993705,0.0,0.4227886660823864,0.9920092546993705,0.0,0.0,0.0,0.0,True,0.0
0.893,penalty,10000.0,0.0,0.9924222333654529,0.0,0.4129786660823864,0.9924222333654529,0.0,0.0,0.0,0.0,True,0.0
0.894,penalty,10000.0,0.0,0.9928254020315352,0.0,0.40316866608238644,0.9928254020315352,0.0,0.0,0.0,0.0,True,0.0
0.895,penalty,10000.0,0.0,0.9932187606976176,0.0,0.39335866608238645,0.9932187606976176,0.0,0.0,0.0,0.0,True,0.0
0.896,penalty,10000.0,0.0,0.9936023093637,0.0,0.38354866608238647,0.9936023093637,0.0,0.0,0.0,0.0,True,0.0
0.897,penalty,10000.0,0.0,0.9939760480297823,0.0,0.3737386660823865,0.9939760480297823,0.0,0.0,0.0,0.0,True,0.0
0.898,penalty,10000.0,0.0,0.9943399766958647,0.0,0.3639286660823865,0.9943399766958647,0.0,0.0,0.0,0.0,True,0.0
0.899,penalty,10000.0,0.0,0.9946940953619471,0.0,0.3541186660823865,0.9946940953619471,0.0,0.0,0.0,0.0,True,0.0
0.9,penalty,10000.0,0.0,0.9950384040280295,0.0,0.3443086660823865,0.9950384040280295,0.0,0.0,0.0,0.0,True,0.0
0.901,penalty,10000.0,0.0,0.9953729026941118,0.0,0.33449866608238654,0.9953729026941118,0.0,0.0,0.0,0.0,True,0.0
0.902,penalty,10000.0,0.0,0.9956975913601942,0.0,0.32468866608238656,0.9956975913601942,0.0,0.0,0.0,0.0,True,0.0
0.903,penalty,10000.0,0.0,0.9960124700262766,0.0,0.31487866608238657,0.9960124700262766,0.0,0.0,0.0,0.0,True,0.0
0.904,penalty,10000.0,0.0,0.996317538692359,0.0,0.3050686660823866,0.996317538692359,0.0,0.0,0.0,0.0,True,0.0
0.905,penalty,10000.0,0.0,0.9966127973584413,0.0,0.2952586660823866,0.9966127973584413,0.0,0.0,0.0,0.0,True,0.0
0.906,penalty,10000.0,0.0,0.9968982460245237,0.0,0.2854486660823866,0.9968982460245237,0.0,0.0,0.0,0.0,True,0.0
0.907,penalty,10000.0,0.0,0.9971738846906061,0.0,0.27563866608238663,0.9971738846906061,0.0,0.0,0.0,0.0,True,0.0
0.908,penalty,10000.0,0.0,0.9974397133566885,0.0,0.26582866608238664,0.9974397133566885,0.0,0.0,0.0,0.0,True,0.0
0.909,penalty,10000.0,0.0,0.9976957320227708,0.0,0.25601866608238666,0.9976957320227708,0.0,0.0,0.0,0.0,True,0.0
0.91,penalty,10000.0,0.0,0.9979419406888532,0.0,0.24620866608238665,0.9979419406888532,0.0,0.0,0.0,0.0,True,0.0
0.911,penalty,10000.0,0.0,0.9981783393549356,0.0,0.23639866608238663,0.9981783393549356,0.0,0.0,0.0,0.0,True,0.0
0.912,penalty,10000.0,0.0,0.998404928021018,0.0,0.22658866608238662,0.998404928021018,0.0,0.0,0.0,0.0,True,0.0
0.913,penalty,10000.0,0.0,0.9986217066871004,0.0,0.2167786660823866,0.9986217066871004,0.0,0.0,0.0,0.0,True,0.0
0.914,penalty,10000.0,0.0,0.9988286753531828,0.0,0.2069686660823866,0.9988286753531828,0.0,0.0,0.0,0.0,True,0.0
0.915,penalty,10000.0,0.0,0.9990258340192651,0.0,0.19715866608238658,0.9990258340192651,0.0,0.0,0.0,0.0,True,0.0
0.916,penalty,10000.0,0.0,0.9992131826853475,0.0,0.18734866608238657,0.9992131826853475,0.0,0.0,0.0,0.0,True,0.0
0.917,penalty,10000.0,0.0,0.9993907213514299,0.0,0.17753866608238655,0.9993907213514299,0.0,0.0,0.0,0.0,True,0.0
0.918,penalty,10000.0,0.0,0.9995584500175123,0.0,0.16772866608238654,0.9995584500175123,0.0,0.0,0.0,0.0,True,0.0
0.919,penalty,10000.0,0.0,0.9997163686835947,0.0,0.15791866608238653,0.9997163686835947,0.0,0.0,0.0,0.0,True,0.0
0.92,penalty,10000.0,0.0,0.9998644773496771,0.0,0.14810866608238651,0.9998644773496771,0.0,0.0,0.0,0.0,True,0.0
0.921,penalty,10000.0,0.0,1.0000027760157595,0.0,0.1382986660823865,1.0000027760157595,0.0,0.0,0.0,0.0,True,0.0
0.922,penalty,10000.0,0.0,1.0001312646818419,0.0,0.1284886660823865,1.0001312646818419,0.0,0.0,0.0,0.0,True,0.0
0.923,penalty,10000.0,0.0,1.0002499433479242,0.0,0.11867866608238649,1.0002499433479242,0.0,0.0,0.0,0.0,True,0.0
0.924,penalty,10000.0,0.0,1.0003588120140066,0.0,0.10886866608238649,1.0003588120140066,0.0,0.0,0.0,0.0,True,0.0
0.925,penalty,10000.0,0.0,1.0004578706800888,0.0,0.09905866608238649,1.0004578706800888,0.0,0.0,0.0,0.0,True,0.0
0.926,penalty,10000.0,0.0,1.0005471193461712,0.0,0.08924866608238649,1.0005471193461712,0.0,0.0,0.0,0.0,True,0.0
0.927,penalty,10000.0,0.0,1.0006265580122535,0.0,0.07943866608238649,1.0006265580122535,0.0,0.0,0.0,0.0,True,0.0
0.928,penalty,10000.0,0.0,1.000696186678336,0.0,0.06962866608238649,1.000696186678336,0.0,0.0,0.0,0.0,True,0.0
0.929,penalty,10000.0,0.0,1.0007560053444182,0.0,0.05981866608238649,1.0007560053444182,0.0,0.0,0.0,0.0,True,0.0
0.93,penalty,10000.0,0.0,1.0008060140105006,0.0,0.050008666082386494,1.0008060140105006,0.0,0.0,0.0,0.0,True,0.0
0.931,penalty,10000.0,0.0,1.000846212676583,0.0,0.040198666082386494,1.000846212676583,0.0,0.0,0.0,0.0,True,0.0
0.932,penalty,10000.0,0.0,1.0008766013426653,0.0,0.030388666082386495,1.0008766013426653,0.0,0.0,0.0,0.0,True,0.0
0.933,penalty,10000.0,0.0,1.0008971800087476,0.0,0.020578666082386496,1.0008971800087476,0.0,0.0,0.0,0.0,True,0.0
0.934,penalty,10000.0,0.0,1.00090794867483,0.0,0.010768666082386495,1.00090794867483,0.0,0.0,0.0,0.0,True,0.0
0.935,penalty,10000.0,0.0,1.0009089073409123,0.0,0.0009586660823864938,1.0009089073409123,0.0,0.0,0.0,0.0,True,0.0
0.936,penalty,10000.0,0.0,1.0009000560069947,0.0,-0.008851333917613507,1.0009000560069947,0.0,0.0,0.0,0.0,True,0.0
0.937,penalty,10000.0,0.0,1.000881394673077,0.0,-0.018661333917613508,1.000881394673077,0.0,0.0,0.0,0.0,True,0.0
0.9380000000000001,penalty,10000.0,0.0,1.0008529233391594,0.0,-0.028471333917613507,1.0008529233391594,0.0,0.0,0.0,0.0,True,0.0
0.9390000000000001,penalty,10000.0,0.0,1.0008146420052417,0.0,-0.03828133391761351,1.0008146420052417,0.0,0.0,0.0,0.0,True,0.0
0.9400000000000001,penalty,10000.0,0.0,1.0007665506713241,0.0,-0.048091333917613506,1.0007665506713241,0.0,0.0,0.0,0.0,True,0.0
0.9410000000000001,penalty,10000.0,0.0,1.0007086493374064,0.0,-0.057901333917613505,1.0007086493374064,0.0,0.0,0.0,0.0,True,0.0
0.9420000000000001,penalty,10000.0,0.0,1.0006409380034889,0.0,-0.06771133391761351,1.0006409380034889,0.0,0.0,0.0,0.0,True,0.0
0.9430000000000001,penalty,10000.0,0.0,1.0005634166695712,0.0,-0.07752133391761351,1.0005634166695712,0.0,0.0,0.0,0.0,True,0.0
0.9440000000000001,penalty,10000.0,0.0,1.0004760853356536,0.0,-0.08733133391761351,1.0004760853356536,0.0,0.0,0.0,0.0,True,0.0
0.9450000000000001,penalty,10000.0,0.0,1.0003789440017359,0.0,-0.09714133391761351,1.0003789440017359,0.0,0.0,0.0,0.0,True,0.0
0.9460000000000001,penalty,10000.0,0.0,1.0002719926678183,0.0,-0.10695133391761351,1.0002719926678183,0.0,0.0,0.0,0.0,True,0.0
0.9470000000000001,penalty,10000.0,0.0,1.0001552313339006,0.0,-0.11676133391761351,1.0001552313339006,0.0,0.0,0.0,0.0,True,0.0
0.9480000000000001,penalty,10000.0,0.0,1.000028659999983,0.0,-0.12657133391761352,1.000028659999983,0.0,0.0,0.0,0.0,True,0.0
0.9490000000000001,penalty,10000.0,0.0,0.9998922786660654,0.0,-0.13638133391761353,0.9998922786660654,0.0,0.0,0.0,0.0,True,0.0
0.9500000000000001,penalty,10000.0,0.0,0.9997460873321479,0.0,-0.14619133391761355,0.9997460873321479,0.0,0.0,0.0,0.0,True,0.0
0.9510000000000001,penalty,10000.0,0.0,0.9995900859982303,0.0,-0.15600133391761356,0.9995900859982303,0.0,0.0,0.0,0.0,True,0.0
0.9520000000000001,penalty,10000.0,0.0,0.9994242746643127,0.0,-0.16581133391761357,0.9994242746643127,0.0,0.0,0.0,0.0,True,0.0
0.9530000000000001,penalty,10000.0,0.0,0.9992486533303951,0.0,-0.1756213339176136,0.9992486533303951,0.0,0.0,0.0,0.0,True,0.0
0.9540000000000001,penalty,10000.0,0.0,0.9990632219964776,0.0,-0.1854313339176136,0.9990632219964776,0.0,0.0,0.0,0.0,True,0.0
0.9550000000000001,penalty,10000.0,0.0,0.99886798066256,0.0,-0.1952413339176136,0.99886798066256,0.0,0.0,0.0,0.0,True,0.0
0.9560000000000001,penalty,10000.0,0.0,0.9986629293286424,0.0,-0.20505133391761363,0.9986629293286424,0.0,0.0,0.0,0.0,True,0.0
0.9570000000000001,penalty,10000.0,0.0,0.9984480679947249,0.0,-0.21486133391761364,0.9984480679947249,0.0,0.0,0.0,0.0,True,0.0
0.9580000000000001,penalty,10000.0,0.0,0.9982233966608073,0.0,-0.22467133391761365,0.9982233966608073,0.0,0.0,0.0,0.0,True,0.0
0.9590000000000001,penalty,10000.0,0.0,0.9979889153268897,0.0,-0.23448133391761367,0.9979889153268897,0.0,0.0,0.0,0.0,True,0.0
0.96,penalty,10000.0,0.0,0.9977446239929721,0.0,-0.24429133391761368,0.9977446239929721,0.0,0.0,0.0,0.0,True,0.0
0.961,penalty,10000.0,0.0,0.9974905226590546,0.0,-0.2541013339176137,0.9974905226590546,0.0,0.0,0.0,0.0,True,0.0
0.962,penalty,10000.0,0.0,0.997226611325137,0.0,-0.2639113339176137,0.997226611325137,0.0,0.0,0.0,0.0,True,0.0
0.963,penalty,10000.0,0.0,0.9969528899912194,0.0,-0.27372133391761366,0.9969528899912194,0.0,0.0,0.0,0.0,True,0.0
0.964,penalty,10000.0,0.0,0.9966693586573019,0.0,-0.28353133391761365,0.9966693586573019,0.0,0.0,0.0,0.0,True,0.0
0.965,penalty,10000.0,0.0,0.9963760173233843,0.0,-0.29334133391761363,0.9963760173233843,0.0,0.0,0.0,0.0,True,0.0
0.966,penalty,10000.0,0.0,0.9960728659894668,0.0,-0.3031513339176136,0.9960728659894668,0.0,0.0,0.0,0.0,True,0.0
0.967,penalty,10000.0,0.0,0.9957599046555492,0.0,-0.3129613339176136,0.9957599046555492,0.0,0.0,0.0,0.0,True,0.0
0.968,penalty,10000.0,0.0,0.9954371333216316,0.0,-0.3227713339176136,0.9954371333216316,0.0,0.0,0.0,0.0,True,0.0
0.969,penalty,10000.0,0.0,0.9951045519877141,0.0,-0.3325813339176136,0.9951045519877141,0.0,0.0,0.0,0.0,True,0.0
0.97,penalty,10000.0,0.0,0.9947621606537964,0.0,-0.34239133391761356,0.9947621606537964,0.0,0.0,0.0,0.0,True,0.0
0.971,penalty,10000.0,0.0,0.9944099593198787,0.0,-0.35220133391761355,0.9944099593198787,0.0,0.0,0.0,0.0,True,0.0
0.972,penalty,10000.0,0.0,0.9940479479859611,0.0,-0.36201133391761353,0.9940479479859611,0.0,0.0,0.0,0.0,True,0.0
0.973,penalty,10000.0,0.0,0.9936761266520434,0.0,-0.3718213339176135,0.9936761266520434,0.0,0.0,0.0,0.0,True,0.0
0.974,penalty,10000.0,0.0,0.9932944953181257,0.0,-0.3816313339176135,0.9932944953181257,0.0,0.0,0.0,0.0,True,0.0
0.975,penalty,10000.0,0.0,0.9929030539842081,0.0,-0.3914413339176135,0.9929030539842081,0.0,0.0,0.0,0.0,True,0.0
0.976,penalty,10000.0,0.0,0.9925018026502904,0.0,-0.4012513339176135,0.9925018026502904,0.0,0.0,0.0,0.0,True,0.0
0.977,penalty,10000.0,0.0,0.9920907413163728,0.0,-0.41106133391761346,0.9920907413163728,0.0,0.0,0.0,0.0,True,0.0
0.978,penalty,10000.0,0.0,0.9916698699824551,0.0,-0.42087133391761344,0.9916698699824551,0.0,0.0,0.0,0.0,True,0.0
0.979,penalty,10000.0,0.0,0.9912391886485374,0.0,-0.43068133391761343,0.9912391886485374,0.0,0.0,0.0,0.0,True,0.0
0.98,penalty,10000.0,0.0,0.9907986973146198,0.0,-0.4404913339176134,0.9907986973146198,0.0,0.0,0.0,0.0,True,0.0
0.981,penalty,10000.0,0.0,0.9903483959807021,0.0,-0.4503013339176134,0.9903483959807021,0.0,0.0,0.0,0.0,True,0.0
0.982,penalty,10000.0,0.0,0.9898882846467845,0.0,-0.4601113339176134,0.9898882846467845,0.0,0.0,0.0,0.0,True,0.0
0.983,penalty,10000.0,0.0,0.9894183633128668,0.0,-0.46992133391761337,0.9894183633128668,0.0,0.0,0.0,0.0,True,0.0
0.984,penalty,10000.0,0.0,0.9889386319789492,0.0,-0.47973133391761336,0.9889386319789492,0.0,0.0,0.0,0.0,True,0.0
0.985,penalty,10000.0,0.0,0.9884490906450315,0.0,-0.48954133391761334,0.9884490906450315,0.0,0.0,0.0,0.0,True,0.0
0.986,penalty,10000.0,0.0,0.9879497393111139,0.0,-0.4993513339176133,0.9879497393111139,0.0,0.0,0.0,0.0,True,0.0
0.987,penalty,10000.0,0.0,0.9874405779771962,0.0,-0.5091613339176133,0.9874405779771962,0.0,0.0,0.0,0.0,True,0.0
0.988,penalty,10000.0,0.0,0.9869216066432785,0.0,-0.5189713339176133,0.9869216066432785,0.0,0.0,0.0,0.0,True,0.0
0.989,penalty,10000.0,0.0,0.9863928253093609,0.0,-0.5287813339176133,0.9863928253093609,0.0,0.0,0.0,0.0,True,0.0
0.99,penalty,10000.0,0.0,0.9858542339754433,0.0,-0.5385913339176133,0.9858542339754433,0.0,0.0,0.0,0.0,True,0.0
0.991,penalty,10000.0,0.0,0.9853058326415256,0.0,-0.5484013339176133,0.9853058326415256,0.0,0.0,0.0,0.0,True,0.0
0.992,penalty,10000.0,0.0,0.984747621307608,0.0,-0.5582113339176132,0.984747621307608,0.0,0.0,0.0,0.0,True,0.0
0.993,penalty,10000.0,0.0,0.9841795999736903,0.0,-0.5680213339176132,0.9841795999736903,0.0,0.0,0.0,0.0,True,0.0
0.994,penalty,10000.0,0.0,0.9836017686397727,0.0,-0.5778313339176132,0.9836017686397727,0.0,0.0,0.0,0.0,True,0.0
0.995,penalty,10000.0,0.0,0.983014127305855,0.0,-0.5876413339176132,0.983014127305855,0.0,0.0,0.0,0.0,True,0.0
0.996,penalty,10000.0,0.0,0.9824166759719374,0.0,-0.5974513339176132,0.9824166759719374,0.0,0.0,0.0,0.0,True,0.0
0.997,penalty,10000.0,0.0,0.9818094146380197,0.0,-0.6072613339176132,0.9818094146380197,0.0,0.0,0.0,0.0,True,0.0
0.998,penalty,10000.0,0.0,0.9811923433041021,0.0,-0.6170713339176132,0.9811923433041021,0.0,0.0,0.0,0.0,True,0.0
0.999,penalty,10000.0,0.0,0.9805654619701845,0.0,-0.6268813339176131,0.9805654619701845,0.0,0.0,0.0,0.0,True,0.0
1.0,penalty,10000.0,0.0,0.9799287706362668,0.0,-0.6366913339176131,0.9799287706362668,0.0,0.0,0.0,0.0,True,0.0
0.0,penalty,100000.0,0.0,1.0,0.0,0.0,1.0,0.0,0.0,0.0,0.0,True,0.0
0.001,penalty,100000.0,0.0,0.99999019,0.0,-0.009810000000000001,0.99999019,0.0,0.0,0.0,0.0,True,0.0
0.002,penalty,100000.0,0.0,0.99997057,0.0,-0.019620000000000002,0.99997057,0.0,0.0,0.0,0.0,True,0.0
0.003,penalty,100000.0,0.0,0.99994114,0.0,-0.029430000000000005,0.99994114,0.0,0.0,0.0,0.0,True,0.0
0.004,penalty,100000.0,0.0,0.9999019,0.0,-0.039240000000000004,0.9999019,0.0,0.0,0.0,0.0,True,0.0
0.005,penalty,100000.0,0.0,0.99985285,0.0,-0.04905,0.99985285,0.0,0.0,0.0,0.0,True,0.0
0.006,penalty,100000.0,0.0,0.99979399,0.0,-0.05886,0.99979399,0.0,0.0,0.0,0.0,True,0.0
0.007,penalty,100000.0,0.0,0.99972532,0.0,-0.06867000000000001,0.99972532,0.0,0.0,0.0,0.0,True,0.0
0.008,penalty,100000.0,0.0,0.99964684,0.0,-0.07848000000000001,0.99964684,0.0,0.0,0.0,0.0,True,0.0
0.009000000000000001,penalty,100000.0,0.0,0.99955855,0.0,-0.08829000000000001,0.99955855,0.0,0.0,0.0,0.0,True,0.0
0.01,penalty,100000.0,0.0,0.9994604500000001,0.0,-0.0981,0.9994604500000001,0.0,0.0,0.0,0.0,True,0.0
0.011,penalty,100000.0,0.0,0.9993525400000001,0.0,-0.10791,0.9993525400000001,0.0,0.0,0.0,0.0,True,0.0
0.012,penalty,100000.0,0.0,0.9992348200000001,0.0,-0.11772,0.9992348200000001,0.0,0.0,0.0,0.0,True,0.0
0.013000000000000001,penalty,100000.0,0.0,0.9991072900000001,0.0,-0.12753,0.9991072900000001,0.0,0.0,0.0,0.0,True,0.0
0.014,penalty,100000.0,0.0,0.9989699500000001,0.0,-0.13734000000000002,0.9989699500000001,0.0,0.0,0.0,0.0,True,0.0
0.015,penalty,100000.0,0.0,0.9988228000000001,0.0,-0.14715000000000003,0.9988228000000001,0.0,0.0,0.0,0.0,True,0.0
0.016,penalty,100000.0,0.0,0.9986658400000001,0.0,-0.15696000000000004,0.9986658400000001,0.0,0.0,0.0,0.0,True,0.0
0.017,penalty,100000.0,0.0,0.9984990700000002,0.0,-0.16677000000000006,0.9984990700000002,0.0,0.0,0.0,0.0,True,0.0
0.018000000000000002,penalty,100000.0,0.0,0.9983224900000002,0.0,-0.17658000000000007,0.9983224900000002,0.0,0.0,0.0,0.0,True,0.0
0.019,penalty,100000.0,0.0,0.9981361000000002,0.0,-0.18639000000000008,0.9981361000000002,0.0,0.0,0.0,0.0,True,0.0
0.02,penalty,100000.0,0.0,0.9979399000000002,0.0,-0.1962000000000001,0.9979399000000002,0.0,0.0,0.0,0.0,True,0.0
0.021,penalty,100000.0,0.0,0.9977338900000002,0.0,-0.2060100000000001,0.9977338900000002,0.0,0.0,0.0,0.0,True,0.0
0.022,penalty,100000.0,0.0,0.9975180700000003,0.0,-0.21582000000000012,0.9975180700000003,0.0,0.0,0.0,0.0,True,0.0
0.023,penalty,100000.0,0.0,0.9972924400000003,0.0,-0.22563000000000014,0.9972924400000003,0.0,0.0,0.0,0.0,True,0.0
0.024,penalty,100000.0,0.0,0.9970570000000003,0.0,-0.23544000000000015,0.9970570000000003,0.0,0.0,0.0,0.0,True,0.0
0.025,penalty,100000.0,0.0,0.9968117500000003,0.0,-0.24525000000000016,0.9968117500000003,0.0,0.0,0.0,0.0,True,0.0
0.026000000000000002,penalty,100000.0,0.0,0.9965566900000004,0.0,-0.2550600000000002,0.9965566900000004,0.0,0.0,0.0,0.0,True,0.0
0.027,penalty,100000.0,0.0,0.9962918200000004,0.0,-0.26487000000000016,0.9962918200000004,0.0,0.0,0.0,0.0,True,0.0
0.028,penalty,100000.0,0.0,0.9960171400000004,0.0,-0.27468000000000015,0.9960171400000004,0.0,0.0,0.0,0.0,True,0.0
0.029,penalty,100000.0,0.0,0.9957326500000004,0.0,-0.28449000000000013,0.9957326500000004,0.0,0.0,0.0,0.0,True,0.0
0.03,penalty,100000.0,0.0,0.9954383500000005,0.0,-0.2943000000000001,0.9954383500000005,0.0,0.0,0.0,0.0,True,0.0
0.031,penalty,100000.0,0.0,0.9951342400000005,0.0,-0.3041100000000001,0.9951342400000005,0.0,0.0,0.0,0.0,True,0.0
0.032,penalty,100000.0,0.0,0.9948203200000005,0.0,-0.3139200000000001,0.9948203200000005,0.0,0.0,0.0,0.0,True,0.0
0.033,penalty,100000.0,0.0,0.9944965900000006,0.0,-0.3237300000000001,0.9944965900000006,0.0,0.0,0.0,0.0,True,0.0
0.034,penalty,100000.0,0.0,0.9941630500000006,0.0,-0.33354000000000006,0.9941630500000006,0.0,0.0,0.0,0.0,True,0.0
0.035,penalty,100000.0,0.0,0.9938197000000006,0.0,-0.34335000000000004,0.9938197000000006,0.0,0.0,0.0,0.0,True,0.0
0.036000000000000004,penalty,100000.0,0.0,0.9934665400000007,0.0,-0.35316000000000003,0.9934665400000007,0.0,0.0,0.0,0.0,True,0.0
0.037,penalty,100000.0,0.0,0.9931035700000007,0.0,-0.36297,0.9931035700000007,0.0,0.0,0.0,0.0,True,0.0
0.038,penalty,100000.0,0.0,0.9927307900000008,0.0,-0.37278,0.9927307900000008,0.0,0.0,0.0,0.0,True,0.0
0.039,penalty,100000.0,0.0,0.9923482000000008,0.0,-0.38259,0.9923482000000008,0.0,0.0,0.0,0.0,True,0.0
0.04,penalty,100000.0,0.0,0.9919558000000008,0.0,-0.39239999999999997,0.9919558000000008,0.0,0.0,0.0,0.0,True,0.0
0.041,penalty,100000.0,0.0,0.9915535900000009,0.0,-0.40220999999999996,0.9915535900000009,0.0,0.0,0.0,0.0,True,0.0
0.042,penalty,100000.0,0.0,0.9911415700000009,0.0,-0.41201999999999994,0.9911415700000009,0.0,0.0,0.0,0.0,True,0.0
0.043000000000000003,penalty,100000.0,0.0,0.990719740000001,0.0,-0.4218299999999999,0.990719740000001,0.0,0.0,0.0,0.0,True,0.0
0.044,penalty,100000.0,0.0,0.990288100000001,0.0,-0.4316399999999999,0.990288100000001,0.0,0.0,0.0,0.0,True,0.0
0.045,penalty,100000.0,0.0,0.989846650000001,0.0,-0.4414499999999999,0.989846650000001,0.0,0.0,0.0,0.0,True,0.0
0.046,penalty,100000.0,0.0,0.9893953900000011,0.0,-0.4512599999999999,0.9893953900000011,0.0,0.0,0.0,0.0,True,0.0
0.047,penalty,100000.0,0.0,0.9889343200000011,0.0,-0.46106999999999987,0.9889343200000011,0.0,0.0,0.0,0.0,True,0.0
0.048,penalty,100000.0,0.0,0.9884634400000012,0.0,-0.47087999999999985,0.9884634400000012,0.0,0.0,0.0,0.0,True,0.0
0.049,penalty,100000.0,0.0,0.9879827500000012,0.0,-0.48068999999999984,0.9879827500000012,0.0,0.0,0.0,0.0,True,0.0
0.05,penalty,100000.0,0.0,0.9874922500000013,0.0,-0.4904999999999998,0.9874922500000013,0.0,0.0,0.0,0.0,True,0.0
0.051000000000000004,penalty,100000.0,0.0,0.9869919400000013,0.0,-0.5003099999999998,0.9869919400000013,0.0,0.0,0.0,0.0,True,0.0
0.052000000000000005,penalty,100000.0,0.0,0.9864818200000014,0.0,-0.5101199999999998,0.9864818200000014,0.0,0.0,0.0,0.0,True,0.0
0.053,penalty,100000.0,0.0,0.9859618900000015,0.0,-0.5199299999999998,0.9859618900000015,0.0,0.0,0.0,0.0,True,0.0
0.054,penalty,100000.0,0.0,0.9854321500000015,0.0,-0.5297399999999998,0.9854321500000015,0.0,0.0,0.0,0.0,True,0.0
0.055,penalty,100000.0,0.0,0.9848926000000016,0.0,-0.5395499999999998,0.9848926000000016,0.0,0.0,0.0,0.0,True,0.0
0.056,penalty,100000.0,0.0,0.9843432400000015,0.0,-0.5493599999999997,0.9843432400000015,0.0,0.0,0.0,0.0,True,0.0
0.057,penalty,100000.0,0.0,0.9837840700000015,0.0,-0.5591699999999997,0.9837840700000015,0.0,0.0,0.0,0.0,True,0.0
0.058,penalty,100000.0,0.0,0.9832150900000014,0.0,-0.5689799999999997,0.9832150900000014,0.0,0.0,0.0,0.0,True,0.0
0.059000000000000004,penalty,100000.0,0.0,0.9826363000000014,0.0,-0.5787899999999997,0.9826363000000014,0.0,0.0,0.0,0.0,True,0.0
0.06,penalty,100000.0,0.0,0.9820477000000013,0.0,-0.5885999999999997,0.9820477000000013,0.0,0.0,0.0,0.0,True,0.0
0.061,penalty,100000.0,0.0,0.9814492900000013,0.0,-0.5984099999999997,0.9814492900000013,0.0,0.0,0.0,0.0,True,0.0
0.062,penalty,100000.0,0.0,0.9808410700000012,0.0,-0.6082199999999996,0.9808410700000012,0.0,0.0,0.0,0.0,True,0.0
0.063,penalty,100000.0,0.0,0.9802230400000012,0.0,-0.6180299999999996,0.9802230400000012,0.0,0.0,0.0,0.0,True,0.0
0.064,penalty,100000.0,0.0,0.9795952000000011,0.0,-0.6278399999999996,0.9795952000000011,0.0,0.0,0.0,0.0,True,0.0
0.065,penalty,100000.0,0.0,0.9789575500000011,0.0,-0.6376499999999996,0.9789575500000011,0.0,0.0,0.0,0.0,True,0.0
0.066,penalty,100000.0,0.0,0.978310090000001,0.0,-0.6474599999999996,0.978310090000001,0.0,0.0,0.0,0.0,True,0.0
0.067,penalty,100000.0,0.0,0.977652820000001,0.0,-0.6572699999999996,0.977652820000001,0.0,0.0,0.0,0.0,True,0.0
0.068,penalty,100000.0,0.0,0.9769857400000009,0.0,-0.6670799999999996,0.9769857400000009,0.0,0.0,0.0,0.0,True,0.0
0.069,penalty,100000.0,0.0,0.9763088500000009,0.0,-0.6768899999999995,0.9763088500000009,0.0,0.0,0.0,0.0,True,0.0
0.07,penalty,100000.0,0.0,0.9756221500000009,0.0,-0.6866999999999995,0.9756221500000009,0.0,0.0,0.0,0.0,True,0.0
0.07100000000000001,penalty,100000.0,0.0,0.9749256400000008,0.0,-0.6965099999999995,0.9749256400000008,0.0,0.0,0.0,0.0,True,0.0
0.07200000000000001,penalty,100000.0,0.0,0.9742193200000008,0.0,-0.7063199999999995,0.9742193200000008,0.0,0.0,0.0,0.0,True,0.0
0.073,penalty,100000.0,0.0,0.9735031900000007,0.0,-0.7161299999999995,0.9735031900000007,0.0,0.0,0.0,0.0,True,0.0
0.074,penalty,100000.0,0.0,0.9727772500000007,0.0,-0.7259399999999995,0.9727772500000007,0.0,0.0,0.0,0.0,True,0.0
0.075,penalty,100000.0,0.0,0.9720415000000007,0.0,-0.7357499999999995,0.9720415000000007,0.0,0.0,0.0,0.0,True,0.0
0.076,penalty,100000.0,0.0,0.9712959400000006,0.0,-0.7455599999999994,0.9712959400000006,0.0,0.0,0.0,0.0,True,0.0
0.077,penalty,100000.0,0.0,0.9705405700000006,0.0,-0.7553699999999994,0.9705405700000006,0.0,0.0,0.0,0.0,True,0.0
0.078,penalty,100000.0,0.0,0.9697753900000006,0.0,-0.7651799999999994,0.9697753900000006,0.0,0.0,0.0,0.0,True,0.0
0.079,penalty,100000.0,0.0,0.9690004000000005,0.0,-0.7749899999999994,0.9690004000000005,0.0,0.0,0.0,0.0,True,0.0
0.08,penalty,100000.0,0.0,0.9682156000000005,0.0,-0.7847999999999994,0.9682156000000005,0.0,0.0,0.0,0.0,True,0.0
0.081,penalty,100000.0,0.0,0.9674209900000005,0.0,-0.7946099999999994,0.9674209900000005,0.0,0.0,0.0,0.0,True,0.0
0.082,penalty,100000.0,0.0,0.9666165700000005,0.0,-0.8044199999999994,0.9666165700000005,0.0,0.0,0.0,0.0,True,0.0
0.083,penalty,100000.0,0.0,0.9658023400000004,0.0,-0.8142299999999993,0.9658023400000004,0.0,0.0,0.0,0.0,True,0.0
0.084,penalty,100000.0,0.0,0.9649783000000004,0.0,-0.8240399999999993,0.9649783000000004,0.0,0.0,0.0,0.0,True,0.0
0.085,penalty,100000.0,0.0,0.9641444500000004,0.0,-0.8338499999999993,0.9641444500000004,0.0,0.0,0.0,0.0,True,0.0
0.08600000000000001,penalty,100000.0,0.0,0.9633007900000004,0.0,-0.8436599999999993,0.9633007900000004,0.0,0.0,0.0,0.0,True,0.0
0.08700000000000001,penalty,100000.0,0.0,0.9624473200000003,0.0,-0.8534699999999993,0.9624473200000003,0.0,0.0,0.0,0.0,True,0.0
0.088,penalty,100000.0,0.0,0.9615840400000003,0.0,-0.8632799999999993,0.9615840400000003,0.0,0.0,0.0,0.0,True,0.0
0.089,penalty,100000.0,0.0,0.9607109500000003,0.0,-0.8730899999999993,0.9607109500000003,0.0,0.0,0.0,0.0,True,0.0
0.09,penalty,100000.0,0.0,0.9598280500000003,0.0,-0.8828999999999992,0.9598280500000003,0.0,0.0,0.0,0.0,True,0.0
0.091,penalty,100000.0,0.0,0.9589353400000002,0.0,-0.8927099999999992,0.9589353400000002,0.0,0.0,0.0,0.0,True,0.0
0.092,penalty,100000.0,0.0,0.9580328200000002,0.0,-0.9025199999999992,0.9580328200000002,0.0,0.0,0.0,0.0,True,0.0
0.093,penalty,100000.0,0.0,0.9571204900000002,0.0,-0.9123299999999992,0.9571204900000002,0.0,0.0,0.0,0.0,True,0.0
0.094,penalty,100000.0,0.0,0.9561983500000002,0.0,-0.9221399999999992,0.9561983500000002,0.0,0.0,0.0,0.0,True,0.0
0.095,penalty,100000.0,0.0,0.9552664000000002,0.0,-0.9319499999999992,0.9552664000000002,0.0,0.0,0.0,0.0,True,0.0
0.096,penalty,100000.0,0.0,0.9543246400000002,0.0,-0.9417599999999992,0.9543246400000002,0.0,0.0,0.0,0.0,True,0.0
0.097,penalty,100000.0,0.0,0.9533730700000002,0.0,-0.9515699999999991,0.9533730700000002,0.0,0.0,0.0,0.0,True,0.0
0.098,penalty,100000.0,0.0,0.9524116900000001,0.0,-0.9613799999999991,0.9524116900000001,0.0,0.0,0.0,0.0,True,0.0
0.099,penalty,100000.0,0.0,0.9514405000000001,0.0,-0.9711899999999991,0.9514405000000001,0.0,0.0,0.0,0.0,True,0.0
0.1,penalty,100000.0,0.0,0.9504595000000001,0.0,-0.9809999999999991,0.9504595000000001,0.0,0.0,0.0,0.0,True,0.0
0.101,penalty,100000.0,0.0,0.9494686900000001,0.0,-0.9908099999999991,0.9494686900000001,0.0,0.0,0.0,0.0,True,0.0
0.10200000000000001,penalty,100000.0,0.0,0.9484680700000001,0.0,-1.0006199999999992,0.9484680700000001,0.0,0.0,0.0,0.0,True,0.0
0.10300000000000001,penalty,100000.0,0.0,0.9474576400000001,0.0,-1.0104299999999993,0.9474576400000001,0.0,0.0,0.0,0.0,True,0.0
0.10400000000000001,penalty,100000.0,0.0,0.9464374000000001,0.0,-1.0202399999999994,0.9464374000000001,0.0,0.0,0.0,0.0,True,0.0
0.105,penalty,100000.0,0.0,0.9454073500000001,0.0,-1.0300499999999995,0.9454073500000001,0.0,0.0,0.0,0.0,True,0.0
0.106,penalty,100000.0,0.0,0.9443674900000001,0.0,-1.0398599999999996,0.9443674900000001,0.0,0.0,0.0,0.0,True,0.0
0.107,penalty,100000.0,0.0,0.9433178200000001,0.0,-1.0496699999999997,0.9433178200000001,0.0,0.0,0.0,0.0,True,0.0
0.108,penalty,100000.0,0.0,0.9422583400000001,0.0,-1.0594799999999998,0.9422583400000001,0.0,0.0,0.0,0.0,True,0.0
0.109,penalty,100000.0,0.0,0.9411890500000001,0.0,-1.0692899999999999,0.9411890500000001,0.0,0.0,0.0,0.0,True,0.0
0.11,penalty,100000.0,0.0,0.9401099500000001,0.0,-1.0791,0.9401099500000001,0.0,0.0,0.0,0.0,True,0.0
0.111,penalty,100000.0,0.0,0.9390210400000001,0.0,-1.08891,0.9390210400000001,0.0,0.0,0.0,0.0,True,0.0
0.112,penalty,100000.0,0.0,0.9379223200000001,0.0,-1.0987200000000001,0.9379223200000001,0.0,0.0,0.0,0.0,True,0.0
0.113,penalty,100000.0,0.0,0.9368137900000001,0.0,-1.1085300000000002,0.9368137900000001,0.0,0.0,0.0,0.0,True,0.0
0.114,penalty,100000.0,0.0,0.9356954500000001,0.0,-1.1183400000000003,0.9356954500000001,0.0,0.0,0.0,0.0,True,0.0
0.115,penalty,100000.0,0.0,0.9345673000000001,0.0,-1.1281500000000004,0.9345673000000001,0.0,0.0,0.0,0.0,True,0.0
0.116,penalty,100000.0,0.0,0.9334293400000001,0.0,-1.1379600000000005,0.9334293400000001,0.0,0.0,0.0,0.0,True,0.0
0.117,penalty,100000.0,0.0,0.9322815700000001,0.0,-1.1477700000000006,0.9322815700000001,0.0,0.0,0.0,0.0,True,0.0
0.11800000000000001,penalty,100000.0,0.0,0.9311239900000001,0.0,-1.1575800000000007,0.9311239900000001,0.0,0.0,0.0,0.0,True,0.0
0.11900000000000001,penalty,100000.0,0.0,0.9299566000000001,0.0,-1.1673900000000008,0.9299566000000001,0.0,0.0,0.0,0.0,True,0.0
0.12,penalty,100000.0,0.0,0.9287794000000001,0.0,-1.177200000000001,0.9287794000000001,0.0,0.0,0.0,0.0,True,0.0
0.121,penalty,100000.0,0.0,0.9275923900000002,0.0,-1.187010000000001,0.9275923900000002,0.0,0.0,0.0,0.0,True,0.0
0.122,penalty,100000.0,0.0,0.9263955700000002,0.0,-1.196820000000001,0.9263955700000002,0.0,0.0,0.0,0.0,True,0.0
0.123,penalty,100000.0,0.0,0.9251889400000002,0.0,-1.2066300000000012,0.9251889400000002,0.0,0.0,0.0,0.0,True,0.0
0.124,penalty,100000.0,0.0,0.9239725000000002,0.0,-1.2164400000000013,0.9239725000000002,0.0,0.0,0.0,0.0,True,0.0
0.125,penalty,100000.0,0.0,0.9227462500000002,0.0,-1.2262500000000014,0.9227462500000002,0.0,0.0,0.0,0.0,True,0.0
0.126,penalty,100000.0,0.0,0.9215101900000002,0.0,-1.2360600000000015,0.9215101900000002,0.0,0.0,0.0,0.0,True,0.0
0.127,penalty,100000.0,0.0,0.9202643200000002,0.0,-1.2458700000000016,0.9202643200000002,0.0,0.0,0.0,0.0,True,0.0
0.128,penalty,100000.0,0.0,0.9190086400000003,0.0,-1.2556800000000017,0.9190086400000003,0.0,0.0,0.0,0.0,True,0.0
0.129,penalty,100000.0,0.0,0.9177431500000003,0.0,-1.2654900000000018,0.9177431500000003,0.0,0.0,0.0,0.0,True,0.0
0.13,penalty,100000.0,0.0,0.9164678500000003,0.0,-1.2753000000000019,0.9164678500000003,0.0,0.0,0.0,0.0,True,0.0
0.131,penalty,100000.0,0.0,0.9151827400000003,0.0,-1.285110000000002,0.9151827400000003,0.0,0.0,0.0,0.0,True,0.0
0.132,penalty,100000.0,0.0,0.9138878200000004,0.0,-1.294920000000002,0.9138878200000004,0.0,0.0,0.0,0.0,True,0.0
0.133,penalty,100000.0,0.0,0.9125830900000004,0.0,-1.3047300000000022,0.9125830900000004,0.0,0.0,0.0,0.0,True,0.0
0.134,penalty,100000.0,0.0,0.9112685500000004,0.0,-1.3145400000000023,0.9112685500000004,0.0,0.0,0.0,0.0,True,0.0
0.135,penalty,100000.0,0.0,0.9099442000000004,0.0,-1.3243500000000024,0.9099442000000004,0.0,0.0,0.0,0.0,True,0.0
0.136,penalty,100000.0,0.0,0.9086100400000005,0.0,-1.3341600000000025,0.9086100400000005,0.0,0.0,0.0,0.0,True,0.0
0.137,penalty,100000.0,0.0,0.9072660700000005,0.0,-1.3439700000000026,0.9072660700000005,0.0,0.0,0.0,0.0,True,0.0
0.138,penalty,100000.0,0.0,0.9059122900000005,0.0,-1.3537800000000026,0.9059122900000005,0.0,0.0,0.0,0.0,True,0.0
0.139,penalty,100000.0,0.0,0.9045487000000005,0.0,-1.3635900000000027,0.9045487000000005,0.0,0.0,0.0,0.0,True,0.0
0.14,penalty,100000.0,0.0,0.9031753000000006,0.0,-1.3734000000000028,0.9031753000000006,0.0,0.0,0.0,0.0,True,0.0
0.14100000000000001,penalty,100000.0,0.0,0.9017920900000006,0.0,-1.383210000000003,0.9017920900000006,0.0,0.0,0.0,0.0,True,0.0
0.14200000000000002,penalty,100000.0,0.0,0.9003990700000006,0.0,-1.393020000000003,0.9003990700000006,0.0,0.0,0.0,0.0,True,0.0
0.14300000000000002,penalty,100000.0,0.0,0.8989962400000007,0.0,-1.4028300000000031,0.8989962400000007,0.0,0.0,0.0,0.0,True,0.0
0.14400000000000002,penalty,100000.0,0.0,0.8975836000000007,0.0,-1.4126400000000032,0.8975836000000007,0.0,0.0,0.0,0.0,True,0.0
0.145,penalty,100000.0,0.0,0.8961611500000007,0.0,-1.4224500000000033,0.8961611500000007,0.0,0.0,0.0,0.0,True,0.0
0.146,penalty,100000.0,0.0,0.8947288900000008,0.0,-1.4322600000000034,0.8947288900000008,0.0,0.0,0.0,0.0,True,0.0
0.147,penalty,100000.0,0.0,0.8932868200000008,0.0,-1.4420700000000035,0.8932868200000008,0.0,0.0,0.0,0.0,True,0.0
0.148,penalty,100000.0,0.0,0.8918349400000009,0.0,-1.4518800000000036,0.8918349400000009,0.0,0.0,0.0,0.0,True,0.0
0.149,penalty,100000.0,0.0,0.8903732500000009,0.0,-1.4616900000000037,0.8903732500000009,0.0,0.0,0.0,0.0,True,0.0
0.15,penalty,100000.0,0.0,0.8889017500000009,0.0,-1.4715000000000038,0.8889017500000009,0.0,0.0,0.0,0.0,True,0.0
0.151,penalty,100000.0,0.0,0.887420440000001,0.0,-1.481310000000004,0.887420440000001,0.0,0.0,0.0,0.0,True,0.0
0.152,penalty,100000.0,0.0,0.885929320000001,0.0,-1.491120000000004,0.885929320000001,0.0,0.0,0.0,0.0,True,0.0
0.153,penalty,100000.0,0.0,0.8844283900000011,0.0,-1.500930000000004,0.8844283900000011,0.0,0.0,0.0,0.0,True,0.0
0.154,penalty,100000.0,0.0,0.8829176500000011,0.0,-1.5107400000000042,0.8829176500000011,0.0,0.0,0.0,0.0,True,0.0
0.155,penalty,100000.0,0.0,0.8813971000000012,0.0,-1.5205500000000043,0.8813971000000012,0.0,0.0,0.0,0.0,True,0.0
0.156,penalty,100000.0,0.0,0.8798667400000012,0.0,-1.5303600000000044,0.8798667400000012,0.0,0.0,0.0,0.0,True,0.0
0.157,penalty,100000.0,0.0,0.8783265700000012,0.0,-1.5401700000000045,0.8783265700000012,0.0,0.0,0.0,0.0,True,0.0
0.158,penalty,100000.0,0.0,0.8767765900000013,0.0,-1.5499800000000046,0.8767765900000013,0.0,0.0,0.0,0.0,True,0.0
0.159,penalty,100000.0,0.0,0.8752168000000013,0.0,-1.5597900000000047,0.8752168000000013,0.0,0.0,0.0,0.0,True,0.0
0.16,penalty,100000.0,0.0,0.8736472000000013,0.0,-1.5696000000000048,0.8736472000000013,0.0,0.0,0.0,0.0,True,0.0
0.161,penalty,100000.0,0.0,0.8720677900000012,0.0,-1.5794100000000049,0.8720677900000012,0.0,0.0,0.0,0.0,True,0.0
0.162,penalty,100000.0,0.0,0.8704785700000012,0.0,-1.589220000000005,0.8704785700000012,0.0,0.0,0.0,0.0,True,0.0
0.163,penalty,100000.0,0.0,0.8688795400000011,0.0,-1.599030000000005,0.8688795400000011,0.0,0.0,0.0,0.0,True,0.0
0.164,penalty,100000.0,0.0,0.8672707000000011,0.0,-1.6088400000000052,0.8672707000000011,0.0,0.0,0.0,0.0,True,0.0
0.165,penalty,100000.0,0.0,0.865652050000001,0.0,-1.6186500000000053,0.865652050000001,0.0,0.0,0.0,0.0,True,0.0
0.166,penalty,100000.0,0.0,0.864023590000001,0.0,-1.6284600000000053,0.864023590000001,0.0,0.0,0.0,0.0,True,0.0
0.167,penalty,100000.0,0.0,0.8623853200000009,0.0,-1.6382700000000054,0.8623853200000009,0.0,0.0,0.0,0.0,True,0.0
0.168,penalty,100000.0,0.0,0.8607372400000008,0.0,-1.6480800000000055,0.8607372400000008,0.0,0.0,0.0,0.0,True,0.0
0.169,penalty,100000.0,0.0,0.8590793500000008,0.0,-1.6578900000000056,0.8590793500000008,0.0,0.0,0.0,0.0,True,0.0
0.17,penalty,100000.0,0.0,0.8574116500000007,0.0,-1.6677000000000057,0.8574116500000007,0.0,0.0,0.0,0.0,True,0.0
0.171,penalty,100000.0,0.0,0.8557341400000007,0.0,-1.6775100000000058,0.8557341400000007,0.0,0.0,0.0,0.0,True,0.0
0.17200000000000001,penalty,100000.0,0.0,0.8540468200000007,0.0,-1.687320000000006,0.8540468200000007,0.0,0.0,0.0,0.0,True,0.0
0.17300000000000001,penalty,100000.0,0.0,0.8523496900000006,0.0,-1.697130000000006,0.8523496900000006,0.0,0.0,0.0,0.0,True,0.0
0.17400000000000002,penalty,100000.0,0.0,0.8506427500000006,0.0,-1.7069400000000061,0.8506427500000006,0.0,0.0,0.0,0.0,True,0.0
0.17500000000000002,penalty,100000.0,0.0,0.8489260000000005,0.0,-1.7167500000000062,0.8489260000000005,0.0,0.0,0.0,0.0,True,0.0
0.176,penalty,100000.0,0.0,0.8471994400000005,0.0,-1.7265600000000063,0.8471994400000005,0.0,0.0,0.0,0.0,True,0.0
0.177,penalty,100000.0,0.0,0.8454630700000004,0.0,-1.7363700000000064,0.8454630700000004,0.0,0.0,0.0,0.0,True,0.0
0.178,penalty,100000.0,0.0,0.8437168900000004,0.0,-1.7461800000000065,0.8437168900000004,0.0,0.0,0.0,0.0,True,0.0
0.179,penalty,100000.0,0.0,0.8419609000000003,0.0,-1.7559900000000066,0.8419609000000003,0.0,0.0,0.0,0.0,True,0.0
0.18,penalty,100000.0,0.0,0.8401951000000003,0.0,-1.7658000000000067,0.8401951000000003,0.0,0.0,0.0,0.0,True,0.0
0.181,penalty,100000.0,0.0,0.8384194900000003,0.0,-1.7756100000000068,0.8384194900000003,0.0,0.0,0.0,0.0,True,0.0
0.182,penalty,100000.0,0.0,0.8366340700000002,0.0,-1.785420000000007,0.8366340700000002,0.0,0.0,0.0,0.0,True,0.0
0.183,penalty,100000.0,0.0,0.8348388400000002,0.0,-1.795230000000007,0.8348388400000002,0.0,0.0,0.0,0.0,True,0.0
0.184,penalty,100000.0,0.0,0.8330338000000002,0.0,-1.805040000000007,0.8330338000000002,0.0,0.0,0.0,0.0,True,0.0
0.185,penalty,100000.0,0.0,0.8312189500000001,0.0,-1.8148500000000072,0.8312189500000001,0.0,0.0,0.0,0.0,True,0.0
0.186,penalty,100000.0,0.0,0.8293942900000001,0.0,-1.8246600000000073,0.8293942900000001,0.0,0.0,0.0,0.0,True,0.0
0.187,penalty,100000.0,0.0,0.8275598200000001,0.0,-1.8344700000000074,0.8275598200000001,0.0,0.0,0.0,0.0,True,0.0
0.188,penalty,100000.0,0.0,0.82571554,0.0,-1.8442800000000075,0.82571554,0.0,0.0,0.0,0.0,True,0.0
0.189,penalty,100000.0,0.0,0.82386145,0.0,-1.8540900000000076,0.82386145,0.0,0.0,0.0,0.0,True,0.0
0.19,penalty,100000.0,0.0,0.82199755,0.0,-1.8639000000000077,0.82199755,0.0,0.0,0.0,0.0,True,0.0
0.191,penalty,100000.0,0.0,0.8201238399999999,0.0,-1.8737100000000078,0.8201238399999999,0.0,0.0,0.0,0.0,True,0.0
0.192,penalty,100000.0,0.0,0.8182403199999999,0.0,-1.8835200000000079,0.8182403199999999,0.0,0.0,0.0,0.0,True,0.0
0.193,penalty,100000.0,0.0,0.8163469899999999,0.0,-1.893330000000008,0.8163469899999999,0.0,0.0,0.0,0.0,True,0.0
0.194,penalty,100000.0,0.0,0.8144438499999999,0.0,-1.903140000000008,0.8144438499999999,0.0,0.0,0.0,0.0,True,0.0
0.195,penalty,100000.0,0.0,0.8125308999999998,0.0,-1.9129500000000081,0.8125308999999998,0.0,0.0,0.0,0.0,True,0.0
0.196,penalty,100000.0,0.0,0.8106081399999998,0.0,-1.9227600000000082,0.8106081399999998,0.0,0.0,0.0,0.0,True,0.0
0.197,penalty,100000.0,0.0,0.8086755699999998,0.0,-1.9325700000000083,0.8086755699999998,0.0,0.0,0.0,0.0,True,0.0
0.198,penalty,100000.0,0.0,0.8067331899999998,0.0,-1.9423800000000084,0.8067331899999998,0.0,0.0,0.0,0.0,True,0.0
0.199,penalty,100000.0,0.0,0.8047809999999997,0.0,-1.9521900000000085,0.8047809999999997,0.0,0.0,0.0,0.0,True,0.0
0.2,penalty,100000.0,0.0,0.8028189999999997,0.0,-1.9620000000000086,0.8028189999999997,0.0,0.0,0.0,0.0,True,0.0
0.201,penalty,100000.0,0.0,0.8008471899999997,0.0,-1.9718100000000087,0.8008471899999997,0.0,0.0,0.0,0.0,True,0.0
0.202,penalty,100000.0,0.0,0.7988655699999997,0.0,-1.9816200000000088,0.7988655699999997,0.0,0.0,0.0,0.0,True,0.0
0.203,penalty,100000.0,0.0,0.7968741399999997,0.0,-1.991430000000009,0.7968741399999997,0.0,0.0,0.0,0.0,True,0.0
0.20400000000000001,penalty,100000.0,0.0,0.7948728999999997,0.0,-2.001240000000009,0.7948728999999997,0.0,0.0,0.0,0.0,True,0.0
0.20500000000000002,penalty,100000.0,0.0,0.7928618499999996,0.0,-2.011050000000009,0.7928618499999996,0.0,0.0,0.0,0.0,True,0.0
0.20600000000000002,penalty,100000.0,0.0,0.7908409899999996,0.0,-2.0208600000000088,0.7908409899999996,0.0,0.0,0.0,0.0,True,0.0
0.20700000000000002,penalty,100000.0,0.0,0.7888103199999996,0.0,-2.0306700000000086,0.7888103199999996,0.0,0.0,0.0,0.0,True,0.0
0.20800000000000002,penalty,100000.0,0.0,0.7867698399999996,0.0,-2.0404800000000085,0.7867698399999996,0.0,0.0,0.0,0.0,True,0.0
0.209,penalty,100000.0,0.0,0.7847195499999996,0.0,-2.0502900000000084,0.7847195499999996,0.0,0.0,0.0,0.0,True,0.0
0.21,penalty,100000.0,0.0,0.7826594499999996,0.0,-2.0601000000000083,0.7826594499999996,0.0,0.0,0.0,0.0,True,0.0
0.211,penalty,100000.0,0.0,0.7805895399999996,0.0,-2.069910000000008,0.7805895399999996,0.0,0.0,0.0,0.0,True,0.0
0.212,penalty,100000.0,0.0,0.7785098199999996,0.0,-2.079720000000008,0.7785098199999996,0.0,0.0,0.0,0.0,True,0.0
0.213,penalty,100000.0,0.0,0.7764202899999996,0.0,-2.089530000000008,0.7764202899999996,0.0,0.0,0.0,0.0,True,0.0
0.214,penalty,100000.0,0.0,0.7743209499999996,0.0,-2.0993400000000078,0.7743209499999996,0.0,0.0,0.0,0.0,True,0.0
0.215,penalty,100000.0,0.0,0.7722117999999996,0.0,-2.1091500000000076,0.7722117999999996,0.0,0.0,0.0,0.0,True,0.0
0.216,penalty,100000.0,0.0,0.7700928399999996,0.0,-2.1189600000000075,0.7700928399999996,0.0,0.0,0.0,0.0,True,0.0
0.217,penalty,100000.0,0.0,0.7679640699999996,0.0,-2.1287700000000074,0.7679640699999996,0.0,0.0,0.0,0.0,True,0.0
0.218,penalty,100000.0,0.0,0.7658254899999996,0.0,-2.1385800000000073,0.7658254899999996,0.0,0.0,0.0,0.0,True,0.0
0.219,penalty,100000.0,0.0,0.7636770999999996,0.0,-2.148390000000007,0.7636770999999996,0.0,0.0,0.0,0.0,True,0.0
0.22,penalty,100000.0,0.0,0.7615188999999996,0.0,-2.158200000000007,0.7615188999999996,0.0,0.0,0.0,0.0,True,0.0
0.221,penalty,100000.0,0.0,0.7593508899999996,0.0,-2.168010000000007,0.7593508899999996,0.0,0.0,0.0,0.0,True,0.0
0.222,penalty,100000.0,0.0,0.7571730699999996,0.0,-2.1778200000000068,0.7571730699999996,0.0,0.0,0.0,0.0,True,0.0
0.223,penalty,100000.0,0.0,0.7549854399999996,0.0,-2.1876300000000066,0.7549854399999996,0.0,0.0,0.0,0.0,True,0.0
0.224,penalty,100000.0,0.0,0.7527879999999996,0.0,-2.1974400000000065,0.7527879999999996,0.0,0.0,0.0,0.0,True,0.0
0.225,penalty,100000.0,0.0,0.7505807499999996,0.0,-2.2072500000000064,0.7505807499999996,0.0,0.0,0.0,0.0,True,0.0
0.226,penalty,100000.0,0.0,0.7483636899999996,0.0,-2.2170600000000062,0.7483636899999996,0.0,0.0,0.0,0.0,True,0.0
0.227,penalty,100000.0,0.0,0.7461368199999996,0.0,-2.226870000000006,0.7461368199999996,0.0,0.0,0.0,0.0,True,0.0
0.228,penalty,100000.0,0.0,0.7439001399999996,0.0,-2.236680000000006,0.7439001399999996,0.0,0.0,0.0,0.0,True,0.0
0.229,penalty,100000.0,0.0,0.7416536499999996,0.0,-2.246490000000006,0.7416536499999996,0.0,0.0,0.0,0.0,True,0.0
0.23,penalty,100000.0,0.0,0.7393973499999996,0.0,-2.2563000000000057,0.7393973499999996,0.0,0.0,0.0,0.0,True,0.0
0.231,penalty,100000.0,0.0,0.7371312399999996,0.0,-2.2661100000000056,0.7371312399999996,0.0,0.0,0.0,0.0,True,0.0
0.232,penalty,100000.0,0.0,0.7348553199999996,0.0,-2.2759200000000055,0.7348553199999996,0.0,0.0,0.0,0.0,True,0.0
0.233,penalty,100000.0,0.0,0.7325695899999997,0.0,-2.2857300000000054,0.7325695899999997,0.0,0.0,0.0,0.0,True,0.0
0.234,penalty,100000.0,0.0,0.7302740499999997,0.0,-2.2955400000000052,0.7302740499999997,0.0,0.0,0.0,0.0,True,0.0
0.23500000000000001,penalty,100000.0,0.0,0.7279686999999997,0.0,-2.305350000000005,0.7279686999999997,0.0,0.0,0.0,0.0,True,0.0
0.23600000000000002,penalty,100000.0,0.0,0.7256535399999997,0.0,-2.315160000000005,0.7256535399999997,0.0,0.0,0.0,0.0,True,0.0
0.23700000000000002,penalty,100000.0,0.0,0.7233285699999997,0.0,-2.324970000000005,0.7233285699999997,0.0,0.0,0.0,0.0,True,0.0
0.23800000000000002,penalty,100000.0,0.0,0.7209937899999997,0.0,-2.3347800000000047,0.7209937899999997,0.0,0.0,0.0,0.0,True,0.0
0.23900000000000002,penalty,100000.0,0.0,0.7186491999999998,0.0,-2.3445900000000046,0.7186491999999998,0.0,0.0,0.0,0.0,True,0.0
0.24,penalty,100000.0,0.0,0.7162947999999998,0.0,-2.3544000000000045,0.7162947999999998,0.0,0.0,0.0,0.0,True,0.0
0.241,penalty,100000.0,0.0,0.7139305899999998,0.0,-2.3642100000000044,0.7139305899999998,0.0,0.0,0.0,0.0,True,0.0
0.242,penalty,100000.0,0.0,0.7115565699999998,0.0,-2.3740200000000042,0.7115565699999998,0.0,0.0,0.0,0.0,True,0.0
0.243,penalty,100000.0,0.0,0.7091727399999999,0.0,-2.383830000000004,0.7091727399999999,0.0,0.0,0.0,0.0,True,0.0
0.244,penalty,100000.0,0.0,0.7067790999999999,0.0,-2.393640000000004,0.7067790999999999,0.0,0.0,0.0,0.0,True,0.0
0.245,penalty,100000.0,0.0,0.7043756499999999,0.0,-2.403450000000004,0.7043756499999999,0.0,0.0,0.0,0.0,True,0.0
0.246,penalty,100000.0,0.0,0.7019623899999999,0.0,-2.4132600000000037,0.7019623899999999,0.0,0.0,0.0,0.0,True,0.0
0.247,penalty,100000.0,0.0,0.69953932,0.0,-2.4230700000000036,0.69953932,0.0,0.0,0.0,0.0,True,0.0
0.248,penalty,100000.0,0.0,0.69710644,0.0,-2.4328800000000035,0.69710644,0.0,0.0,0.0,0.0,True,0.0
0.249,penalty,100000.0,0.0,0.69466375,0.0,-2.4426900000000034,0.69466375,0.0,0.0,0.0,0.0,True,0.0
0.25,penalty,100000.0,0.0,0.6922112500000001,0.0,-2.4525000000000032,0.6922112500000001,0.0,0.0,0.0,0.0,True,0.0
0.251,penalty,100000.0,0.0,0.6897489400000001,0.0,-2.462310000000003,0.6897489400000001,0.0,0.0,0.0,0.0,True,0.0
0.252,penalty,100000.0,0.0,0.6872768200000001,0.0,-2.472120000000003,0.6872768200000001,0.0,0.0,0.0,0.0,True,0.0
0.253,penalty,100000.0,0.0,0.6847948900000002,0.0,-2.481930000000003,0.6847948900000002,0.0,0.0,0.0,0.0,True,0.0
0.254,penalty,100000.0,0.0,0.6823031500000002,0.0,-2.4917400000000027,0.6823031500000002,0.0,0.0,0.0,0.0,True,0.0
0.255,penalty,100000.0,0.0,0.6798016000000002,0.0,-2.5015500000000026,0.6798016000000002,0.0,0.0,0.0,0.0,True,0.0
0.256,penalty,100000.0,0.0,0.6772902400000003,0.0,-2.5113600000000025,0.6772902400000003,0.0,0.0,0.0,0.0,True,0.0
0.257,penalty,100000.0,0.0,0.6747690700000003,0.0,-2.5211700000000024,0.6747690700000003,0.0,0.0,0.0,0.0,True,0.0
0.258,penalty,100000.0,0.0,0.6722380900000003,0.0,-2.5309800000000022,0.6722380900000003,0.0,0.0,0.0,0.0,True,0.0
0.259,penalty,100000.0,0.0,0.6696973000000004,0.0,-2.540790000000002,0.6696973000000004,0.0,0.0,0.0,0.0,True,0.0
0.26,penalty,100000.0,0.0,0.6671467000000004,0.0,-2.550600000000002,0.6671467000000004,0.0,0.0,0.0,0.0,True,0.0
0.261,penalty,100000.0,0.0,0.6645862900000005,0.0,-2.560410000000002,0.6645862900000005,0.0,0.0,0.0,0.0,True,0.0
0.262,penalty,100000.0,0.0,0.6620160700000005,0.0,-2.5702200000000017,0.6620160700000005,0.0,0.0,0.0,0.0,True,0.0
0.263,penalty,100000.0,0.0,0.6594360400000006,0.0,-2.5800300000000016,0.6594360400000006,0.0,0.0,0.0,0.0,True,0.0
0.264,penalty,100000.0,0.0,0.6568462000000006,0.0,-2.5898400000000015,0.6568462000000006,0.0,0.0,0.0,0.0,True,0.0
0.265,penalty,100000.0,0.0,0.6542465500000006,0.0,-2.5996500000000013,0.6542465500000006,0.0,0.0,0.0,0.0,True,0.0
0.266,penalty,100000.0,0.0,0.6516370900000007,0.0,-2.6094600000000012,0.6516370900000007,0.0,0.0,0.0,0.0,True,0.0
0.267,penalty,100000.0,0.0,0.6490178200000007,0.0,-2.619270000000001,0.6490178200000007,0.0,0.0,0.0,0.0,True,0.0
0.268,penalty,100000.0,0.0,0.6463887400000008,0.0,-2.629080000000001,0.6463887400000008,0.0,0.0,0.0,0.0,True,0.0
0.269,penalty,100000.0,0.0,0.6437498500000008,0.0,-2.638890000000001,0.6437498500000008,0.0,0.0,0.0,0.0,True,0.0
0.27,penalty,100000.0,0.0,0.6411011500000009,0.0,-2.6487000000000007,0.6411011500000009,0.0,0.0,0.0,0.0,True,0.0
0.271,penalty,100000.0,0.0,0.638442640000001,0.0,-2.6585100000000006,0.638442640000001,0.0,0.0,0.0,0.0,True,0.0
0.272,penalty,100000.0,0.0,0.635774320000001,0.0,-2.6683200000000005,0.635774320000001,0.0,0.0,0.0,0.0,True,0.0
0.273,penalty,100000.0,0.0,0.6330961900000011,0.0,-2.6781300000000003,0.6330961900000011,0.0,0.0,0.0,0.0,True,0.0
0.274,penalty,100000.0,0.0,0.630408250000001,0.0,-2.68794,0.630408250000001,0.0,0.0,0.0,0.0,True,0.0
0.275,penalty,100000.0,0.0,0.627710500000001,0.0,-2.69775,0.627710500000001,0.0,0.0,0.0,0.0,True,0.0
0.276,penalty,100000.0,0.0,0.6250029400000009,0.0,-2.70756,0.6250029400000009,0.0,0.0,0.0,0.0,True,0.0
0.277,penalty,100000.0,0.0,0.6222855700000008,0.0,-2.71737,0.6222855700000008,0.0,0.0,0.0,0.0,True,0.0
0.278,penalty,100000.0,0.0,0.6195583900000008,0.0,-2.7271799999999997,0.6195583900000008,0.0,0.0,0.0,0.0,True,0.0
0.279,penalty,100000.0,0.0,0.6168214000000007,0.0,-2.7369899999999996,0.6168214000000007,0.0,0.0,0.0,0.0,True,0.0
0.28,penalty,100000.0,0.0,0.6140746000000007,0.0,-2.7467999999999995,0.6140746000000007,0.0,0.0,0.0,0.0,True,0.0
0.281,penalty,100000.0,0.0,0.6113179900000006,0.0,-2.7566099999999993,0.6113179900000006,0.0,0.0,0.0,0.0,True,0.0
0.28200000000000003,penalty,100000.0,0.0,0.6085515700000006,0.0,-2.766419999999999,0.6085515700000006,0.0,0.0,0.0,0.0,True,0.0
0.28300000000000003,penalty,100000.0,0.0,0.6057753400000006,0.0,-2.776229999999999,0.6057753400000006,0.0,0.0,0.0,0.0,True,0.0
0.28400000000000003,penalty,100000.0,0.0,0.6029893000000005,0.0,-2.786039999999999,0.6029893000000005,0.0,0.0,0.0,0.0,True,0.0
0.28500000000000003,penalty,100000.0,0.0,0.6001934500000005,0.0,-2.795849999999999,0.6001934500000005,0.0,0.0,0.0,0.0,True,0.0
0.28600000000000003,penalty,100000.0,0.0,0.5973877900000004,0.0,-2.8056599999999987,0.5973877900000004,0.0,0.0,0.0,0.0,True,0.0
0.28700000000000003,penalty,100000.0,0.0,0.5945723200000004,0.0,-2.8154699999999986,0.5945723200000004,0.0,0.0,0.0,0.0,True,0.0
0.28800000000000003,penalty,100000.0,0.0,0.5917470400000003,0.0,-2.8252799999999985,0.5917470400000003,0.0,0.0,0.0,0.0,True,0.0
0.289,penalty,100000.0,0.0,0.5889119500000003,0.0,-2.8350899999999983,0.5889119500000003,0.0,0.0,0.0,0.0,True,0.0
0.29,penalty,100000.0,0.0,0.5860670500000003,0.0,-2.844899999999998,0.5860670500000003,0.0,0.0,0.0,0.0,True,0.0
0.291,penalty,100000.0,0.0,0.5832123400000002,0.0,-2.854709999999998,0.5832123400000002,0.0,0.0,0.0,0.0,True,0.0
0.292,penalty,100000.0,0.0,0.5803478200000002,0.0,-2.864519999999998,0.5803478200000002,0.0,0.0,0.0,0.0,True,0.0
0.293,penalty,100000.0,0.0,0.5774734900000001,0.0,-2.874329999999998,0.5774734900000001,0.0,0.0,0.0,0.0,True,0.0
0.294,penalty,100000.0,0.0,0.5745893500000001,0.0,-2.8841399999999977,0.5745893500000001,0.0,0.0,0.0,0.0,True,0.0
0.295,penalty,100000.0,0.0,0.5716954000000001,0.0,-2.8939499999999976,0.5716954000000001,0.0,0.0,0.0,0.0,True,0.0
0.296,penalty,100000.0,0.0,0.56879164,0.0,-2.9037599999999975,0.56879164,0.0,0.0,0.0,0.0,True,0.0
0.297,penalty,100000.0,0.0,0.56587807,0.0,-2.9135699999999973,0.56587807,0.0,0.0,0.0,0.0,True,0.0
0.298,penalty,100000.0,0.0,0.56295469,0.0,-2.923379999999997,0.56295469,0.0,0.0,0.0,0.0,True,0.0
0.299,penalty,100000.0,0.0,0.5600215,0.0,-2.933189999999997,0.5600215,0.0,0.0,0.0,0.0,True,0.0
0.3,penalty,100000.0,0.0,0.5570784999999999,0.0,-2.942999999999997,0.5570784999999999,0.0,0.0,0.0,0.0,True,0.0
0.301,penalty,100000.0,0.0,0.5541256899999999,0.0,-2.952809999999997,0.5541256899999999,0.0,0.0,0.0,0.0,True,0.0
0.302,penalty,100000.0,0.0,0.5511630699999999,0.0,-2.9626199999999967,0.5511630699999999,0.0,0.0,0.0,0.0,True,0.0
0.303,penalty,100000.0,0.0,0.5481906399999998,0.0,-2.9724299999999966,0.5481906399999998,0.0,0.0,0.0,0.0,True,0.0
0.304,penalty,100000.0,0.0,0.5452083999999998,0.0,-2.9822399999999964,0.5452083999999998,0.0,0.0,0.0,0.0,True,0.0
0.305,penalty,100000.0,0.0,0.5422163499999998,0.0,-2.9920499999999963,0.5422163499999998,0.0,0.0,0.0,0.0,True,0.0
0.306,penalty,100000.0,0.0,0.5392144899999998,0.0,-3.001859999999996,0.5392144899999998,0.0,0.0,0.0,0.0,True,0.0
0.307,penalty,100000.0,0.0,0.5362028199999997,0.0,-3.011669999999996,0.5362028199999997,0.0,0.0,0.0,0.0,True,0.0
0.308,penalty,100000.0,0.0,0.5331813399999997,0.0,-3.021479999999996,0.5331813399999997,0.0,0.0,0.0,0.0,True,0.0
0.309,penalty,100000.0,0.0,0.5301500499999997,0.0,-3.031289999999996,0.5301500499999997,0.0,0.0,0.0,0.0,True,0.0
0.31,penalty,100000.0,0.0,0.5271089499999997,0.0,-3.0410999999999957,0.5271089499999997,0.0,0.0,0.0,0.0,True,0.0
0.311,penalty,100000.0,0.0,0.5240580399999997,0.0,-3.0509099999999956,0.5240580399999997,0.0,0.0,0.0,0.0,True,0.0
0.312,penalty,100000.0,0.0,0.5209973199999997,0.0,-3.0607199999999954,0.5209973199999997,0.0,0.0,0.0,0.0,True,0.0
0.313,penalty,100000.0,0.0,0.5179267899999996,0.0,-3.0705299999999953,0.5179267899999996,0.0,0.0,0.0,0.0,True,0.0
0.314,penalty,100000.0,0.0,0.5148464499999996,0.0,-3.080339999999995,0.5148464499999996,0.0,0.0,0.0,0.0,True,0.0
0.315,penalty,100000.0,0.0,0.5117562999999996,0.0,-3.090149999999995,0.5117562999999996,0.0,0.0,0.0,0.0,True,0.0
0.316,penalty,100000.0,0.0,0.5086563399999996,0.0,-3.099959999999995,0.5086563399999996,0.0,0.0,0.0,0.0,True,0.0
0.317,penalty,100000.0,0.0,0.5055465699999996,0.0,-3.109769999999995,0.5055465699999996,0.0,0.0,0.0,0.0,True,0.0
0.318,penalty,100000.0,0.0,0.5024269899999996,0.0,-3.1195799999999947,0.5024269899999996,0.0,0.0,0.0,0.0,True,0.0
0.319,penalty,100000.0,0.0,0.49929759999999956,0.0,-3.1293899999999946,0.49929759999999956,0.0,0.0,0.0,0.0,True,0.0
0.32,penalty,100000.0,0.0,0.49615839999999956,0.0,-3.1391999999999944,0.49615839999999956,0.0,0.0,0.0,0.0,True,0.0
0.321,penalty,100000.0,0.0,0.49300938999999955,0.0,-3.1490099999999943,0.49300938999999955,0.0,0.0,0.0,0.0,True,0.0
0.322,penalty,100000.0,0.0,0.48985056999999954,0.0,-3.158819999999994,0.48985056999999954,0.0,0.0,0.0,0.0,True,0.0
0.323,penalty,100000.0,0.0,0.48668193999999954,0.0,-3.168629999999994,0.48668193999999954,0.0,0.0,0.0,0.0,True,0.0
0.324,penalty,100000.0,0.0,0.48350349999999953,0.0,-3.178439999999994,0.48350349999999953,0.0,0.0,0.0,0.0,True,0.0
0.325,penalty,100000.0,0.0,0.4803152499999995,0.0,-3.188249999999994,0.4803152499999995,0.0,0.0,0.0,0.0,True,0.0
0.326,penalty,100000.0,0.0,0.4771171899999995,0.0,-3.1980599999999937,0.4771171899999995,0.0,0.0,0.0,0.0,True,0.0
0.327,penalty,100000.0,0.0,0.4739093199999995,0.0,-3.2078699999999936,0.4739093199999995,0.0,0.0,0.0,0.0,True,0.0
0.328,penalty,100000.0,0.0,0.4706916399999995,0.0,-3.2176799999999934,0.4706916399999995,0.0,0.0,0.0,0.0,True,0.0
0.329,penalty,100000.0,0.0,0.4674641499999995,0.0,-3.2274899999999933,0.4674641499999995,0.0,0.0,0.0,0.0,True,0.0
0.33,penalty,100000.0,0.0,0.4642268499999995,0.0,-3.237299999999993,0.4642268499999995,0.0,0.0,0.0,0.0,True,0.0
0.331,penalty,100000.0,0.0,0.4609797399999995,0.0,-3.247109999999993,0.4609797399999995,0.0,0.0,0.0,0.0,True,0.0
0.332,penalty,100000.0,0.0,0.45772281999999953,0.0,-3.256919999999993,0.45772281999999953,0.0,0.0,0.0,0.0,True,0.0
0.333,penalty,100000.0,0.0,0.45445608999999954,0.0,-3.266729999999993,0.45445608999999954,0.0,0.0,0.0,0.0,True,0.0
0.334,penalty,100000.0,0.0,0.45117954999999954,0.0,-3.2765399999999927,0.45117954999999954,0.0,0.0,0.0,0.0,True,0.0
0.335,penalty,100000.0,0.0,0.44789319999999955,0.0,-3.2863499999999926,0.44789319999999955,0.0,0.0,0.0,0.0,True,0.0
0.336,penalty,100000.0,0.0,0.44459703999999955,0.0,-3.2961599999999924,0.44459703999999955,0.0,0.0,0.0,0.0,True,0.0
0.337,penalty,100000.0,0.0,0.44129106999999956,0.0,-3.3059699999999923,0.44129106999999956,0.0,0.0,0.0,0.0,True,0.0
0.338,penalty,100000.0,0.0,0.4379752899999996,0.0,-3.315779999999992,0.4379752899999996,0.0,0.0,0.0,0.0,True,0.0
0.339,penalty,100000.0,0.0,0.4346496999999996,0.0,-3.325589999999992,0.4346496999999996,0.0,0.0,0.0,0.0,True,0.0
0.34,penalty,100000.0,0.0,0.4313142999999996,0.0,-3.335399999999992,0.4313142999999996,0.0,0.0,0.0,0.0,True,0.0
0.341,penalty,100000.0,0.0,0.4279690899999996,0.0,-3.345209999999992,0.4279690899999996,0.0,0.0,0.0,0.0,True,0.0
0.342,penalty,100000.0,0.0,0.4246140699999996,0.0,-3.3550199999999917,0.4246140699999996,0.0,0.0,0.0,0.0,True,0.0
0.343,penalty,100000.0,0.0,0.42124923999999964,0.0,-3.3648299999999915,0.42124923999999964,0.0,0.0,0.0,0.0,True,0.0
0.34400000000000003,penalty,100000.0,0.0,0.41787459999999965,0.0,-3.3746399999999914,0.41787459999999965,0.0,0.0,0.0,0.0,True,0.0
0.34500000000000003,penalty,100000.0,0.0,0.41449014999999967,0.0,-3.3844499999999913,0.41449014999999967,0.0,0.0,0.0,0.0,True,0.0
0.34600000000000003,penalty,100000.0,0.0,0.4110958899999997,0.0,-3.394259999999991,0.4110958899999997,0.0,0.0,0.0,0.0,True,0.0
0.34700000000000003,penalty,100000.0,0.0,0.4076918199999997,0.0,-3.404069999999991,0.4076918199999997,0.0,0.0,0.0,0.0,True,0.0
0.34800000000000003,penalty,100000.0,0.0,0.4042779399999997,0.0,-3.413879999999991,0.4042779399999997,0.0,0.0,0.0,0.0,True,0.0
0.34900000000000003,penalty,100000.0,0.0,0.40085424999999975,0.0,-3.423689999999991,0.40085424999999975,0.0,0.0,0.0,0.0,True,0.0
0.35000000000000003,penalty,100000.0,0.0,0.39742074999999977,0.0,-3.4334999999999907,0.39742074999999977,0.0,0.0,0.0,0.0,True,0.0
0.35100000000000003,penalty,100000.0,0.0,0.3939774399999998,0.0,-3.4433099999999905,0.3939774399999998,0.0,0.0,0.0,0.0,True,0.0
0.352,penalty,100000.0,0.0,0.3905243199999998,0.0,-3.4531199999999904,0.3905243199999998,0.0,0.0,0.0,0.0,True,0.0
0.353,penalty,100000.0,0.0,0.38706138999999984,0.0,-3.4629299999999903,0.38706138999999984,0.0,0.0,0.0,0.0,True,0.0
0.354,penalty,100000.0,0.0,0.38358864999999986,0.0,-3.47273999999999,0.38358864999999986,0.0,0.0,0.0,0.0,True,0.0
0.355,penalty,100000.0,0.0,0.3801060999999999,0.0,-3.48254999999999,0.3801060999999999,0.0,0.0,0.0,0.0,True,0.0
0.356,penalty,100000.0,0.0,0.3766137399999999,0.0,-3.49235999999999,0.3766137399999999,0.0,0.0,0.0,0.0,True,0.0
0.357,penalty,100000.0,0.0,0.37311156999999995,0.0,-3.50216999999999,0.37311156999999995,0.0,0.0,0.0,0.0,True,0.0
0.358,penalty,100000.0,0.0,0.36959959,0.0,-3.5119799999999897,0.36959959,0.0,0.0,0.0,0.0,True,0.0
0.359,penalty,100000.0,0.0,0.3660778,0.0,-3.5217899999999895,0.3660778,0.0,0.0,0.0,0.0,True,0.0
0.36,penalty,100000.0,0.0,0.36254620000000004,0.0,-3.5315999999999894,0.36254620000000004,0.0,0.0,0.0,0.0,True,0.0
0.361,penalty,100000.0,0.0,0.3590047900000001,0.0,-3.5414099999999893,0.3590047900000001,0.0,0.0,0.0,0.0,True,0.0
0.362,penalty,100000.0,0.0,0.3554535700000001,0.0,-3.551219999999989,0.3554535700000001,0.0,0.0,0.0,0.0,True,0.0
0.363,penalty,100000.0,0.0,0.35189254000000014,0.0,-3.561029999999989,0.35189254000000014,0.0,0.0,0.0,0.0,True,0.0
0.364,penalty,100000.0,0.0,0.3483217000000002,0.0,-3.570839999999989,0.3483217000000002,0.0,0.0,0.0,0.0,True,0.0
0.365,penalty,100000.0,0.0,0.3447410500000002,0.0,-3.580649999999989,0.3447410500000002,0.0,0.0,0.0,0.0,True,0.0
0.366,penalty,100000.0,0.0,0.34115059000000025,0.0,-3.5904599999999887,0.34115059000000025,0.0,0.0,0.0,0.0,True,0.0
0.367,penalty,100000.0,0.0,0.3375503200000003,0.0,-3.6002699999999885,0.3375503200000003,0.0,0.0,0.0,0.0,True,0.0
0.368,penalty,100000.0,0.0,0.3339402400000003,0.0,-3.6100799999999884,0.3339402400000003,0.0,0.0,0.0,0.0,True,0.0
0.369,penalty,100000.0,0.0,0.33032035000000026,0.0,-3.6198899999999883,0.33032035000000026,0.0,0.0,0.0,0.0,True,0.0
0.37,penalty,100000.0,0.0,0.32669065000000025,0.0,-3.629699999999988,0.32669065000000025,0.0,0.0,0.0,0.0,True,0.0
0.371,penalty,100000.0,0.0,0.32305114000000024,0.0,-3.639509999999988,0.32305114000000024,0.0,0.0,0.0,0.0,True,0.0
0.372,penalty,100000.0,0.0,0.3194018200000002,0.0,-3.649319999999988,0.3194018200000002,0.0,0.0,0.0,0.0,True,0.0
0.373,penalty,100000.0,0.0,0.3157426900000002,0.0,-3.659129999999988,0.3157426900000002,0.0,0.0,0.0,0.0,True,0.0
0.374,penalty,100000.0,0.0,0.3120737500000002,0.0,-3.6689399999999877,0.3120737500000002,0.0,0.0,0.0,0.0,True,0.0
0.375,penalty,100000.0,0.0,0.3083950000000002,0.0,-3.6787499999999875,0.3083950000000002,0.0,0.0,0.0,0.0,True,0.0
0.376,penalty,100000.0,0.0,0.3047064400000002,0.0,-3.6885599999999874,0.3047064400000002,0.0,0.0,0.0,0.0,True,0.0
0.377,penalty,100000.0,0.0,0.3010080700000002,0.0,-3.6983699999999873,0.3010080700000002,0.0,0.0,0.0,0.0,True,0.0
0.378,penalty,100000.0,0.0,0.2972998900000002,0.0,-3.708179999999987,0.2972998900000002,0.0,0.0,0.0,0.0,True,0.0
0.379,penalty,100000.0,0.0,0.2935819000000002,0.0,-3.717989999999987,0.2935819000000002,0.0,0.0,0.0,0.0,True,0.0
0.38,penalty,100000.0,0.0,0.28985410000000017,0.0,-3.727799999999987,0.28985410000000017,0.0,0.0,0.0,0.0,True,0.0
0.381,penalty,100000.0,0.0,0.28611649000000017,0.0,-3.7376099999999868,0.28611649000000017,0.0,0.0,0.0,0.0,True,0.0
0.382,penalty,100000.0,0.0,0.28236907000000017,0.0,-3.7474199999999867,0.28236907000000017,0.0,0.0,0.0,0.0,True,0.0
0.383,penalty,100000.0,0.0,0.27861184000000017,0.0,-3.7572299999999865,0.27861184000000017,0.0,0.0,0.0,0.0,True,0.0
0.384,penalty,100000.0,0.0,0.27484480000000017,0.0,-3.7670399999999864,0.27484480000000017,0.0,0.0,0.0,0.0,True,0.0
0.385,penalty,100000.0,0.0,0.27106795000000017,0.0,-3.7768499999999863,0.27106795000000017,0.0,0.0,0.0,0.0,True,0.0
0.386,penalty,100000.0,0.0,0.26728129000000017,0.0,-3.786659999999986,0.26728129000000017,0.0,0.0,0.0,0.0,True,0.0
0.387,penalty,100000.0,0.0,0.2634848200000002,0.0,-3.796469999999986,0.2634848200000002,0.0,0.0,0.0,0.0,True,0.0
0.388,penalty,100000.0,0.0,0.2596785400000002,0.0,-3.806279999999986,0.2596785400000002,0.0,0.0,0.0,0.0,True,0.0
0.389,penalty,100000.0,0.0,0.2558624500000002,0.0,-3.8160899999999858,0.2558624500000002,0.0,0.0,0.0,0.0,True,0.0
0.39,penalty,100000.0,0.0,0.2520365500000002,0.0,-3.8258999999999856,0.2520365500000002,0.0,0.0,0.0,0.0,True,0.0
0.391,penalty,100000.0,0.0,0.2482008400000002,0.0,-3.8357099999999855,0.2482008400000002,0.0,0.0,0.0,0.0,True,0.0
0.392,penalty,100000.0,0.0,0.2443553200000002,0.0,-3.8455199999999854,0.2443553200000002,0.0,0.0,0.0,0.0,True,0.0
0.393,penalty,100000.0,0.0,0.24049999000000022,0.0,-3.8553299999999853,0.24049999000000022,0.0,0.0,0.0,0.0,True,0.0
0.394,penalty,100000.0,0.0,0.23663485000000023,0.0,-3.865139999999985,0.23663485000000023,0.0,0.0,0.0,0.0,True,0.0
0.395,penalty,100000.0,0.0,0.23275990000000024,0.0,-3.874949999999985,0.23275990000000024,0.0,0.0,0.0,0.0,True,0.0
0.396,penalty,100000.0,0.0,0.22887514000000025,0.0,-3.884759999999985,0.22887514000000025,0.0,0.0,0.0,0.0,True,0.0
0.397,penalty,100000.0,0.0,0.22498057000000027,0.0,-3.8945699999999848,0.22498057000000027,0.0,0.0,0.0,0.0,True,0.0
0.398,penalty,100000.0,0.0,0.22107619000000028,0.0,-3.9043799999999846,0.22107619000000028,0.0,0.0,0.0,0.0,True,0.0
0.399,penalty,100000.0,0.0,0.2171620000000003,0.0,-3.9141899999999845,0.2171620000000003,0.0,0.0,0.0,0.0,True,0.0
0.4,penalty,100000.0,0.0,0.21323800000000032,0.0,-3.9239999999999844,0.21323800000000032,0.0,0.0,0.0,0.0,True,0.0
0.401,penalty,100000.0,0.0,0.20930419000000033,0.0,-3.9338099999999843,0.20930419000000033,0.0,0.0,0.0,0.0,True,0.0
0.402,penalty,100000.0,0.0,0.20536057000000035,0.0,-3.943619999999984,0.20536057000000035,0.0,0.0,0.0,0.0,True,0.0
0.403,penalty,100000.0,0.0,0.20140714000000037,0.0,-3.953429999999984,0.20140714000000037,0.0,0.0,0.0,0.0,True,0.0
0.404,penalty,100000.0,0.0,0.1974439000000004,0.0,-3.963239999999984,0.1974439000000004,0.0,0.0,0.0,0.0,True,0.0
0.405,penalty,100000.0,0.0,0.19347085000000042,0.0,-3.9730499999999838,0.19347085000000042,0.0,0.0,0.0,0.0,True,0.0
0.406,penalty,100000.0,0.0,0.18948799000000044,0.0,-3.9828599999999836,0.18948799000000044,0.0,0.0,0.0,0.0,True,0.0
0.40700000000000003,penalty,100000.0,0.0,0.18549532000000046,0.0,-3.9926699999999835,0.18549532000000046,0.0,0.0,0.0,0.0,True,0.0
0.40800000000000003,penalty,100000.0,0.0,0.1814928400000005,0.0,-4.002479999999983,0.1814928400000005,0.0,0.0,0.0,0.0,True,0.0
0.40900000000000003,penalty,100000.0,0.0,0.17748055000000051,0.0,-4.012289999999983,0.17748055000000051,0.0,0.0,0.0,0.0,True,0.0
0.41000000000000003,penalty,100000.0,0.0,0.17345845000000054,0.0,-4.022099999999983,0.17345845000000054,0.0,0.0,0.0,0.0,True,0.0
0.41100000000000003,penalty,100000.0,0.0,0.16942654000000057,0.0,-4.031909999999983,0.16942654000000057,0.0,0.0,0.0,0.0,True,0.0
0.41200000000000003,penalty,100000.0,0.0,0.1653848200000006,0.0,-4.041719999999983,0.1653848200000006,0.0,0.0,0.0,0.0,True,0.0
0.41300000000000003,penalty,100000.0,0.0,0.16133329000000063,0.0,-4.051529999999983,0.16133329000000063,0.0,0.0,0.0,0.0,True,0.0
0.41400000000000003,penalty,100000.0,0.0,0.15727195000000066,0.0,-4.061339999999983,0.15727195000000066,0.0,0.0,0.0,0.0,True,0.0
0.41500000000000004,penalty,100000.0,0.0,0.15320080000000066,0.0,-4.0711499999999825,0.15320080000000066,0.0,0.0,0.0,0.0,True,0.0
0.41600000000000004,penalty,100000.0,0.0,0.14911984000000067,0.0,-4.080959999999982,0.14911984000000067,0.0,0.0,0.0,0.0,True,0.0
0.417,penalty,100000.0,0.0,0.14502907000000068,0.0,-4.090769999999982,0.14502907000000068,0.0,0.0,0.0,0.0,True,0.0
0.418,penalty,100000.0,0.0,0.14092849000000068,0.0,-4.100579999999982,0.14092849000000068,0.0,0.0,0.0,0.0,True,0.0
0.419,penalty,100000.0,0.0,0.1368181000000007,0.0,-4.110389999999982,0.1368181000000007,0.0,0.0,0.0,0.0,True,0.0
0.42,penalty,100000.0,0.0,0.1326979000000007,0.0,-4.120199999999982,0.1326979000000007,0.0,0.0,0.0,0.0,True,0.0
0.421,penalty,100000.0,0.0,0.1285678900000007,0.0,-4.130009999999982,0.1285678900000007,0.0,0.0,0.0,0.0,True,0.0
0.422,penalty,100000.0,0.0,0.12442807000000072,0.0,-4.139819999999982,0.12442807000000072,0.0,0.0,0.0,0.0,True,0.0
0.423,penalty,100000.0,0.0,0.12027844000000074,0.0,-4.1496299999999815,0.12027844000000074,0.0,0.0,0.0,0.0,True,0.0
0.424,penalty,100000.0,0.0,0.11611900000000075,0.0,-4.159439999999981,0.11611900000000075,0.0,0.0,0.0,0.0,True,0.0
0.425,penalty,100000.0,0.0,0.11194975000000076,0.0,-4.169249999999981,0.11194975000000076,0.0,0.0,0.0,0.0,True,0.0
0.426,penalty,100000.0,0.0,0.10777069000000078,0.0,-4.179059999999981,0.10777069000000078,0.0,0.0,0.0,0.0,True,0.0
0.427,penalty,100000.0,0.0,0.1035818200000008,0.0,-4.188869999999981,0.1035818200000008,0.0,0.0,0.0,0.0,True,0.0
0.428,penalty,100000.0,0.0,0.09938314000000081,0.0,-4.198679999999981,0.09938314000000081,0.0,0.0,0.0,0.0,True,0.0
0.429,penalty,100000.0,0.0,0.09517465000000083,0.0,-4.208489999999981,0.09517465000000083,0.0,0.0,0.0,0.0,True,0.0
0.43,penalty,100000.0,0.0,0.09095635000000085,0.0,-4.218299999999981,0.09095635000000085,0.0,0.0,0.0,0.0,True,0.0
0.431,penalty,100000.0,0.0,0.08672824000000087,0.0,-4.2281099999999805,0.08672824000000087,0.0,0.0,0.0,0.0,True,0.0
0.432,penalty,100000.0,0.0,0.0824903200000009,0.0,-4.23791999999998,0.0824903200000009,0.0,0.0,0.0,0.0,True,0.0
0.433,penalty,100000.0,0.0,0.07824259000000092,0.0,-4.24772999999998,0.07824259000000092,0.0,0.0,0.0,0.0,True,0.0
0.434,penalty,100000.0,0.0,0.07398505000000094,0.0,-4.25753999999998,0.07398505000000094,0.0,0.0,0.0,0.0,True,0.0
0.435,penalty,100000.0,0.0,0.06971770000000097,0.0,-4.26734999999998,0.06971770000000097,0.0,0.0,0.0,0.0,True,0.0
0.436,penalty,100000.0,0.0,0.06544054000000099,0.0,-4.27715999999998,0.06544054000000099,0.0,0.0,0.0,0.0,True,0.0
0.437,penalty,100000.0,0.0,0.06115357000000101,0.0,-4.28696999999998,0.06115357000000101,0.0,0.0,0.0,0.0,True,0.0
0.438,penalty,100000.0,0.0,0.05685679000000103,0.0,-4.29677999999998,0.05685679000000103,0.0,0.0,0.0,0.0,True,0.0
0.439,penalty,100000.0,0.0,0.05255020000000105,0.0,-4.3065899999999795,0.05255020000000105,0.0,0.0,0.0,0.0,True,0.0
0.44,penalty,100000.0,0.0,0.048233800000001076,0.0,-4.316399999999979,0.048233800000001076,0.0,0.0,0.0,0.0,True,0.0
0.441,penalty,100000.0,0.0,0.04390759000000109,0.0,-4.326209999999979,0.04390759000000109,0.0,0.0,0.0,0.0,True,0.0
0.442,penalty,100000.0,0.0,0.03957157000000111,0.0,-4.336019999999979,0.03957157000000111,0.0,0.0,0.0,0.0,True,0.0
0.443,penalty,100000.0,0.0,0.03522574000000113,0.0,-4.345829999999979,0.03522574000000113,0.0,0.0,0.0,0.0,True,0.0
0.444,penalty,100000.0,0.0,0.03087010000000115,0.0,-4.355639999999979,0.03087010000000115,0.0,0.0,0.0,0.0,True,0.0
0.445,penalty,100000.0,0.0,0.02650465000000117,0.0,-4.365449999999979,0.02650465000000117,0.0,0.0,0.0,0.0,True,0.0
0.446,penalty,100000.0,0.0,0.022129390000001192,0.0,-4.375259999999979,0.022129390000001192,0.0,0.0,0.0,0.0,True,0.0
0.447,penalty,100000.0,0.0,0.017744320000001215,0.0,-4.3850699999999785,0.017744320000001215,0.0,0.0,0.0,0.0,True,0.0
0.448,penalty,100000.0,0.0,0.013349440000001236,0.0,-4.394879999999978,0.013349440000001236,0.0,0.0,0.0,0.0,True,0.0
0.449,penalty,100000.0,0.0,0.008944750000001257,0.0,-4.404689999999978,0.008944750000001257,0.0,0.0,0.0,0.0,True,0.0
0.45,penalty,100000.0,0.0,0.004530250000001279,0.0,-4.414499999999978,0.004530250000001279,0.0,0.0,0.0,0.0,True,0.0
0.451,penalty,100000.0,0.0,0.00010594000000130072,0.0,-4.424309999999978,0.00010594000000130072,0.0,0.0,0.0,0.0,True,0.0
0.452,penalty,100000.0,0.0,-0.004328179999998677,0.0,-4.434119999999978,-0.004328179999998677,0.004328179999998677,0.0,0.004328179999998677,0.008656359999997355,True,0.0
0.453,penalty,100000.0,0.0,-0.008339291999998787,0.0,-4.01111200000011,-0.008339291999998787,0.008339291999998787,432.8179999998677,3.6177349768543707,0.008339372338411977,True,0.0
0.454,penalty,100000.0,0.0,-0.011526284799999018,0.0,-3.186992800000231,-0.011526284799999018,0.011526284799999018,833.9291999998787,9.623631747033942,0.011526364456130977,True,0.0
0.455,penalty,100000.0,0.0,-0.013570459119999347,0.0,-2.0441743200003293,-0.013570459119999347,0.013570459119999347,1152.6284799999019,15.655268127505652,0.013570539005968385,True,0.0
0.456,penalty,100000.0,0.0,-0.014267397527999742,0.0,-0.6969384080003944,-0.014267397527999742,0.014267397527999742,1357.0459119999348,19.375780887778024,0.014267472528672442,True,0.0
0.457,penalty,100000.0,0.0,-0.013547406183200163,0.0,0.7199913447995798,-0.013547406183200163,0.013547406183200163,1426.7397527999742,19.34217035508304,0.013547470502089709,True,0.0
0.458,penalty,100000.0,0.0,-0.011482484220080566,0.0,2.064921963119596,-0.011482484220080566,0.011482484220080566,1354.7406183200162,15.567270256381855,0.011482532881700536,True,0.0
0.459,penalty,100000.0,0.0,-0.008279123834952913,0.0,3.203360385127653,-0.008279123834952913,0.008279123834952913,1148.2484220080567,9.514770002928927,0.008279153681996831,True,0.0
0.46,penalty,100000.0,0.0,-0.004257661066329969,0.0,4.0214627686229445,-0.004257661066329969,0.004257661066329969,827.9123834952914,3.5292279826066784,0.00425767201409144,True,0.0
0.461,penalty,100000.0,0.0,0.0001797578089259731,0.0,4.437418875255942,0.0001797578089259731,0.0,425.76610663299687,0.07653478244328973,0.00017975777103629298,True,0.0
0.462,penalty,100000.0,0.0,0.004607366684181915,0.0,4.427608875255942,0.004607366684181915,0.0,0.0,0.0,0.0,True,0.0
0.463,penalty,100000.0,0.0,0.009025165559437857,0.0,4.417798875255942,0.009025165559437857,0.0,0.0,0.0,0.0,True,0.0
0.464,penalty,100000.0,0.0,0.0134331544346938,0.0,4.407988875255942,0.0134331544346938,0.0,0.0,0.0,0.0,True,0.0
0.465,penalty,100000.0,0.0,0.01783133330994974,0.0,4.398178875255942,0.01783133330994974,0.0,0.0,0.0,0.0,True,0.0
0.466,penalty,100000.0,0.0,0.022219702185205685,0.0,4.388368875255942,0.022219702185205685,0.0,0.0,0.0,0.0,True,0.0
0.467,penalty,100000.0,0.0,0.026598261060461627,0.0,4.378558875255942,0.026598261060461627,0.0,0.0,0.0,0.0,True,0.0
0.468,penalty,100000.0,0.0,0.03096700993571757,0.0,4.3687488752559425,0.03096700993571757,0.0,0.0,0.0,0.0,True,0.0
0.46900000000000003,penalty,100000.0,0.0,0.03532594881097351,0.0,4.358938875255943,0.03532594881097351,0.0,0.0,0.0,0.0,True,0.0
0.47000000000000003,penalty,100000.0,0.0,0.03967507768622946,0.0,4.349128875255943,0.03967507768622946,0.0,0.0,0.0,0.0,True,0.0
0.47100000000000003,penalty,100000.0,0.0,0.044014396561485404,0.0,4.339318875255943,0.044014396561485404,0.0,0.0,0.0,0.0,True,0.0
0.47200000000000003,penalty,100000.0,0.0,0.048343905436741344,0.0,4.329508875255943,0.048343905436741344,0.0,0.0,0.0,0.0,True,0.0
0.47300000000000003,penalty,100000.0,0.0,0.052663604311997285,0.0,4.319698875255943,0.052663604311997285,0.0,0.0,0.0,0.0,True,0.0
0.47400000000000003,penalty,100000.0,0.0,0.05697349318725323,0.0,4.309888875255943,0.05697349318725323,0.0,0.0,0.0,0.0,True,0.0
0.47500000000000003,penalty,100000.0,0.0,0.06127357206250917,0.0,4.300078875255943,0.06127357206250917,0.0,0.0,0.0,0.0,True,0.0
0.47600000000000003,penalty,100000.0,0.0,0.06556384093776511,0.0,4.2902688752559435,0.06556384093776511,0.0,0.0,0.0,0.0,True,0.0
0.47700000000000004,penalty,100000.0,0.0,0.06984429981302105,0.0,4.280458875255944,0.06984429981302105,0.0,0.0,0.0,0.0,True,0.0
0.47800000000000004,penalty,100000.0,0.0,0.07411494868827699,0.0,4.270648875255944,0.07411494868827699,0.0,0.0,0.0,0.0,True,0.0
0.47900000000000004,penalty,100000.0,0.0,0.07837578756353293,0.0,4.260838875255944,0.07837578756353293,0.0,0.0,0.0,0.0,True,0.0
0.48,penalty,100000.0,0.0,0.08262681643878887,0.0,4.251028875255944,0.08262681643878887,0.0,0.0,0.0,0.0,True,0.0
0.481,penalty,100000.0,0.0,0.08686803531404481,0.0,4.241218875255944,0.08686803531404481,0.0,0.0,0.0,0.0,True,0.0
0.482,penalty,100000.0,0.0,0.09109944418930076,0.0,4.231408875255944,0.09109944418930076,0.0,0.0,0.0,0.0,True,0.0
0.483,penalty,100000.0,0.0,0.0953210430645567,0.0,4.221598875255944,0.0953210430645567,0.0,0.0,0.0,0.0,True,0.0
0.484,penalty,100000.0,0.0,0.09953283193981265,0.0,4.2117888752559445,0.09953283193981265,0.0,0.0,0.0,0.0,True,0.0
0.485,penalty,100000.0,0.0,0.10373481081506859,0.0,4.201978875255945,0.10373481081506859,0.0,0.0,0.0,0.0,True,0.0
0.486,penalty,100000.0,0.0,0.10792697969032454,0.0,4.192168875255945,0.10792697969032454,0.0,0.0,0.0,0.0,True,0.0
0.487,penalty,100000.0,0.0,0.11210933856558049,0.0,4.182358875255945,0.11210933856558049,0.0,0.0,0.0,0.0,True,0.0
0.488,penalty,100000.0,0.0,0.11628188744083644,0.0,4.172548875255945,0.11628188744083644,0.0,0.0,0.0,0.0,True,0.0
0.489,penalty,100000.0,0.0,0.12044462631609239,0.0,4.162738875255945,0.12044462631609239,0.0,0.0,0.0,0.0,True,0.0
0.49,penalty,100000.0,0.0,0.12459755519134834,0.0,4.152928875255945,0.12459755519134834,0.0,0.0,0.0,0.0,True,0.0
0.491,penalty,100000.0,0.0,0.12874067406660428,0.0,4.143118875255945,0.12874067406660428,0.0,0.0,0.0,0.0,True,0.0
0.492,penalty,100000.0,0.0,0.13287398294186023,0.0,4.1333088752559455,0.13287398294186023,0.0,0.0,0.0,0.0,True,0.0
0.493,penalty,100000.0,0.0,0.13699748181711618,0.0,4.123498875255946,0.13699748181711618,0.0,0.0,0.0,0.0,True,0.0
0.494,penalty,100000.0,0.0,0.14111117069237214,0.0,4.113688875255946,0.14111117069237214,0.0,0.0,0.0,0.0,True,0.0
0.495,penalty,100000.0,0.0,0.1452150495676281,0.0,4.103878875255946,0.1452150495676281,0.0,0.0,0.0,0.0,True,0.0
0.496,penalty,100000.0,0.0,0.14930911844288405,0.0,4.094068875255946,0.14930911844288405,0.0,0.0,0.0,0.0,True,0.0
0.497,penalty,100000.0,0.0,0.15339337731814,0.0,4.084258875255946,0.15339337731814,0.0,0.0,0.0,0.0,True,0.0
0.498,penalty,100000.0,0.0,0.15746782619339597,0.0,4.074448875255946,0.15746782619339597,0.0,0.0,0.0,0.0,True,0.0
0.499,penalty,100000.0,0.0,0.16153246506865193,0.0,4.064638875255946,0.16153246506865193,0.0,0.0,0.0,0.0,True,0.0
0.5,penalty,100000.0,0.0,0.16558729394390787,0.0,4.0548288752559465,0.16558729394390787,0.0,0.0,0.0,0.0,True,0.0
0.501,penalty,100000.0,0.0,0.1696323128191638,0.0,4.045018875255947,0.1696323128191638,0.0,0.0,0.0,0.0,True,0.0
0.502,penalty,100000.0,0.0,0.17366752169441974,0.0,4.035208875255947,0.17366752169441974,0.0,0.0,0.0,0.0,True,0.0
0.503,penalty,100000.0,0.0,0.17769292056967567,0.0,4.025398875255947,0.17769292056967567,0.0,0.0,0.0,0.0,True,0.0
0.504,penalty,100000.0,0.0,0.1817085094449316,0.0,4.015588875255947,0.1817085094449316,0.0,0.0,0.0,0.0,True,0.0
0.505,penalty,100000.0,0.0,0.18571428832018755,0.0,4.005778875255947,0.18571428832018755,0.0,0.0,0.0,0.0,True,0.0
0.506,penalty,100000.0,0.0,0.1897102571954435,0.0,3.9959688752559472,0.1897102571954435,0.0,0.0,0.0,0.0,True,0.0
0.507,penalty,100000.0,0.0,0.19369641607069943,0.0,3.9861588752559474,0.19369641607069943,0.0,0.0,0.0,0.0,True,0.0
0.508,penalty,100000.0,0.0,0.19767276494595537,0.0,3.9763488752559475,0.19767276494595537,0.0,0.0,0.0,0.0,True,0.0
0.509,penalty,100000.0,0.0,0.2016393038212113,0.0,3.9665388752559476,0.2016393038212113,0.0,0.0,0.0,0.0,True,0.0
0.51,penalty,100000.0,0.0,0.20559603269646726,0.0,3.9567288752559477,0.20559603269646726,0.0,0.0,0.0,0.0,True,0.0
0.511,penalty,100000.0,0.0,0.2095429515717232,0.0,3.946918875255948,0.2095429515717232,0.0,0.0,0.0,0.0,True,0.0
0.512,penalty,100000.0,0.0,0.21348006044697915,0.0,3.937108875255948,0.21348006044697915,0.0,0.0,0.0,0.0,True,0.0
0.513,penalty,100000.0,0.0,0.2174073593222351,0.0,3.927298875255948,0.2174073593222351,0.0,0.0,0.0,0.0,True,0.0
0.514,penalty,100000.0,0.0,0.22132484819749104,0.0,3.9174888752559482,0.22132484819749104,0.0,0.0,0.0,0.0,True,0.0
0.515,penalty,100000.0,0.0,0.225232527072747,0.0,3.9076788752559484,0.225232527072747,0.0,0.0,0.0,0.0,True,0.0
0.516,penalty,100000.0,0.0,0.22913039594800294,0.0,3.8978688752559485,0.22913039594800294,0.0,0.0,0.0,0.0,True,0.0
0.517,penalty,100000.0,0.0,0.2330184548232589,0.0,3.8880588752559486,0.2330184548232589,0.0,0.0,0.0,0.0,True,0.0
0.518,penalty,100000.0,0.0,0.23689670369851484,0.0,3.8782488752559487,0.23689670369851484,0.0,0.0,0.0,0.0,True,0.0
0.519,penalty,100000.0,0.0,0.2407651425737708,0.0,3.868438875255949,0.2407651425737708,0.0,0.0,0.0,0.0,True,0.0
0.52,penalty,100000.0,0.0,0.24462377144902675,0.0,3.858628875255949,0.24462377144902675,0.0,0.0,0.0,0.0,True,0.0
0.521,penalty,100000.0,0.0,0.2484725903242827,0.0,3.848818875255949,0.2484725903242827,0.0,0.0,0.0,0.0,True,0.0
0.522,penalty,100000.0,0.0,0.25231159919953866,0.0,3.8390088752559492,0.25231159919953866,0.0,0.0,0.0,0.0,True,0.0
0.523,penalty,100000.0,0.0,0.2561407980747946,0.0,3.8291988752559494,0.2561407980747946,0.0,0.0,0.0,0.0,True,0.0
0.524,penalty,100000.0,0.0,0.2599601869500506,0.0,3.8193888752559495,0.2599601869500506,0.0,0.0,0.0,0.0,True,0.0
0.525,penalty,100000.0,0.0,0.26376976582530653,0.0,3.8095788752559496,0.26376976582530653,0.0,0.0,0.0,0.0,True,0.0
0.526,penalty,100000.0,0.0,0.2675695347005625,0.0,3.7997688752559498,0.2675695347005625,0.0,0.0,0.0,0.0,True,0.0
0.527,penalty,100000.0,0.0,0.27135949357581846,0.0,3.78995887525595,0.27135949357581846,0.0,0.0,0.0,0.0,True,0.0
0.528,penalty,100000.0,0.0,0.2751396424510744,0.0,3.78014887525595,0.2751396424510744,0.0,0.0,0.0,0.0,True,0.0
0.529,penalty,100000.0,0.0,0.2789099813263304,0.0,3.77033887525595,0.2789099813263304,0.0,0.0,0.0,0.0,True,0.0
0.53,penalty,100000.0,0.0,0.28267051020158634,0.0,3.7605288752559503,0.28267051020158634,0.0,0.0,0.0,0.0,True,0.0
0.531,penalty,100000.0,0.0,0.2864212290768423,0.0,3.7507188752559504,0.2864212290768423,0.0,0.0,0.0,0.0,True,0.0
0.532,penalty,100000.0,0.0,0.2901621379520983,0.0,3.7409088752559505,0.2901621379520983,0.0,0.0,0.0,0.0,True,0.0
0.533,penalty,100000.0,0.0,0.29389323682735424,0.0,3.7310988752559506,0.29389323682735424,0.0,0.0,0.0,0.0,True,0.0
0.534,penalty,100000.0,0.0,0.2976145257026102,0.0,3.7212888752559508,0.2976145257026102,0.0,0.0,0.0,0.0,True,0.0
0.535,penalty,100000.0,0.0,0.3013260045778662,0.0,3.711478875255951,0.3013260045778662,0.0,0.0,0.0,0.0,True,0.0
0.536,penalty,100000.0,0.0,0.30502767345312215,0.0,3.701668875255951,0.30502767345312215,0.0,0.0,0.0,0.0,True,0.0
0.537,penalty,100000.0,0.0,0.3087195323283781,0.0,3.691858875255951,0.3087195323283781,0.0,0.0,0.0,0.0,True,0.0
0.538,penalty,100000.0,0.0,0.3124015812036341,0.0,3.6820488752559513,0.3124015812036341,0.0,0.0,0.0,0.0,True,0.0
0.539,penalty,100000.0,0.0,0.31607382007889007,0.0,3.6722388752559514,0.31607382007889007,0.0,0.0,0.0,0.0,True,0.0
0.54,penalty,100000.0,0.0,0.31973624895414604,0.0,3.6624288752559515,0.31973624895414604,0.0,0.0,0.0,0.0,True,0.0
0.541,penalty,100000.0,0.0,0.323388867829402,0.0,3.6526188752559516,0.323388867829402,0.0,0.0,0.0,0.0,True,0.0
0.542,penalty,100000.0,0.0,0.327031676704658,0.0,3.6428088752559518,0.327031676704658,0.0,0.0,0.0,0.0,True,0.0
0.543,penalty,100000.0,0.0,0.33066467557991397,0.0,3.632998875255952,0.33066467557991397,0.0,0.0,0.0,0.0,True,0.0
0.544,penalty,100000.0,0.0,0.33428786445516995,0.0,3.623188875255952,0.33428786445516995,0.0,0.0,0.0,0.0,True,0.0
0.545,penalty,100000.0,0.0,0.3379012433304259,0.0,3.613378875255952,0.3379012433304259,0.0,0.0,0.0,0.0,True,0.0
0.546,penalty,100000.0,0.0,0.34150481220568185,0.0,3.6035688752559523,0.34150481220568185,0.0,0.0,0.0,0.0,True,0.0
0.547,penalty,100000.0,0.0,0.3450985710809378,0.0,3.5937588752559524,0.3450985710809378,0.0,0.0,0.0,0.0,True,0.0
0.548,penalty,100000.0,0.0,0.3486825199561937,0.0,3.5839488752559525,0.3486825199561937,0.0,0.0,0.0,0.0,True,0.0
0.549,penalty,100000.0,0.0,0.35225665883144963,0.0,3.5741388752559526,0.35225665883144963,0.0,0.0,0.0,0.0,True,0.0
0.55,penalty,100000.0,0.0,0.35582098770670556,0.0,3.5643288752559528,0.35582098770670556,0.0,0.0,0.0,0.0,True,0.0
0.551,penalty,100000.0,0.0,0.3593755065819615,0.0,3.554518875255953,0.3593755065819615,0.0,0.0,0.0,0.0,True,0.0
0.552,penalty,100000.0,0.0,0.3629202154572174,0.0,3.544708875255953,0.3629202154572174,0.0,0.0,0.0,0.0,True,0.0
0.553,penalty,100000.0,0.0,0.36645511433247335,0.0,3.534898875255953,0.36645511433247335,0.0,0.0,0.0,0.0,True,0.0
0.554,penalty,100000.0,0.0,0.3699802032077293,0.0,3.5250888752559533,0.3699802032077293,0.0,0.0,0.0,0.0,True,0.0
0.555,penalty,100000.0,0.0,0.3734954820829852,0.0,3.5152788752559534,0.3734954820829852,0.0,0.0,0.0,0.0,True,0.0
0.556,penalty,100000.0,0.0,0.37700095095824115,0.0,3.5054688752559535,0.37700095095824115,0.0,0.0,0.0,0.0,True,0.0
0.557,penalty,100000.0,0.0,0.3804966098334971,0.0,3.4956588752559536,0.3804966098334971,0.0,0.0,0.0,0.0,True,0.0
0.558,penalty,100000.0,0.0,0.383982458708753,0.0,3.4858488752559538,0.383982458708753,0.0,0.0,0.0,0.0,True,0.0
0.559,penalty,100000.0,0.0,0.38745849758400897,0.0,3.476038875255954,0.38745849758400897,0.0,0.0,0.0,0.0,True,0.0
0.56,penalty,100000.0,0.0,0.3909247264592649,0.0,3.466228875255954,0.3909247264592649,0.0,0.0,0.0,0.0,True,0.0
0.561,penalty,100000.0,0.0,0.39438114533452084,0.0,3.456418875255954,0.39438114533452084,0.0,0.0,0.0,0.0,True,0.0
0.562,penalty,100000.0,0.0,0.3978277542097768,0.0,3.4466088752559543,0.3978277542097768,0.0,0.0,0.0,0.0,True,0.0
0.5630000000000001,penalty,100000.0,0.0,0.4012645530850327,0.0,3.4367988752559544,0.4012645530850327,0.0,0.0,0.0,0.0,True,0.0
0.5640000000000001,penalty,100000.0,0.0,0.40469154196028867,0.0,3.4269888752559545,0.40469154196028867,0.0,0.0,0.0,0.0,True,0.0
0.5650000000000001,penalty,100000.0,0.0,0.4081087208355446,0.0,3.4171788752559547,0.4081087208355446,0.0,0.0,0.0,0.0,True,0.0
0.5660000000000001,penalty,100000.0,0.0,0.41151608971080056,0.0,3.4073688752559548,0.41151608971080056,0.0,0.0,0.0,0.0,True,0.0
0.5670000000000001,penalty,100000.0,0.0,0.4149136485860565,0.0,3.397558875255955,0.4149136485860565,0.0,0.0,0.0,0.0,True,0.0
0.5680000000000001,penalty,100000.0,0.0,0.41830139746131245,0.0,3.387748875255955,0.41830139746131245,0.0,0.0,0.0,0.0,True,0.0
0.5690000000000001,penalty,100000.0,0.0,0.4216793363365684,0.0,3.377938875255955,0.4216793363365684,0.0,0.0,0.0,0.0,True,0.0
0.5700000000000001,penalty,100000.0,0.0,0.42504746521182435,0.0,3.3681288752559553,0.42504746521182435,0.0,0.0,0.0,0.0,True,0.0
0.5710000000000001,penalty,100000.0,0.0,0.4284057840870803,0.0,3.3583188752559554,0.4284057840870803,0.0,0.0,0.0,0.0,True,0.0
0.5720000000000001,penalty,100000.0,0.0,0.43175429296233625,0.0,3.3485088752559555,0.43175429296233625,0.0,0.0,0.0,0.0,True,0.0
0.5730000000000001,penalty,100000.0,0.0,0.4350929918375922,0.0,3.3386988752559557,0.4350929918375922,0.0,0.0,0.0,0.0,True,0.0
0.5740000000000001,penalty,100000.0,0.0,0.43842188071284816,0.0,3.328888875255956,0.43842188071284816,0.0,0.0,0.0,0.0,True,0.0
0.5750000000000001,penalty,100000.0,0.0,0.4417409595881041,0.0,3.319078875255956,0.4417409595881041,0.0,0.0,0.0,0.0,True,0.0
0.5760000000000001,penalty,100000.0,0.0,0.44505022846336006,0.0,3.309268875255956,0.44505022846336006,0.0,0.0,0.0,0.0,True,0.0
0.577,penalty,100000.0,0.0,0.448349687338616,0.0,3.299458875255956,0.448349687338616,0.0,0.0,0.0,0.0,True,0.0
0.578,penalty,100000.0,0.0,0.451639336213872,0.0,3.2896488752559563,0.451639336213872,0.0,0.0,0.0,0.0,True,0.0
0.579,penalty,100000.0,0.0,0.45491917508912794,0.0,3.2798388752559564,0.45491917508912794,0.0,0.0,0.0,0.0,True,0.0
0.58,penalty,100000.0,0.0,0.4581892039643839,0.0,3.2700288752559565,0.4581892039643839,0.0,0.0,0.0,0.0,True,0.0
0.581,penalty,100000.0,0.0,0.46144942283963986,0.0,3.2602188752559567,0.46144942283963986,0.0,0.0,0.0,0.0,True,0.0
0.582,penalty,100000.0,0.0,0.4646998317148958,0.0,3.250408875255957,0.4646998317148958,0.0,0.0,0.0,0.0,True,0.0
0.583,penalty,100000.0,0.0,0.4679404305901518,0.0,3.240598875255957,0.4679404305901518,0.0,0.0,0.0,0.0,True,0.0
0.584,penalty,100000.0,0.0,0.47117121946540774,0.0,3.230788875255957,0.47117121946540774,0.0,0.0,0.0,0.0,True,0.0
0.585,penalty,100000.0,0.0,0.4743921983406637,0.0,3.220978875255957,0.4743921983406637,0.0,0.0,0.0,0.0,True,0.0
0.586,penalty,100000.0,0.0,0.47760336721591967,0.0,3.2111688752559573,0.47760336721591967,0.0,0.0,0.0,0.0,True,0.0
0.587,penalty,100000.0,0.0,0.48080472609117564,0.0,3.2013588752559574,0.48080472609117564,0.0,0.0,0.0,0.0,True,0.0
0.588,penalty,100000.0,0.0,0.4839962749664316,0.0,3.1915488752559575,0.4839962749664316,0.0,0.0,0.0,0.0,True,0.0
0.589,penalty,100000.0,0.0,0.4871780138416876,0.0,3.1817388752559577,0.4871780138416876,0.0,0.0,0.0,0.0,True,0.0
0.59,penalty,100000.0,0.0,0.49034994271694354,0.0,3.171928875255958,0.49034994271694354,0.0,0.0,0.0,0.0,True,0.0
0.591,penalty,100000.0,0.0,0.4935120615921995,0.0,3.162118875255958,0.4935120615921995,0.0,0.0,0.0,0.0,True,0.0
0.592,penalty,100000.0,0.0,0.4966643704674555,0.0,3.152308875255958,0.4966643704674555,0.0,0.0,0.0,0.0,True,0.0
0.593,penalty,100000.0,0.0,0.49980686934271146,0.0,3.142498875255958,0.49980686934271146,0.0,0.0,0.0,0.0,True,0.0
0.594,penalty,100000.0,0.0,0.5029395582179674,0.0,3.1326888752559583,0.5029395582179674,0.0,0.0,0.0,0.0,True,0.0
0.595,penalty,100000.0,0.0,0.5060624370932234,0.0,3.1228788752559584,0.5060624370932234,0.0,0.0,0.0,0.0,True,0.0
0.596,penalty,100000.0,0.0,0.5091755059684794,0.0,3.1130688752559585,0.5091755059684794,0.0,0.0,0.0,0.0,True,0.0
0.597,penalty,100000.0,0.0,0.5122787648437354,0.0,3.1032588752559587,0.5122787648437354,0.0,0.0,0.0,0.0,True,0.0
0.598,penalty,100000.0,0.0,0.5153722137189913,0.0,3.093448875255959,0.5153722137189913,0.0,0.0,0.0,0.0,True,0.0
0.599,penalty,100000.0,0.0,0.5184558525942473,0.0,3.083638875255959,0.5184558525942473,0.0,0.0,0.0,0.0,True,0.0
0.6,penalty,100000.0,0.0,0.5215296814695033,0.0,3.073828875255959,0.5215296814695033,0.0,0.0,0.0,0.0,True,0.0
0.601,penalty,100000.0,0.0,0.5245937003447593,0.0,3.064018875255959,0.5245937003447593,0.0,0.0,0.0,0.0,True,0.0
0.602,penalty,100000.0,0.0,0.5276479092200153,0.0,3.0542088752559593,0.5276479092200153,0.0,0.0,0.0,0.0,True,0.0
0.603,penalty,100000.0,0.0,0.5306923080952712,0.0,3.0443988752559594,0.5306923080952712,0.0,0.0,0.0,0.0,True,0.0
0.604,penalty,100000.0,0.0,0.5337268969705272,0.0,3.0345888752559596,0.5337268969705272,0.0,0.0,0.0,0.0,True,0.0
0.605,penalty,100000.0,0.0,0.5367516758457832,0.0,3.0247788752559597,0.5367516758457832,0.0,0.0,0.0,0.0,True,0.0
0.606,penalty,100000.0,0.0,0.5397666447210392,0.0,3.01496887525596,0.5397666447210392,0.0,0.0,0.0,0.0,True,0.0
0.607,penalty,100000.0,0.0,0.5427718035962952,0.0,3.00515887525596,0.5427718035962952,0.0,0.0,0.0,0.0,True,0.0
0.608,penalty,100000.0,0.0,0.5457671524715512,0.0,2.99534887525596,0.5457671524715512,0.0,0.0,0.0,0.0,True,0.0
0.609,penalty,100000.0,0.0,0.5487526913468072,0.0,2.98553887525596,0.5487526913468072,0.0,0.0,0.0,0.0,True,0.0
0.61,penalty,100000.0,0.0,0.5517284202220631,0.0,2.9757288752559603,0.5517284202220631,0.0,0.0,0.0,0.0,True,0.0
0.611,penalty,100000.0,0.0,0.5546943390973191,0.0,2.9659188752559604,0.5546943390973191,0.0,0.0,0.0,0.0,True,0.0
0.612,penalty,100000.0,0.0,0.5576504479725751,0.0,2.9561088752559606,0.5576504479725751,0.0,0.0,0.0,0.0,True,0.0
0.613,penalty,100000.0,0.0,0.5605967468478311,0.0,2.9462988752559607,0.5605967468478311,0.0,0.0,0.0,0.0,True,0.0
0.614,penalty,100000.0,0.0,0.5635332357230871,0.0,2.936488875255961,0.5635332357230871,0.0,0.0,0.0,0.0,True,0.0
0.615,penalty,100000.0,0.0,0.5664599145983431,0.0,2.926678875255961,0.5664599145983431,0.0,0.0,0.0,0.0,True,0.0
0.616,penalty,100000.0,0.0,0.5693767834735991,0.0,2.916868875255961,0.5693767834735991,0.0,0.0,0.0,0.0,True,0.0
0.617,penalty,100000.0,0.0,0.5722838423488551,0.0,2.907058875255961,0.5722838423488551,0.0,0.0,0.0,0.0,True,0.0
0.618,penalty,100000.0,0.0,0.5751810912241111,0.0,2.8972488752559613,0.5751810912241111,0.0,0.0,0.0,0.0,True,0.0
0.619,penalty,100000.0,0.0,0.5780685300993671,0.0,2.8874388752559614,0.5780685300993671,0.0,0.0,0.0,0.0,True,0.0
0.62,penalty,100000.0,0.0,0.5809461589746231,0.0,2.8776288752559616,0.5809461589746231,0.0,0.0,0.0,0.0,True,0.0
0.621,penalty,100000.0,0.0,0.5838139778498791,0.0,2.8678188752559617,0.5838139778498791,0.0,0.0,0.0,0.0,True,0.0
0.622,penalty,100000.0,0.0,0.5866719867251351,0.0,2.858008875255962,0.5866719867251351,0.0,0.0,0.0,0.0,True,0.0
0.623,penalty,100000.0,0.0,0.5895201856003911,0.0,2.848198875255962,0.5895201856003911,0.0,0.0,0.0,0.0,True,0.0
0.624,penalty,100000.0,0.0,0.5923585744756471,0.0,2.838388875255962,0.5923585744756471,0.0,0.0,0.0,0.0,True,0.0
0.625,penalty,100000.0,0.0,0.5951871533509031,0.0,2.828578875255962,0.5951871533509031,0.0,0.0,0.0,0.0,True,0.0
0.626,penalty,100000.0,0.0,0.5980059222261591,0.0,2.8187688752559623,0.5980059222261591,0.0,0.0,0.0,0.0,True,0.0
0.627,penalty,100000.0,0.0,0.6008148811014151,0.0,2.8089588752559624,0.6008148811014151,0.0,0.0,0.0,0.0,True,0.0
0.628,penalty,100000.0,0.0,0.6036140299766711,0.0,2.7991488752559626,0.6036140299766711,0.0,0.0,0.0,0.0,True,0.0
0.629,penalty,100000.0,0.0,0.6064033688519271,0.0,2.7893388752559627,0.6064033688519271,0.0,0.0,0.0,0.0,True,0.0
0.63,penalty,100000.0,0.0,0.6091828977271831,0.0,2.779528875255963,0.6091828977271831,0.0,0.0,0.0,0.0,True,0.0
0.631,penalty,100000.0,0.0,0.6119526166024392,0.0,2.769718875255963,0.6119526166024392,0.0,0.0,0.0,0.0,True,0.0
0.632,penalty,100000.0,0.0,0.6147125254776952,0.0,2.759908875255963,0.6147125254776952,0.0,0.0,0.0,0.0,True,0.0
0.633,penalty,100000.0,0.0,0.6174626243529512,0.0,2.750098875255963,0.6174626243529512,0.0,0.0,0.0,0.0,True,0.0
0.634,penalty,100000.0,0.0,0.6202029132282072,0.0,2.7402888752559633,0.6202029132282072,0.0,0.0,0.0,0.0,True,0.0
0.635,penalty,100000.0,0.0,0.6229333921034632,0.0,2.7304788752559634,0.6229333921034632,0.0,0.0,0.0,0.0,True,0.0
0.636,penalty,100000.0,0.0,0.6256540609787192,0.0,2.7206688752559636,0.6256540609787192,0.0,0.0,0.0,0.0,True,0.0
0.637,penalty,100000.0,0.0,0.6283649198539752,0.0,2.7108588752559637,0.6283649198539752,0.0,0.0,0.0,0.0,True,0.0
0.638,penalty,100000.0,0.0,0.6310659687292313,0.0,2.701048875255964,0.6310659687292313,0.0,0.0,0.0,0.0,True,0.0
0.639,penalty,100000.0,0.0,0.6337572076044873,0.0,2.691238875255964,0.6337572076044873,0.0,0.0,0.0,0.0,True,0.0
0.64,penalty,100000.0,0.0,0.6364386364797432,0.0,2.681428875255964,0.6364386364797432,0.0,0.0,0.0,0.0,True,0.0
0.641,penalty,100000.0,0.0,0.6391102553549991,0.0,2.671618875255964,0.6391102553549991,0.0,0.0,0.0,0.0,True,0.0
0.642,penalty,100000.0,0.0,0.641772064230255,0.0,2.6618088752559643,0.641772064230255,0.0,0.0,0.0,0.0,True,0.0
0.643,penalty,100000.0,0.0,0.6444240631055109,0.0,2.6519988752559644,0.6444240631055109,0.0,0.0,0.0,0.0,True,0.0
0.644,penalty,100000.0,0.0,0.6470662519807668,0.0,2.6421888752559646,0.6470662519807668,0.0,0.0,0.0,0.0,True,0.0
0.645,penalty,100000.0,0.0,0.6496986308560228,0.0,2.6323788752559647,0.6496986308560228,0.0,0.0,0.0,0.0,True,0.0
0.646,penalty,100000.0,0.0,0.6523211997312787,0.0,2.622568875255965,0.6523211997312787,0.0,0.0,0.0,0.0,True,0.0
0.647,penalty,100000.0,0.0,0.6549339586065346,0.0,2.612758875255965,0.6549339586065346,0.0,0.0,0.0,0.0,True,0.0
0.648,penalty,100000.0,0.0,0.6575369074817905,0.0,2.602948875255965,0.6575369074817905,0.0,0.0,0.0,0.0,True,0.0
0.649,penalty,100000.0,0.0,0.6601300463570464,0.0,2.593138875255965,0.6601300463570464,0.0,0.0,0.0,0.0,True,0.0
0.65,penalty,100000.0,0.0,0.6627133752323023,0.0,2.5833288752559653,0.6627133752323023,0.0,0.0,0.0,0.0,True,0.0
0.651,penalty,100000.0,0.0,0.6652868941075583,0.0,2.5735188752559655,0.6652868941075583,0.0,0.0,0.0,0.0,True,0.0
0.652,penalty,100000.0,0.0,0.6678506029828142,0.0,2.5637088752559656,0.6678506029828142,0.0,0.0,0.0,0.0,True,0.0
0.653,penalty,100000.0,0.0,0.6704045018580701,0.0,2.5538988752559657,0.6704045018580701,0.0,0.0,0.0,0.0,True,0.0
0.654,penalty,100000.0,0.0,0.672948590733326,0.0,2.544088875255966,0.672948590733326,0.0,0.0,0.0,0.0,True,0.0
0.655,penalty,100000.0,0.0,0.675482869608582,0.0,2.534278875255966,0.675482869608582,0.0,0.0,0.0,0.0,True,0.0
0.656,penalty,100000.0,0.0,0.6780073384838379,0.0,2.524468875255966,0.6780073384838379,0.0,0.0,0.0,0.0,True,0.0
0.657,penalty,100000.0,0.0,0.6805219973590938,0.0,2.514658875255966,0.6805219973590938,0.0,0.0,0.0,0.0,True,0.0
0.658,penalty,100000.0,0.0,0.6830268462343497,0.0,2.5048488752559663,0.6830268462343497,0.0,0.0,0.0,0.0,True,0.0
0.659,penalty,100000.0,0.0,0.6855218851096057,0.0,2.4950388752559665,0.6855218851096057,0.0,0.0,0.0,0.0,True,0.0
0.66,penalty,100000.0,0.0,0.6880071139848616,0.0,2.4852288752559666,0.6880071139848616,0.0,0.0,0.0,0.0,True,0.0
0.661,penalty,100000.0,0.0,0.6904825328601175,0.0,2.4754188752559667,0.6904825328601175,0.0,0.0,0.0,0.0,True,0.0
0.662,penalty,100000.0,0.0,0.6929481417353734,0.0,2.465608875255967,0.6929481417353734,0.0,0.0,0.0,0.0,True,0.0
0.663,penalty,100000.0,0.0,0.6954039406106294,0.0,2.455798875255967,0.6954039406106294,0.0,0.0,0.0,0.0,True,0.0
0.664,penalty,100000.0,0.0,0.6978499294858853,0.0,2.445988875255967,0.6978499294858853,0.0,0.0,0.0,0.0,True,0.0
0.665,penalty,100000.0,0.0,0.7002861083611412,0.0,2.436178875255967,0.7002861083611412,0.0,0.0,0.0,0.0,True,0.0
0.666,penalty,100000.0,0.0,0.7027124772363972,0.0,2.4263688752559673,0.7027124772363972,0.0,0.0,0.0,0.0,True,0.0
0.667,penalty,100000.0,0.0,0.7051290361116531,0.0,2.4165588752559675,0.7051290361116531,0.0,0.0,0.0,0.0,True,0.0
0.668,penalty,100000.0,0.0,0.707535784986909,0.0,2.4067488752559676,0.707535784986909,0.0,0.0,0.0,0.0,True,0.0
0.669,penalty,100000.0,0.0,0.709932723862165,0.0,2.3969388752559677,0.709932723862165,0.0,0.0,0.0,0.0,True,0.0
0.67,penalty,100000.0,0.0,0.7123198527374209,0.0,2.387128875255968,0.7123198527374209,0.0,0.0,0.0,0.0,True,0.0
0.671,penalty,100000.0,0.0,0.7146971716126769,0.0,2.377318875255968,0.7146971716126769,0.0,0.0,0.0,0.0,True,0.0
0.672,penalty,100000.0,0.0,0.7170646804879328,0.0,2.367508875255968,0.7170646804879328,0.0,0.0,0.0,0.0,True,0.0
0.673,penalty,100000.0,0.0,0.7194223793631888,0.0,2.357698875255968,0.7194223793631888,0.0,0.0,0.0,0.0,True,0.0
0.674,penalty,100000.0,0.0,0.7217702682384447,0.0,2.3478888752559683,0.7217702682384447,0.0,0.0,0.0,0.0,True,0.0
0.675,penalty,100000.0,0.0,0.7241083471137006,0.0,2.3380788752559685,0.7241083471137006,0.0,0.0,0.0,0.0,True,0.0
0.676,penalty,100000.0,0.0,0.7264366159889566,0.0,2.3282688752559686,0.7264366159889566,0.0,0.0,0.0,0.0,True,0.0
0.677,penalty,100000.0,0.0,0.7287550748642125,0.0,2.3184588752559687,0.7287550748642125,0.0,0.0,0.0,0.0,True,0.0
0.678,penalty,100000.0,0.0,0.7310637237394685,0.0,2.308648875255969,0.7310637237394685,0.0,0.0,0.0,0.0,True,0.0
0.679,penalty,100000.0,0.0,0.7333625626147244,0.0,2.298838875255969,0.7333625626147244,0.0,0.0,0.0,0.0,True,0.0
0.68,penalty,100000.0,0.0,0.7356515914899804,0.0,2.289028875255969,0.7356515914899804,0.0,0.0,0.0,0.0,True,0.0
0.681,penalty,100000.0,0.0,0.7379308103652363,0.0,2.2792188752559692,0.7379308103652363,0.0,0.0,0.0,0.0,True,0.0
0.682,penalty,100000.0,0.0,0.7402002192404923,0.0,2.2694088752559693,0.7402002192404923,0.0,0.0,0.0,0.0,True,0.0
0.683,penalty,100000.0,0.0,0.7424598181157482,0.0,2.2595988752559695,0.7424598181157482,0.0,0.0,0.0,0.0,True,0.0
0.684,penalty,100000.0,0.0,0.7447096069910042,0.0,2.2497888752559696,0.7447096069910042,0.0,0.0,0.0,0.0,True,0.0
0.685,penalty,100000.0,0.0,0.7469495858662601,0.0,2.2399788752559697,0.7469495858662601,0.0,0.0,0.0,0.0,True,0.0
0.686,penalty,100000.0,0.0,0.7491797547415161,0.0,2.23016887525597,0.7491797547415161,0.0,0.0,0.0,0.0,True,0.0
0.687,penalty,100000.0,0.0,0.7514001136167721,0.0,2.22035887525597,0.7514001136167721,0.0,0.0,0.0,0.0,True,0.0
0.6880000000000001,penalty,100000.0,0.0,0.753610662492028,0.0,2.21054887525597,0.753610662492028,0.0,0.0,0.0,0.0,True,0.0
0.6890000000000001,penalty,100000.0,0.0,0.755811401367284,0.0,2.2007388752559702,0.755811401367284,0.0,0.0,0.0,0.0,True,0.0
0.6900000000000001,penalty,100000.0,0.0,0.7580023302425399,0.0,2.1909288752559704,0.7580023302425399,0.0,0.0,0.0,0.0,True,0.0
0.6910000000000001,penalty,100000.0,0.0,0.7601834491177959,0.0,2.1811188752559705,0.7601834491177959,0.0,0.0,0.0,0.0,True,0.0
0.6920000000000001,penalty,100000.0,0.0,0.7623547579930519,0.0,2.1713088752559706,0.7623547579930519,0.0,0.0,0.0,0.0,True,0.0
0.6930000000000001,penalty,100000.0,0.0,0.7645162568683078,0.0,2.1614988752559707,0.7645162568683078,0.0,0.0,0.0,0.0,True,0.0
0.6940000000000001,penalty,100000.0,0.0,0.7666679457435638,0.0,2.151688875255971,0.7666679457435638,0.0,0.0,0.0,0.0,True,0.0
0.6950000000000001,penalty,100000.0,0.0,0.7688098246188197,0.0,2.141878875255971,0.7688098246188197,0.0,0.0,0.0,0.0,True,0.0
0.6960000000000001,penalty,100000.0,0.0,0.7709418934940757,0.0,2.132068875255971,0.7709418934940757,0.0,0.0,0.0,0.0,True,0.0
0.6970000000000001,penalty,100000.0,0.0,0.7730641523693317,0.0,2.1222588752559712,0.7730641523693317,0.0,0.0,0.0,0.0,True,0.0
0.6980000000000001,penalty,100000.0,0.0,0.7751766012445876,0.0,2.1124488752559714,0.7751766012445876,0.0,0.0,0.0,0.0,True,0.0
0.6990000000000001,penalty,100000.0,0.0,0.7772792401198436,0.0,2.1026388752559715,0.7772792401198436,0.0,0.0,0.0,0.0,True,0.0
0.7000000000000001,penalty,100000.0,0.0,0.7793720689950996,0.0,2.0928288752559716,0.7793720689950996,0.0,0.0,0.0,0.0,True,0.0
0.7010000000000001,penalty,100000.0,0.0,0.7814550878703556,0.0,2.0830188752559717,0.7814550878703556,0.0,0.0,0.0,0.0,True,0.0
0.7020000000000001,penalty,100000.0,0.0,0.7835282967456115,0.0,2.073208875255972,0.7835282967456115,0.0,0.0,0.0,0.0,True,0.0
0.7030000000000001,penalty,100000.0,0.0,0.7855916956208675,0.0,2.063398875255972,0.7855916956208675,0.0,0.0,0.0,0.0,True,0.0
0.704,penalty,100000.0,0.0,0.7876452844961235,0.0,2.053588875255972,0.7876452844961235,0.0,0.0,0.0,0.0,True,0.0
0.705,penalty,100000.0,0.0,0.7896890633713795,0.0,2.0437788752559722,0.7896890633713795,0.0,0.0,0.0,0.0,True,0.0
0.706,penalty,100000.0,0.0,0.7917230322466354,0.0,2.0339688752559724,0.7917230322466354,0.0,0.0,0.0,0.0,True,0.0
0.707,penalty,100000.0,0.0,0.7937471911218914,0.0,2.0241588752559725,0.7937471911218914,0.0,0.0,0.0,0.0,True,0.0
0.708,penalty,100000.0,0.0,0.7957615399971474,0.0,2.0143488752559726,0.7957615399971474,0.0,0.0,0.0,0.0,True,0.0
0.709,penalty,100000.0,0.0,0.7977660788724034,0.0,2.0045388752559727,0.7977660788724034,0.0,0.0,0.0,0.0,True,0.0
0.71,penalty,100000.0,0.0,0.7997608077476593,0.0,1.9947288752559726,0.7997608077476593,0.0,0.0,0.0,0.0,True,0.0
0.711,penalty,100000.0,0.0,0.8017457266229153,0.0,1.9849188752559725,0.8017457266229153,0.0,0.0,0.0,0.0,True,0.0
0.712,penalty,100000.0,0.0,0.8037208354981713,0.0,1.9751088752559725,0.8037208354981713,0.0,0.0,0.0,0.0,True,0.0
0.713,penalty,100000.0,0.0,0.8056861343734273,0.0,1.9652988752559724,0.8056861343734273,0.0,0.0,0.0,0.0,True,0.0
0.714,penalty,100000.0,0.0,0.8076416232486833,0.0,1.9554888752559723,0.8076416232486833,0.0,0.0,0.0,0.0,True,0.0
0.715,penalty,100000.0,0.0,0.8095873021239393,0.0,1.9456788752559722,0.8095873021239393,0.0,0.0,0.0,0.0,True,0.0
0.716,penalty,100000.0,0.0,0.8115231709991952,0.0,1.935868875255972,0.8115231709991952,0.0,0.0,0.0,0.0,True,0.0
0.717,penalty,100000.0,0.0,0.8134492298744512,0.0,1.926058875255972,0.8134492298744512,0.0,0.0,0.0,0.0,True,0.0
0.718,penalty,100000.0,0.0,0.8153654787497072,0.0,1.9162488752559719,0.8153654787497072,0.0,0.0,0.0,0.0,True,0.0
0.719,penalty,100000.0,0.0,0.8172719176249632,0.0,1.9064388752559718,0.8172719176249632,0.0,0.0,0.0,0.0,True,0.0
0.72,penalty,100000.0,0.0,0.8191685465002192,0.0,1.8966288752559717,0.8191685465002192,0.0,0.0,0.0,0.0,True,0.0
0.721,penalty,100000.0,0.0,0.8210553653754752,0.0,1.8868188752559716,0.8210553653754752,0.0,0.0,0.0,0.0,True,0.0
0.722,penalty,100000.0,0.0,0.8229323742507312,0.0,1.8770088752559715,0.8229323742507312,0.0,0.0,0.0,0.0,True,0.0
0.723,penalty,100000.0,0.0,0.8247995731259872,0.0,1.8671988752559714,0.8247995731259872,0.0,0.0,0.0,0.0,True,0.0
0.724,penalty,100000.0,0.0,0.8266569620012432,0.0,1.8573888752559713,0.8266569620012432,0.0,0.0,0.0,0.0,True,0.0
0.725,penalty,100000.0,0.0,0.8285045408764992,0.0,1.8475788752559712,0.8285045408764992,0.0,0.0,0.0,0.0,True,0.0
0.726,penalty,100000.0,0.0,0.8303423097517552,0.0,1.837768875255971,0.8303423097517552,0.0,0.0,0.0,0.0,True,0.0
0.727,penalty,100000.0,0.0,0.8321702686270112,0.0,1.827958875255971,0.8321702686270112,0.0,0.0,0.0,0.0,True,0.0
0.728,penalty,100000.0,0.0,0.8339884175022672,0.0,1.818148875255971,0.8339884175022672,0.0,0.0,0.0,0.0,True,0.0
0.729,penalty,100000.0,0.0,0.8357967563775232,0.0,1.8083388752559708,0.8357967563775232,0.0,0.0,0.0,0.0,True,0.0
0.73,penalty,100000.0,0.0,0.8375952852527792,0.0,1.7985288752559707,0.8375952852527792,0.0,0.0,0.0,0.0,True,0.0
0.731,penalty,100000.0,0.0,0.8393840041280352,0.0,1.7887188752559706,0.8393840041280352,0.0,0.0,0.0,0.0,True,0.0
0.732,penalty,100000.0,0.0,0.8411629130032912,0.0,1.7789088752559705,0.8411629130032912,0.0,0.0,0.0,0.0,True,0.0
0.733,penalty,100000.0,0.0,0.8429320118785472,0.0,1.7690988752559704,0.8429320118785472,0.0,0.0,0.0,0.0,True,0.0
0.734,penalty,100000.0,0.0,0.8446913007538032,0.0,1.7592888752559703,0.8446913007538032,0.0,0.0,0.0,0.0,True,0.0
0.735,penalty,100000.0,0.0,0.8464407796290592,0.0,1.7494788752559702,0.8464407796290592,0.0,0.0,0.0,0.0,True,0.0
0.736,penalty,100000.0,0.0,0.8481804485043152,0.0,1.7396688752559701,0.8481804485043152,0.0,0.0,0.0,0.0,True,0.0
0.737,penalty,100000.0,0.0,0.8499103073795712,0.0,1.72985887525597,0.8499103073795712,0.0,0.0,0.0,0.0,True,0.0
0.738,penalty,100000.0,0.0,0.8516303562548272,0.0,1.72004887525597,0.8516303562548272,0.0,0.0,0.0,0.0,True,0.0
0.739,penalty,100000.0,0.0,0.8533405951300832,0.0,1.7102388752559698,0.8533405951300832,0.0,0.0,0.0,0.0,True,0.0
0.74,penalty,100000.0,0.0,0.8550410240053392,0.0,1.7004288752559698,0.8550410240053392,0.0,0.0,0.0,0.0,True,0.0
0.741,penalty,100000.0,0.0,0.8567316428805952,0.0,1.6906188752559697,0.8567316428805952,0.0,0.0,0.0,0.0,True,0.0
0.742,penalty,100000.0,0.0,0.8584124517558512,0.0,1.6808088752559696,0.8584124517558512,0.0,0.0,0.0,0.0,True,0.0
0.743,penalty,100000.0,0.0,0.8600834506311072,0.0,1.6709988752559695,0.8600834506311072,0.0,0.0,0.0,0.0,True,0.0
0.744,penalty,100000.0,0.0,0.8617446395063633,0.0,1.6611888752559694,0.8617446395063633,0.0,0.0,0.0,0.0,True,0.0
0.745,penalty,100000.0,0.0,0.8633960183816193,0.0,1.6513788752559693,0.8633960183816193,0.0,0.0,0.0,0.0,True,0.0
0.746,penalty,100000.0,0.0,0.8650375872568753,0.0,1.6415688752559692,0.8650375872568753,0.0,0.0,0.0,0.0,True,0.0
0.747,penalty,100000.0,0.0,0.8666693461321313,0.0,1.631758875255969,0.8666693461321313,0.0,0.0,0.0,0.0,True,0.0
0.748,penalty,100000.0,0.0,0.8682912950073873,0.0,1.621948875255969,0.8682912950073873,0.0,0.0,0.0,0.0,True,0.0
0.749,penalty,100000.0,0.0,0.8699034338826434,0.0,1.6121388752559689,0.8699034338826434,0.0,0.0,0.0,0.0,True,0.0
0.75,penalty,100000.0,0.0,0.8715057627578994,0.0,1.6023288752559688,0.8715057627578994,0.0,0.0,0.0,0.0,True,0.0
0.751,penalty,100000.0,0.0,0.8730982816331554,0.0,1.5925188752559687,0.8730982816331554,0.0,0.0,0.0,0.0,True,0.0
0.752,penalty,100000.0,0.0,0.8746809905084114,0.0,1.5827088752559686,0.8746809905084114,0.0,0.0,0.0,0.0,True,0.0
0.753,penalty,100000.0,0.0,0.8762538893836674,0.0,1.5728988752559685,0.8762538893836674,0.0,0.0,0.0,0.0,True,0.0
0.754,penalty,100000.0,0.0,0.8778169782589234,0.0,1.5630888752559684,0.8778169782589234,0.0,0.0,0.0,0.0,True,0.0
0.755,penalty,100000.0,0.0,0.8793702571341793,0.0,1.5532788752559683,0.8793702571341793,0.0,0.0,0.0,0.0,True,0.0
0.756,penalty,100000.0,0.0,0.8809137260094352,0.0,1.5434688752559682,0.8809137260094352,0.0,0.0,0.0,0.0,True,0.0
0.757,penalty,100000.0,0.0,0.8824473848846911,0.0,1.5336588752559681,0.8824473848846911,0.0,0.0,0.0,0.0,True,0.0
0.758,penalty,100000.0,0.0,0.883971233759947,0.0,1.523848875255968,0.883971233759947,0.0,0.0,0.0,0.0,True,0.0
0.759,penalty,100000.0,0.0,0.8854852726352029,0.0,1.514038875255968,0.8854852726352029,0.0,0.0,0.0,0.0,True,0.0
0.76,penalty,100000.0,0.0,0.8869895015104589,0.0,1.5042288752559678,0.8869895015104589,0.0,0.0,0.0,0.0,True,0.0
0.761,penalty,100000.0,0.0,0.8884839203857148,0.0,1.4944188752559677,0.8884839203857148,0.0,0.0,0.0,0.0,True,0.0
0.762,penalty,100000.0,0.0,0.8899685292609707,0.0,1.4846088752559676,0.8899685292609707,0.0,0.0,0.0,0.0,True,0.0
0.763,penalty,100000.0,0.0,0.8914433281362266,0.0,1.4747988752559675,0.8914433281362266,0.0,0.0,0.0,0.0,True,0.0
0.764,penalty,100000.0,0.0,0.8929083170114825,0.0,1.4649888752559674,0.8929083170114825,0.0,0.0,0.0,0.0,True,0.0
0.765,penalty,100000.0,0.0,0.8943634958867385,0.0,1.4551788752559673,0.8943634958867385,0.0,0.0,0.0,0.0,True,0.0
0.766,penalty,100000.0,0.0,0.8958088647619944,0.0,1.4453688752559672,0.8958088647619944,0.0,0.0,0.0,0.0,True,0.0
0.767,penalty,100000.0,0.0,0.8972444236372503,0.0,1.4355588752559671,0.8972444236372503,0.0,0.0,0.0,0.0,True,0.0
0.768,penalty,100000.0,0.0,0.8986701725125062,0.0,1.425748875255967,0.8986701725125062,0.0,0.0,0.0,0.0,True,0.0
0.769,penalty,100000.0,0.0,0.9000861113877622,0.0,1.415938875255967,0.9000861113877622,0.0,0.0,0.0,0.0,True,0.0
0.77,penalty,100000.0,0.0,0.9014922402630181,0.0,1.4061288752559669,0.9014922402630181,0.0,0.0,0.0,0.0,True,0.0
0.771,penalty,100000.0,0.0,0.902888559138274,0.0,1.3963188752559668,0.902888559138274,0.0,0.0,0.0,0.0,True,0.0
0.772,penalty,100000.0,0.0,0.90427506801353,0.0,1.3865088752559667,0.90427506801353,0.0,0.0,0.0,0.0,True,0.0
0.773,penalty,100000.0,0.0,0.9056517668887859,0.0,1.3766988752559666,0.9056517668887859,0.0,0.0,0.0,0.0,True,0.0
0.774,penalty,100000.0,0.0,0.9070186557640418,0.0,1.3668888752559665,0.9070186557640418,0.0,0.0,0.0,0.0,True,0.0
0.775,penalty,100000.0,0.0,0.9083757346392978,0.0,1.3570788752559664,0.9083757346392978,0.0,0.0,0.0,0.0,True,0.0
0.776,penalty,100000.0,0.0,0.9097230035145537,0.0,1.3472688752559663,0.9097230035145537,0.0,0.0,0.0,0.0,True,0.0
0.777,penalty,100000.0,0.0,0.9110604623898096,0.0,1.3374588752559662,0.9110604623898096,0.0,0.0,0.0,0.0,True,0.0
0.778,penalty,100000.0,0.0,0.9123881112650656,0.0,1.327648875255966,0.9123881112650656,0.0,0.0,0.0,0.0,True,0.0
0.779,penalty,100000.0,0.0,0.9137059501403215,0.0,1.317838875255966,0.9137059501403215,0.0,0.0,0.0,0.0,True,0.0
0.78,penalty,100000.0,0.0,0.9150139790155775,0.0,1.308028875255966,0.9150139790155775,0.0,0.0,0.0,0.0,True,0.0
0.781,penalty,100000.0,0.0,0.9163121978908334,0.0,1.2982188752559658,0.9163121978908334,0.0,0.0,0.0,0.0,True,0.0
0.782,penalty,100000.0,0.0,0.9176006067660893,0.0,1.2884088752559657,0.9176006067660893,0.0,0.0,0.0,0.0,True,0.0
0.783,penalty,100000.0,0.0,0.9188792056413453,0.0,1.2785988752559656,0.9188792056413453,0.0,0.0,0.0,0.0,True,0.0
0.784,penalty,100000.0,0.0,0.9201479945166012,0.0,1.2687888752559655,0.9201479945166012,0.0,0.0,0.0,0.0,True,0.0
0.785,penalty,100000.0,0.0,0.9214069733918572,0.0,1.2589788752559654,0.9214069733918572,0.0,0.0,0.0,0.0,True,0.0
0.786,penalty,100000.0,0.0,0.9226561422671131,0.0,1.2491688752559653,0.9226561422671131,0.0,0.0,0.0,0.0,True,0.0
0.787,penalty,100000.0,0.0,0.9238955011423691,0.0,1.2393588752559652,0.9238955011423691,0.0,0.0,0.0,0.0,True,0.0
0.788,penalty,100000.0,0.0,0.925125050017625,0.0,1.2295488752559651,0.925125050017625,0.0,0.0,0.0,0.0,True,0.0
0.789,penalty,100000.0,0.0,0.926344788892881,0.0,1.219738875255965,0.926344788892881,0.0,0.0,0.0,0.0,True,0.0
0.79,penalty,100000.0,0.0,0.9275547177681369,0.0,1.209928875255965,0.9275547177681369,0.0,0.0,0.0,0.0,True,0.0
0.791,penalty,100000.0,0.0,0.9287548366433929,0.0,1.2001188752559648,0.9287548366433929,0.0,0.0,0.0,0.0,True,0.0
0.792,penalty,100000.0,0.0,0.9299451455186488,0.0,1.1903088752559647,0.9299451455186488,0.0,0.0,0.0,0.0,True,0.0
0.793,penalty,100000.0,0.0,0.9311256443939048,0.0,1.1804988752559646,0.9311256443939048,0.0,0.0,0.0,0.0,True,0.0
0.794,penalty,100000.0,0.0,0.9322963332691607,0.0,1.1706888752559645,0.9322963332691607,0.0,0.0,0.0,0.0,True,0.0
0.795,penalty,100000.0,0.0,0.9334572121444167,0.0,1.1608788752559644,0.9334572121444167,0.0,0.0,0.0,0.0,True,0.0
0.796,penalty,100000.0,0.0,0.9346082810196726,0.0,1.1510688752559644,0.9346082810196726,0.0,0.0,0.0,0.0,True,0.0
0.797,penalty,100000.0,0.0,0.9357495398949286,0.0,1.1412588752559643,0.9357495398949286,0.0,0.0,0.0,0.0,True,0.0
0.798,penalty,100000.0,0.0,0.9368809887701846,0.0,1.1314488752559642,0.9368809887701846,0.0,0.0,0.0,0.0,True,0.0
0.799,penalty,100000.0,0.0,0.9380026276454405,0.0,1.121638875255964,0.9380026276454405,0.0,0.0,0.0,0.0,True,0.0
0.8,penalty,100000.0,0.0,0.9391144565206965,0.0,1.111828875255964,0.9391144565206965,0.0,0.0,0.0,0.0,True,0.0
0.801,penalty,100000.0,0.0,0.9402164753959524,0.0,1.1020188752559639,0.9402164753959524,0.0,0.0,0.0,0.0,True,0.0
0.802,penalty,100000.0,0.0,0.9413086842712084,0.0,1.0922088752559638,0.9413086842712084,0.0,0.0,0.0,0.0,True,0.0
0.803,penalty,100000.0,0.0,0.9423910831464644,0.0,1.0823988752559637,0.9423910831464644,0.0,0.0,0.0,0.0,True,0.0
0.804,penalty,100000.0,0.0,0.9434636720217203,0.0,1.0725888752559636,0.9434636720217203,0.0,0.0,0.0,0.0,True,0.0
0.805,penalty,100000.0,0.0,0.9445264508969763,0.0,1.0627788752559635,0.9445264508969763,0.0,0.0,0.0,0.0,True,0.0
0.806,penalty,100000.0,0.0,0.9455794197722323,0.0,1.0529688752559634,0.9455794197722323,0.0,0.0,0.0,0.0,True,0.0
0.807,penalty,100000.0,0.0,0.9466225786474882,0.0,1.0431588752559633,0.9466225786474882,0.0,0.0,0.0,0.0,True,0.0
0.808,penalty,100000.0,0.0,0.9476559275227442,0.0,1.0333488752559632,0.9476559275227442,0.0,0.0,0.0,0.0,True,0.0
0.809,penalty,100000.0,0.0,0.9486794663980002,0.0,1.023538875255963,0.9486794663980002,0.0,0.0,0.0,0.0,True,0.0
0.81,penalty,100000.0,0.0,0.9496931952732561,0.0,1.013728875255963,0.9496931952732561,0.0,0.0,0.0,0.0,True,0.0
0.811,penalty,100000.0,0.0,0.9506971141485121,0.0,1.003918875255963,0.9506971141485121,0.0,0.0,0.0,0.0,True,0.0
0.812,penalty,100000.0,0.0,0.9516912230237681,0.0,0.9941088752559629,0.9516912230237681,0.0,0.0,0.0,0.0,True,0.0
0.8130000000000001,penalty,100000.0,0.0,0.952675521899024,0.0,0.9842988752559629,0.952675521899024,0.0,0.0,0.0,0.0,True,0.0
0.8140000000000001,penalty,100000.0,0.0,0.95365001077428,0.0,0.974488875255963,0.95365001077428,0.0,0.0,0.0,0.0,True,0.0
0.8150000000000001,penalty,100000.0,0.0,0.954614689649536,0.0,0.964678875255963,0.954614689649536,0.0,0.0,0.0,0.0,True,0.0
0.8160000000000001,penalty,100000.0,0.0,0.955569558524792,0.0,0.954868875255963,0.955569558524792,0.0,0.0,0.0,0.0,True,0.0
0.8170000000000001,penalty,100000.0,0.0,0.956514617400048,0.0,0.945058875255963,0.956514617400048,0.0,0.0,0.0,0.0,True,0.0
0.8180000000000001,penalty,100000.0,0.0,0.9574498662753039,0.0,0.935248875255963,0.9574498662753039,0.0,0.0,0.0,0.0,True,0.0
0.8190000000000001,penalty,100000.0,0.0,0.9583753051505599,0.0,0.925438875255963,0.9583753051505599,0.0,0.0,0.0,0.0,True,0.0
0.8200000000000001,penalty,100000.0,0.0,0.9592909340258159,0.0,0.915628875255963,0.9592909340258159,0.0,0.0,0.0,0.0,True,0.0
0.8210000000000001,penalty,100000.0,0.0,0.9601967529010719,0.0,0.905818875255963,0.9601967529010719,0.0,0.0,0.0,0.0,True,0.0
0.8220000000000001,penalty,100000.0,0.0,0.9610927617763279,0.0,0.8960088752559631,0.9610927617763279,0.0,0.0,0.0,0.0,True,0.0
0.8230000000000001,penalty,100000.0,0.0,0.9619789606515838,0.0,0.8861988752559631,0.9619789606515838,0.0,0.0,0.0,0.0,True,0.0
0.8240000000000001,penalty,100000.0,0.0,0.9628553495268398,0.0,0.8763888752559631,0.9628553495268398,0.0,0.0,0.0,0.0,True,0.0
0.8250000000000001,penalty,100000.0,0.0,0.9637219284020958,0.0,0.8665788752559631,0.9637219284020958,0.0,0.0,0.0,0.0,True,0.0
0.8260000000000001,penalty,100000.0,0.0,0.9645786972773518,0.0,0.8567688752559631,0.9645786972773518,0.0,0.0,0.0,0.0,True,0.0
0.8270000000000001,penalty,100000.0,0.0,0.9654256561526078,0.0,0.8469588752559631,0.9654256561526078,0.0,0.0,0.0,0.0,True,0.0
0.8280000000000001,penalty,100000.0,0.0,0.9662628050278638,0.0,0.8371488752559632,0.9662628050278638,0.0,0.0,0.0,0.0,True,0.0
0.8290000000000001,penalty,100000.0,0.0,0.9670901439031198,0.0,0.8273388752559632,0.9670901439031198,0.0,0.0,0.0,0.0,True,0.0
0.8300000000000001,penalty,100000.0,0.0,0.9679076727783757,0.0,0.8175288752559632,0.9679076727783757,0.0,0.0,0.0,0.0,True,0.0
0.8310000000000001,penalty,100000.0,0.0,0.9687153916536317,0.0,0.8077188752559632,0.9687153916536317,0.0,0.0,0.0,0.0,True,0.0
0.8320000000000001,penalty,100000.0,0.0,0.9695133005288877,0.0,0.7979088752559632,0.9695133005288877,0.0,0.0,0.0,0.0,True,0.0
0.833,penalty,100000.0,0.0,0.9703013994041437,0.0,0.7880988752559632,0.9703013994041437,0.0,0.0,0.0,0.0,True,0.0
0.834,penalty,100000.0,0.0,0.9710796882793997,0.0,0.7782888752559632,0.9710796882793997,0.0,0.0,0.0,0.0,True,0.0
0.835,penalty,100000.0,0.0,0.9718481671546557,0.0,0.7684788752559633,0.9718481671546557,0.0,0.0,0.0,0.0,True,0.0
0.836,penalty,100000.0,0.0,0.9726068360299117,0.0,0.7586688752559633,0.9726068360299117,0.0,0.0,0.0,0.0,True,0.0
0.837,penalty,100000.0,0.0,0.9733556949051677,0.0,0.7488588752559633,0.9733556949051677,0.0,0.0,0.0,0.0,True,0.0
0.838,penalty,100000.0,0.0,0.9740947437804237,0.0,0.7390488752559633,0.9740947437804237,0.0,0.0,0.0,0.0,True,0.0
0.839,penalty,100000.0,0.0,0.9748239826556797,0.0,0.7292388752559633,0.9748239826556797,0.0,0.0,0.0,0.0,True,0.0
0.84,penalty,100000.0,0.0,0.9755434115309357,0.0,0.7194288752559633,0.9755434115309357,0.0,0.0,0.0,0.0,True,0.0
0.841,penalty,100000.0,0.0,0.9762530304061917,0.0,0.7096188752559633,0.9762530304061917,0.0,0.0,0.0,0.0,True,0.0
0.842,penalty,100000.0,0.0,0.9769528392814477,0.0,0.6998088752559634,0.9769528392814477,0.0,0.0,0.0,0.0,True,0.0
0.843,penalty,100000.0,0.0,0.9776428381567037,0.0,0.6899988752559634,0.9776428381567037,0.0,0.0,0.0,0.0,True,0.0
0.844,penalty,100000.0,0.0,0.9783230270319597,0.0,0.6801888752559634,0.9783230270319597,0.0,0.0,0.0,0.0,True,0.0
0.845,penalty,100000.0,0.0,0.9789934059072157,0.0,0.6703788752559634,0.9789934059072157,0.0,0.0,0.0,0.0,True,0.0
0.846,penalty,100000.0,0.0,0.9796539747824717,0.0,0.6605688752559634,0.9796539747824717,0.0,0.0,0.0,0.0,True,0.0
0.847,penalty,100000.0,0.0,0.9803047336577277,0.0,0.6507588752559634,0.9803047336577277,0.0,0.0,0.0,0.0,True,0.0
0.848,penalty,100000.0,0.0,0.9809456825329838,0.0,0.6409488752559634,0.9809456825329838,0.0,0.0,0.0,0.0,True,0.0
0.849,penalty,100000.0,0.0,0.9815768214082398,0.0,0.6311388752559635,0.9815768214082398,0.0,0.0,0.0,0.0,True,0.0
0.85,penalty,100000.0,0.0,0.9821981502834958,0.0,0.6213288752559635,0.9821981502834958,0.0,0.0,0.0,0.0,True,0.0
0.851,penalty,100000.0,0.0,0.9828096691587518,0.0,0.6115188752559635,0.9828096691587518,0.0,0.0,0.0,0.0,True,0.0
0.852,penalty,100000.0,0.0,0.9834113780340078,0.0,0.6017088752559635,0.9834113780340078,0.0,0.0,0.0,0.0,True,0.0
0.853,penalty,100000.0,0.0,0.9840032769092638,0.0,0.5918988752559635,0.9840032769092638,0.0,0.0,0.0,0.0,True,0.0
0.854,penalty,100000.0,0.0,0.9845853657845198,0.0,0.5820888752559635,0.9845853657845198,0.0,0.0,0.0,0.0,True,0.0
0.855,penalty,100000.0,0.0,0.9851576446597758,0.0,0.5722788752559635,0.9851576446597758,0.0,0.0,0.0,0.0,True,0.0
0.856,penalty,100000.0,0.0,0.9857201135350319,0.0,0.5624688752559636,0.9857201135350319,0.0,0.0,0.0,0.0,True,0.0
0.857,penalty,100000.0,0.0,0.9862727724102879,0.0,0.5526588752559636,0.9862727724102879,0.0,0.0,0.0,0.0,True,0.0
0.858,penalty,100000.0,0.0,0.9868156212855439,0.0,0.5428488752559636,0.9868156212855439,0.0,0.0,0.0,0.0,True,0.0
0.859,penalty,100000.0,0.0,0.9873486601607998,0.0,0.5330388752559636,0.9873486601607998,0.0,0.0,0.0,0.0,True,0.0
0.86,penalty,100000.0,0.0,0.9878718890360557,0.0,0.5232288752559636,0.9878718890360557,0.0,0.0,0.0,0.0,True,0.0
0.861,penalty,100000.0,0.0,0.9883853079113116,0.0,0.5134188752559636,0.9883853079113116,0.0,0.0,0.0,0.0,True,0.0
0.862,penalty,100000.0,0.0,0.9888889167865675,0.0,0.5036088752559637,0.9888889167865675,0.0,0.0,0.0,0.0,True,0.0
0.863,penalty,100000.0,0.0,0.9893827156618235,0.0,0.49379887525596367,0.9893827156618235,0.0,0.0,0.0,0.0,True,0.0
0.864,penalty,100000.0,0.0,0.9898667045370794,0.0,0.4839888752559637,0.9898667045370794,0.0,0.0,0.0,0.0,True,0.0
0.865,penalty,100000.0,0.0,0.9903408834123353,0.0,0.4741788752559637,0.9903408834123353,0.0,0.0,0.0,0.0,True,0.0
0.866,penalty,100000.0,0.0,0.9908052522875912,0.0,0.4643688752559637,0.9908052522875912,0.0,0.0,0.0,0.0,True,0.0
0.867,penalty,100000.0,0.0,0.9912598111628471,0.0,0.4545588752559637,0.9912598111628471,0.0,0.0,0.0,0.0,True,0.0
0.868,penalty,100000.0,0.0,0.991704560038103,0.0,0.44474887525596374,0.991704560038103,0.0,0.0,0.0,0.0,True,0.0
0.869,penalty,100000.0,0.0,0.992139498913359,0.0,0.43493887525596375,0.992139498913359,0.0,0.0,0.0,0.0,True,0.0
0.87,penalty,100000.0,0.0,0.9925646277886149,0.0,0.42512887525596377,0.9925646277886149,0.0,0.0,0.0,0.0,True,0.0
0.871,penalty,100000.0,0.0,0.9929799466638708,0.0,0.4153188752559638,0.9929799466638708,0.0,0.0,0.0,0.0,True,0.0
0.872,penalty,100000.0,0.0,0.9933854555391267,0.0,0.4055088752559638,0.9933854555391267,0.0,0.0,0.0,0.0,True,0.0
0.873,penalty,100000.0,0.0,0.9937811544143826,0.0,0.3956988752559638,0.9937811544143826,0.0,0.0,0.0,0.0,True,0.0
0.874,penalty,100000.0,0.0,0.9941670432896386,0.0,0.3858888752559638,0.9941670432896386,0.0,0.0,0.0,0.0,True,0.0
0.875,penalty,100000.0,0.0,0.9945431221648945,0.0,0.37607887525596384,0.9945431221648945,0.0,0.0,0.0,0.0,True,0.0
0.876,penalty,100000.0,0.0,0.9949093910401504,0.0,0.36626887525596385,0.9949093910401504,0.0,0.0,0.0,0.0,True,0.0
0.877,penalty,100000.0,0.0,0.9952658499154063,0.0,0.35645887525596387,0.9952658499154063,0.0,0.0,0.0,0.0,True,0.0
0.878,penalty,100000.0,0.0,0.9956124987906623,0.0,0.3466488752559639,0.9956124987906623,0.0,0.0,0.0,0.0,True,0.0
0.879,penalty,100000.0,0.0,0.9959493376659182,0.0,0.3368388752559639,0.9959493376659182,0.0,0.0,0.0,0.0,True,0.0
0.88,penalty,100000.0,0.0,0.9962763665411741,0.0,0.3270288752559639,0.9962763665411741,0.0,0.0,0.0,0.0,True,0.0
0.881,penalty,100000.0,0.0,0.9965935854164301,0.0,0.31721887525596393,0.9965935854164301,0.0,0.0,0.0,0.0,True,0.0
0.882,penalty,100000.0,0.0,0.996900994291686,0.0,0.30740887525596394,0.996900994291686,0.0,0.0,0.0,0.0,True,0.0
0.883,penalty,100000.0,0.0,0.9971985931669419,0.0,0.29759887525596396,0.9971985931669419,0.0,0.0,0.0,0.0,True,0.0
0.884,penalty,100000.0,0.0,0.9974863820421979,0.0,0.28778887525596397,0.9974863820421979,0.0,0.0,0.0,0.0,True,0.0
0.885,penalty,100000.0,0.0,0.9977643609174538,0.0,0.277978875255964,0.9977643609174538,0.0,0.0,0.0,0.0,True,0.0
0.886,penalty,100000.0,0.0,0.9980325297927097,0.0,0.268168875255964,0.9980325297927097,0.0,0.0,0.0,0.0,True,0.0
0.887,penalty,100000.0,0.0,0.9982908886679657,0.0,0.258358875255964,0.9982908886679657,0.0,0.0,0.0,0.0,True,0.0
0.888,penalty,100000.0,0.0,0.9985394375432216,0.0,0.248548875255964,0.9985394375432216,0.0,0.0,0.0,0.0,True,0.0
0.889,penalty,100000.0,0.0,0.9987781764184775,0.0,0.238738875255964,0.9987781764184775,0.0,0.0,0.0,0.0,True,0.0
0.89,penalty,100000.0,0.0,0.9990071052937335,0.0,0.22892887525596398,0.9990071052937335,0.0,0.0,0.0,0.0,True,0.0
0.891,penalty,100000.0,0.0,0.9992262241689894,0.0,0.21911887525596396,0.9992262241689894,0.0,0.0,0.0,0.0,True,0.0
0.892,penalty,100000.0,0.0,0.9994355330442454,0.0,0.20930887525596395,0.9994355330442454,0.0,0.0,0.0,0.0,True,0.0
0.893,penalty,100000.0,0.0,0.9996350319195013,0.0,0.19949887525596394,0.9996350319195013,0.0,0.0,0.0,0.0,True,0.0
0.894,penalty,100000.0,0.0,0.9998247207947573,0.0,0.18968887525596392,0.9998247207947573,0.0,0.0,0.0,0.0,True,0.0
0.895,penalty,100000.0,0.0,1.0000045996700133,0.0,0.1798788752559639,1.0000045996700133,0.0,0.0,0.0,0.0,True,0.0
0.896,penalty,100000.0,0.0,1.0001746685452693,0.0,0.1700688752559639,1.0001746685452693,0.0,0.0,0.0,0.0,True,0.0
0.897,penalty,100000.0,0.0,1.0003349274205253,0.0,0.16025887525596388,1.0003349274205253,0.0,0.0,0.0,0.0,True,0.0
0.898,penalty,100000.0,0.0,1.0004853762957813,0.0,0.15044887525596387,1.0004853762957813,0.0,0.0,0.0,0.0,True,0.0
0.899,penalty,100000.0,0.0,1.0006260151710373,0.0,0.14063887525596386,1.0006260151710373,0.0,0.0,0.0,0.0,True,0.0
0.9,penalty,100000.0,0.0,1.0007568440462933,0.0,0.13082887525596384,1.0007568440462933,0.0,0.0,0.0,0.0,True,0.0
0.901,penalty,100000.0,0.0,1.0008778629215493,0.0,0.12101887525596385,1.0008778629215493,0.0,0.0,0.0,0.0,True,0.0
0.902,penalty,100000.0,0.0,1.0009890717968053,0.0,0.11120887525596385,1.0009890717968053,0.0,0.0,0.0,0.0,True,0.0
0.903,penalty,100000.0,0.0,1.0010904706720614,0.0,0.10139887525596385,1.0010904706720614,0.0,0.0,0.0,0.0,True,0.0
0.904,penalty,100000.0,0.0,1.0011820595473173,0.0,0.09158887525596385,1.0011820595473173,0.0,0.0,0.0,0.0,True,0.0
0.905,penalty,100000.0,0.0,1.0012638384225734,0.0,0.08177887525596385,1.0012638384225734,0.0,0.0,0.0,0.0,True,0.0
0.906,penalty,100000.0,0.0,1.0013358072978293,0.0,0.07196887525596385,1.0013358072978293,0.0,0.0,0.0,0.0,True,0.0
0.907,penalty,100000.0,0.0,1.0013979661730854,0.0,0.06215887525596385,1.0013979661730854,0.0,0.0,0.0,0.0,True,0.0
0.908,penalty,100000.0,0.0,1.0014503150483414,0.0,0.05234887525596385,1.0014503150483414,0.0,0.0,0.0,0.0,True,0.0
0.909,penalty,100000.0,0.0,1.0014928539235974,0.0,0.04253887525596385,1.0014928539235974,0.0,0.0,0.0,0.0,True,0.0
0.91,penalty,100000.0,0.0,1.0015255827988534,0.0,0.03272887525596385,1.0015255827988534,0.0,0.0,0.0,0.0,True,0.0
0.911,penalty,100000.0,0.0,1.0015485016741095,0.0,0.022918875255963853,1.0015485016741095,0.0,0.0,0.0,0.0,True,0.0
0.912,penalty,100000.0,0.0,1.0015616105493654,0.0,0.013108875255963852,1.0015616105493654,0.0,0.0,0.0,0.0,True,0.0
0.913,penalty,100000.0,0.0,1.0015649094246215,0.0,0.0032988752559638505,1.0015649094246215,0.0,0.0,0.0,0.0,True,0.0
0.914,penalty,100000.0,0.0,1.0015583982998775,0.0,-0.0065111247440361505,1.0015583982998775,0.0,0.0,0.0,0.0,True,0.0
0.915,penalty,100000.0,0.0,1.0015420771751333,0.0,-0.01632112474403615,1.0015420771751333,0.0,0.0,0.0,0.0,True,0.0
0.916,penalty,100000.0,0.0,1.0015159460503893,0.0,-0.02613112474403615,1.0015159460503893,0.0,0.0,0.0,0.0,True,0.0
0.917,penalty,100000.0,0.0,1.0014800049256452,0.0,-0.03594112474403615,1.0014800049256452,0.0,0.0,0.0,0.0,True,0.0
0.918,penalty,100000.0,0.0,1.0014342538009011,0.0,-0.04575112474403615,1.0014342538009011,0.0,0.0,0.0,0.0,True,0.0
0.919,penalty,100000.0,0.0,1.001378692676157,0.0,-0.05556112474403615,1.001378692676157,0.0,0.0,0.0,0.0,True,0.0
0.92,penalty,100000.0,0.0,1.001313321551413,0.0,-0.06537112474403615,1.001313321551413,0.0,0.0,0.0,0.0,True,0.0
0.921,penalty,100000.0,0.0,1.0012381404266688,0.0,-0.07518112474403615,1.0012381404266688,0.0,0.0,0.0,0.0,True,0.0
0.922,penalty,100000.0,0.0,1.0011531493019248,0.0,-0.08499112474403615,1.0011531493019248,0.0,0.0,0.0,0.0,True,0.0
0.923,penalty,100000.0,0.0,1.0010583481771806,0.0,-0.09480112474403615,1.0010583481771806,0.0,0.0,0.0,0.0,True,0.0
0.924,penalty,100000.0,0.0,1.0009537370524366,0.0,-0.10461112474403615,1.0009537370524366,0.0,0.0,0.0,0.0,True,0.0
0.925,penalty,100000.0,0.0,1.0008393159276925,0.0,-0.11442112474403615,1.0008393159276925,0.0,0.0,0.0,0.0,True,0.0
0.926,penalty,100000.0,0.0,1.0007150848029485,0.0,-0.12423112474403615,1.0007150848029485,0.0,0.0,0.0,0.0,True,0.0
0.927,penalty,100000.0,0.0,1.0005810436782043,0.0,-0.13404112474403615,1.0005810436782043,0.0,0.0,0.0,0.0,True,0.0
0.928,penalty,100000.0,0.0,1.0004371925534603,0.0,-0.14385112474403616,1.0004371925534603,0.0,0.0,0.0,0.0,True,0.0
0.929,penalty,100000.0,0.0,1.0002835314287162,0.0,-0.15366112474403618,1.0002835314287162,0.0,0.0,0.0,0.0,True,0.0
0.93,penalty,100000.0,0.0,1.0001200603039722,0.0,-0.1634711247440362,1.0001200603039722,0.0,0.0,0.0,0.0,True,0.0
0.931,penalty,100000.0,0.0,0.9999467791792281,0.0,-0.1732811247440362,0.9999467791792281,0.0,0.0,0.0,0.0,True,0.0
0.932,penalty,100000.0,0.0,0.9997636880544841,0.0,-0.18309112474403622,0.9997636880544841,0.0,0.0,0.0,0.0,True,0.0
0.933,penalty,100000.0,0.0,0.9995707869297401,0.0,-0.19290112474403623,0.9995707869297401,0.0,0.0,0.0,0.0,True,0.0
0.934,penalty,100000.0,0.0,0.9993680758049961,0.0,-0.20271112474403624,0.9993680758049961,0.0,0.0,0.0,0.0,True,0.0
0.935,penalty,100000.0,0.0,0.9991555546802521,0.0,-0.21252112474403625,0.9991555546802521,0.0,0.0,0.0,0.0,True,0.0
0.936,penalty,100000.0,0.0,0.9989332235555081,0.0,-0.22233112474403627,0.9989332235555081,0.0,0.0,0.0,0.0,True,0.0
0.937,penalty,100000.0,0.0,0.998701082430764,0.0,-0.23214112474403628,0.998701082430764,0.0,0.0,0.0,0.0,True,0.0
0.9380000000000001,penalty,100000.0,0.0,0.99845913130602,0.0,-0.2419511247440363,0.99845913130602,0.0,0.0,0.0,0.0,True,0.0
0.9390000000000001,penalty,100000.0,0.0,0.998207370181276,0.0,-0.2517611247440363,0.998207370181276,0.0,0.0,0.0,0.0,True,0.0
0.9400000000000001,penalty,100000.0,0.0,0.997945799056532,0.0,-0.26157112474403627,0.997945799056532,0.0,0.0,0.0,0.0,True,0.0
0.9410000000000001,penalty,100000.0,0.0,0.997674417931788,0.0,-0.27138112474403625,0.997674417931788,0.0,0.0,0.0,0.0,True,0.0
0.9420000000000001,penalty,100000.0,0.0,0.997393226807044,0.0,-0.28119112474403624,0.997393226807044,0.0,0.0,0.0,0.0,True,0.0
0.9430000000000001,penalty,100000.0,0.0,0.9971022256823,0.0,-0.2910011247440362,0.9971022256823,0.0,0.0,0.0,0.0,True,0.0
0.9440000000000001,penalty,100000.0,0.0,0.996801414557556,0.0,-0.3008111247440362,0.996801414557556,0.0,0.0,0.0,0.0,True,0.0
0.9450000000000001,penalty,100000.0,0.0,0.996490793432812,0.0,-0.3106211247440362,0.996490793432812,0.0,0.0,0.0,0.0,True,0.0
0.9460000000000001,penalty,100000.0,0.0,0.996170362308068,0.0,-0.3204311247440362,0.996170362308068,0.0,0.0,0.0,0.0,True,0.0
0.9470000000000001,penalty,100000.0,0.0,0.995840121183324,0.0,-0.33024112474403616,0.995840121183324,0.0,0.0,0.0,0.0,True,0.0
0.9480000000000001,penalty,100000.0,0.0,0.99550007005858,0.0,-0.34005112474403615,0.99550007005858,0.0,0.0,0.0,0.0,True,0.0
0.9490000000000001,penalty,100000.0,0.0,0.995150208933836,0.0,-0.34986112474403613,0.995150208933836,0.0,0.0,0.0,0.0,True,0.0
0.9500000000000001,penalty,100000.0,0.0,0.994790537809092,0.0,-0.3596711247440361,0.994790537809092,0.0,0.0,0.0,0.0,True,0.0
0.9510000000000001,penalty,100000.0,0.0,0.994421056684348,0.0,-0.3694811247440361,0.994421056684348,0.0,0.0,0.0,0.0,True,0.0
0.9520000000000001,penalty,100000.0,0.0,0.994041765559604,0.0,-0.3792911247440361,0.994041765559604,0.0,0.0,0.0,0.0,True,0.0
0.9530000000000001,penalty,100000.0,0.0,0.99365266443486,0.0,-0.3891011247440361,0.99365266443486,0.0,0.0,0.0,0.0,True,0.0
0.9540000000000001,penalty,100000.0,0.0,0.993253753310116,0.0,-0.39891112474403606,0.993253753310116,0.0,0.0,0.0,0.0,True,0.0
0.9550000000000001,penalty,100000.0,0.0,0.992845032185372,0.0,-0.40872112474403605,0.992845032185372,0.0,0.0,0.0,0.0,True,0.0
0.9560000000000001,penalty,100000.0,0.0,0.992426501060628,0.0,-0.41853112474403603,0.992426501060628,0.0,0.0,0.0,0.0,True,0.0
0.9570000000000001,penalty,100000.0,0.0,0.991998159935884,0.0,-0.428341124744036,0.991998159935884,0.0,0.0,0.0,0.0,True,0.0
0.9580000000000001,penalty,100000.0,0.0,0.99156000881114,0.0,-0.438151124744036,0.99156000881114,0.0,0.0,0.0,0.0,True,0.0
0.9590000000000001,penalty,100000.0,0.0,0.991112047686396,0.0,-0.447961124744036,0.991112047686396,0.0,0.0,0.0,0.0,True,0.0
0.96,penalty,100000.0,0.0,0.9906542765616521,0.0,-0.457771124744036,0.9906542765616521,0.0,0.0,0.0,0.0,True,0.0
0.961,penalty,100000.0,0.0,0.9901866954369081,0.0,-0.46758112474403596,0.9901866954369081,0.0,0.0,0.0,0.0,True,0.0
0.962,penalty,100000.0,0.0,0.9897093043121641,0.0,-0.47739112474403594,0.9897093043121641,0.0,0.0,0.0,0.0,True,0.0
0.963,penalty,100000.0,0.0,0.9892221031874201,0.0,-0.48720112474403593,0.9892221031874201,0.0,0.0,0.0,0.0,True,0.0
0.964,penalty,100000.0,0.0,0.9887250920626761,0.0,-0.4970111247440359,0.9887250920626761,0.0,0.0,0.0,0.0,True,0.0
0.965,penalty,100000.0,0.0,0.9882182709379321,0.0,-0.506821124744036,0.9882182709379321,0.0,0.0,0.0,0.0,True,0.0
0.966,penalty,100000.0,0.0,0.9877016398131881,0.0,-0.5166311247440359,0.9877016398131881,0.0,0.0,0.0,0.0,True,0.0
0.967,penalty,100000.0,0.0,0.9871751986884442,0.0,-0.5264411247440359,0.9871751986884442,0.0,0.0,0.0,0.0,True,0.0
0.968,penalty,100000.0,0.0,0.9866389475637002,0.0,-0.5362511247440359,0.9866389475637002,0.0,0.0,0.0,0.0,True,0.0
0.969,penalty,100000.0,0.0,0.9860928864389561,0.0,-0.5460611247440359,0.9860928864389561,0.0,0.0,0.0,0.0,True,0.0
0.97,penalty,100000.0,0.0,0.985537015314212,0.0,-0.5558711247440359,0.985537015314212,0.0,0.0,0.0,0.0,True,0.0
0.971,penalty,100000.0,0.0,0.9849713341894679,0.0,-0.5656811247440359,0.9849713341894679,0.0,0.0,0.0,0.0,True,0.0
0.972,penalty,100000.0,0.0,0.9843958430647238,0.0,-0.5754911247440359,0.9843958430647238,0.0,0.0,0.0,0.0,True,0.0
0.973,penalty,100000.0,0.0,0.9838105419399797,0.0,-0.5853011247440358,0.9838105419399797,0.0,0.0,0.0,0.0,True,0.0
0.974,penalty,100000.0,0.0,0.9832154308152357,0.0,-0.5951111247440358,0.9832154308152357,0.0,0.0,0.0,0.0,True,0.0
0.975,penalty,100000.0,0.0,0.9826105096904916,0.0,-0.6049211247440358,0.9826105096904916,0.0,0.0,0.0,0.0,True,0.0
0.976,penalty,100000.0,0.0,0.9819957785657475,0.0,-0.6147311247440358,0.9819957785657475,0.0,0.0,0.0,0.0,True,0.0
0.977,penalty,100000.0,0.0,0.9813712374410034,0.0,-0.6245411247440358,0.9813712374410034,0.0,0.0,0.0,0.0,True,0.0
0.978,penalty,100000.0,0.0,0.9807368863162593,0.0,-0.6343511247440358,0.9807368863162593,0.0,0.0,0.0,0.0,True,0.0
0.979,penalty,100000.0,0.0,0.9800927251915152,0.0,-0.6441611247440358,0.9800927251915152,0.0,0.0,0.0,0.0,True,0.0
0.98,penalty,100000.0,0.0,0.9794387540667712,0.0,-0.6539711247440357,0.9794387540667712,0.0,0.0,0.0,0.0,True,0.0
0.981,penalty,100000.0,0.0,0.9787749729420271,0.0,-0.6637811247440357,0.9787749729420271,0.0,0.0,0.0,0.0,True,0.0
0.982,penalty,100000.0,0.0,0.978101381817283,0.0,-0.6735911247440357,0.978101381817283,0.0,0.0,0.0,0.0,True,0.0
0.983,penalty,100000.0,0.0,0.9774179806925389,0.0,-0.6834011247440357,0.9774179806925389,0.0,0.0,0.0,0.0,True,0.0
0.984,penalty,100000.0,0.0,0.9767247695677949,0.0,-0.6932111247440357,0.9767247695677949,0.0,0.0,0.0,0.0,True,0.0
0.985,penalty,100000.0,0.0,0.9760217484430508,0.0,-0.7030211247440357,0.9760217484430508,0.0,0.0,0.0,0.0,True,0.0
0.986,penalty,100000.0,0.0,0.9753089173183067,0.0,-0.7128311247440356,0.9753089173183067,0.0,0.0,0.0,0.0,True,0.0
0.987,penalty,100000.0,0.0,0.9745862761935626,0.0,-0.7226411247440356,0.9745862761935626,0.0,0.0,0.0,0.0,True,0.0
0.988,penalty,100000.0,0.0,0.9738538250688186,0.0,-0.7324511247440356,0.9738538250688186,0.0,0.0,0.0,0.0,True,0.0
0.989,penalty,100000.0,0.0,0.9731115639440745,0.0,-0.7422611247440356,0.9731115639440745,0.0,0.0,0.0,0.0,True,0.0
0.99,penalty,100000.0,0.0,0.9723594928193304,0.0,-0.7520711247440356,0.9723594928193304,0.0,0.0,0.0,0.0,True,0.0
0.991,penalty,100000.0,0.0,0.9715976116945864,0.0,-0.7618811247440356,0.9715976116945864,0.0,0.0,0.0,0.0,True,0.0
0.992,penalty,100000.0,0.0,0.9708259205698423,0.0,-0.7716911247440356,0.9708259205698423,0.0,0.0,0.0,0.0,True,0.0
0.993,penalty,100000.0,0.0,0.9700444194450982,0.0,-0.7815011247440355,0.9700444194450982,0.0,0.0,0.0,0.0,True,0.0
0.994,penalty,100000.0,0.0,0.9692531083203542,0.0,-0.7913111247440355,0.9692531083203542,0.0,0.0,0.0,0.0,True,0.0
0.995,penalty,100000.0,0.0,0.9684519871956101,0.0,-0.8011211247440355,0.9684519871956101,0.0,0.0,0.0,0.0,True,0.0
0.996,penalty,100000.0,0.0,0.967641056070866,0.0,-0.8109311247440355,0.967641056070866,0.0,0.0,0.0,0.0,True,0.0
0.997,penalty,100000.0,0.0,0.966820314946122,0.0,-0.8207411247440355,0.966820314946122,0.0,0.0,0.0,0.0,True,0.0
0.998,penalty,100000.0,0.0,0.9659897638213779,0.0,-0.8305511247440355,0.9659897638213779,0.0,0.0,0.0,0.0,True,0.0
0.999,penalty,100000.0,0.0,0.9651494026966339,0.0,-0.8403611247440355,0.9651494026966339,0.0,0.0,0.0,0.0,True,0.0
1.0,penalty,100000.0,0.0,0.9642992315718898,0.0,-0.8501711247440354,0.9642992315718898,0.0,0.0,0.0,0.0,True,0.0
0.0,sdf_ncp,0.0001,0.0,1.0,0.0,0.0,1.0,0.0,0.0,0.0,4.999999969612645e-09,True,0.0
0.001,sdf_ncp,0.0001,0.0,0.999990190000005,0.0,-0.009809999994999952,0.999990190000005,0.0,5.0000490414703336e-09,4.999999990989262e-09,0.0,True,0.0
0.002,sdf_ncp,0.0001,0.0,0.999970570000015,0.0,-0.019619999989999807,0.999970570000015,0.0,5.0001471851857104e-09,5.000000030854126e-09,0.0,True,1.734723475976807e-18
0.003,sdf_ncp,0.0001,0.0,0.99994114000003,0.0,-0.029429999984999514,0.99994114000003,0.0,5.000294289736473e-09,4.999999972414729e-09,0.0,True,0.0
0.004,sdf_ncp,0.0001,0.0,0.99990190000005,0.0,-0.039239999979999024,0.99990190000005,0.0,5.000490577167227e-09,5.0000000290418565e-09,0.0,True,0.0
0.005,sdf_ncp,0.0001,0.0,0.999852850000075,0.0,-0.04904999997499829,0.999852850000075,0.0,5.000735936455669e-09,5.0000000781629944e-09,0.0,True,1.734723475976807e-18
0.006,sdf_ncp,0.0001,0.0,0.9997939900001049,0.0,-0.05885999996999726,0.9997939900001049,0.0,5.001030256579497e-09,4.999999994336864e-09,0.0,True,1.734723475976807e-18
0.007,sdf_ncp,0.0001,0.0,0.9997253200001399,0.0,-0.06866999996499588,0.9997253200001399,0.0,5.001373759583316e-09,4.999999982239733e-09,0.0,True,1.734723475976807e-18
0.008,sdf_ncp,0.0001,0.0,0.9996468400001799,0.0,-0.07847999995999412,0.9996468400001799,0.0,5.001766445467126e-09,5.0000000216301445e-09,0.0,True,1.734723475976807e-18
0.009000000000000001,sdf_ncp,0.0001,0.0,0.9995585500002249,0.0,-0.08828999995499191,0.9995585500002249,0.0,5.0022082032086246e-09,4.999999978398443e-09,0.0,True,0.0
0.01,sdf_ncp,0.0001,0.0,0.9994604500002748,0.0,-0.09809999994998922,0.9994604500002748,0.0,5.002699254852416e-09,5.000000048470836e-09,0.0,True,5.204170427930421e-18
0.011,sdf_ncp,0.0001,0.0,0.9993525400003298,0.0,-0.10790999994498598,0.9993525400003298,0.0,5.0032393783538964e-09,4.9999999809876375e-09,0.0,True,3.469446951953614e-18
0.012,sdf_ncp,0.0001,0.0,0.9992348200003898,0.0,-0.11771999993998215,0.9992348200003898,0.0,5.00382879575767e-09,4.9999999660416825e-09,0.0,True,3.469446951953614e-18
0.013000000000000001,sdf_ncp,0.0001,0.0,0.9991072900004548,0.0,-0.12752999993497768,0.9991072900004548,0.0,5.004467507063737e-09,4.999999968877782e-09,0.0,True,1.734723475976807e-18
0.014,sdf_ncp,0.0001,0.0,0.9989699500005249,0.0,-0.13733999992997253,0.9989699500005249,0.0,5.0051556232943994e-09,5.000000062747252e-09,0.0,True,5.204170427930421e-18
0.015,sdf_ncp,0.0001,0.0,0.9988228000006,0.0,-0.14714999992496663,0.9988228000006,0.0,5.005892922405053e-09,4.999999985259801e-09,0.0,True,6.938893903907228e-18
0.016,sdf_ncp,0.0001,0.0,0.99866584000068,0.0,-0.15695999991995996,0.99866584000068,0.0,5.006679737462605e-09,5.0000000256274766e-09,0.0,True,1.734723475976807e-18
0.017,sdf_ncp,0.0001,0.0,0.9984990700007651,0.0,-0.16676999991495245,0.9984990700007651,0.0,5.0075159574447525e-09,5.000000026522576e-09,0.0,True,6.938893903907228e-18
0.018000000000000002,sdf_ncp,0.0001,0.0,0.9983224900008552,0.0,-0.17657999990994405,0.9983224900008552,0.0,5.008401582351499e-09,4.999999938617372e-09,3.308722450212111e-24,True,3.469446951955192e-18
0.019,sdf_ncp,0.0001,0.0,0.9981361000009502,0.0,-0.1863899999049347,0.9981361000009502,0.0,5.009336945249743e-09,5.000000042122251e-09,0.0,True,5.204170427930421e-18
0.02,sdf_ncp,0.0001,0.0,0.9979399000010503,0.0,-0.1961999998999244,0.9979399000010503,0.0,5.010321824094888e-09,5.000000060110332e-09,0.0,True,8.673617379884035e-18
0.021,sdf_ncp,0.0001,0.0,0.9977338900011553,0.0,-0.20600999989491303,0.9977338900011553,0.0,5.011356329909235e-09,5.000000045222254e-09,1.6543612251060553e-24,True,1.0408340855860974e-17
0.022,sdf_ncp,0.0001,0.0,0.9975180700012654,0.0,-0.21581999988990058,0.9975180700012654,0.0,5.012440573715082e-09,5.0000000470883045e-09,0.0,True,1.0408340855860843e-17
0.023,sdf_ncp,0.0001,0.0,0.9972924400013805,0.0,-0.225629999884887,0.9972924400013805,0.0,5.0135745555124345e-09,5.0000000015958325e-09,0.0,True,1.214306433183765e-17
0.024,sdf_ncp,0.0001,0.0,0.9970570000015007,0.0,-0.23543999987987224,0.9970570000015007,0.0,5.0147583863235956e-09,4.9999999524001705e-09,3.308722450212111e-24,True,5.204170427931473e-18
0.025,sdf_ncp,0.0001,0.0,0.9968117500016258,0.0,-0.24524999987485624,0.9968117500016258,0.0,5.015992288193161e-09,5.0000000507884836e-09,0.0,True,1.0408340855860843e-17
0.026000000000000002,sdf_ncp,0.0001,0.0,0.996556690001756,0.0,-0.25505999986983896,0.996556690001756,0.0,5.017276039076535e-09,5.000000002327232e-09,0.0,True,3.469446951953614e-18
0.027,sdf_ncp,0.0001,0.0,0.9962918200018911,0.0,-0.26486999986482035,0.9962918200018911,0.0,5.018609972040622e-09,5.000000062923991e-09,0.0,True,1.734723475976807e-18
0.028,sdf_ncp,0.0001,0.0,0.9960171400020313,0.0,-0.27467999985980035,0.9960171400020313,0.0,5.01999397606312e-09,5.000000042865814e-09,0.0,True,6.938893903907228e-18
0.029,sdf_ncp,0.0001,0.0,0.9957326500021766,0.0,-0.2844899998547789,0.9957326500021766,0.0,5.021428162166334e-09,4.999999970709443e-09,3.308722450212111e-24,True,1.387778780781485e-17
0.03,sdf_ncp,0.0001,0.0,0.9954383500023268,0.0,-0.294299999849756,0.9954383500023268,0.0,5.022912752394859e-09,4.999999982449585e-09,0.0,True,2.7755575615628914e-17
0.031,sdf_ncp,0.0001,0.0,0.9951342400024821,0.0,-0.3041099998447316,0.9951342400024821,0.0,5.024447746748706e-09,4.999999989892957e-09,0.0,True,6.938893903907228e-18
0.032,sdf_ncp,0.0001,0.0,0.9948203200026424,0.0,-0.31391999983970553,0.9948203200026424,0.0,5.026033256250173e-09,5.00000001232672e-09,0.0,True,1.734723475976807e-17
0.033,sdf_ncp,0.0001,0.0,0.9944965900028078,0.0,-0.3237299998346779,0.9944965900028078,0.0,5.027669280899264e-09,4.999999955516186e-09,3.308722450212111e-24,True,8.673617379884667e-18
0.034,sdf_ncp,0.0001,0.0,0.9941630500029781,0.0,-0.3335399998296485,0.9941630500029781,0.0,5.029356153762877e-09,5.0000000533761485e-09,8.271806125530277e-25,True,2.4286128663675315e-17
0.035,sdf_ncp,0.0001,0.0,0.9938197000031535,0.0,-0.3433499998246174,0.9938197000031535,0.0,5.0310936527964145e-09,4.999999984709902e-09,0.0,True,8.673617379884035e-18
0.036000000000000004,sdf_ncp,0.0001,0.0,0.9934665400033339,0.0,-0.3531599998195845,0.9934665400033339,0.0,5.032882111066783e-09,4.999999977126192e-09,0.0,True,3.469446951953614e-18
0.037,sdf_ncp,0.0001,0.0,0.9931035700035193,0.0,-0.3629699998145498,0.9931035700035193,0.0,5.034721639596285e-09,5.0000000342570425e-09,0.0,True,1.0408340855860843e-17
0.038,sdf_ncp,0.0001,0.0,0.9927307900037098,0.0,-0.3727799998095132,0.9927307900037098,0.0,5.036612238384919e-09,5.000000046354213e-09,0.0,True,1.5612511283791264e-17
0.039,sdf_ncp,0.0001,0.0,0.9923482000039053,0.0,-0.38258999980447467,0.9923482000039053,0.0,5.038554018454988e-09,5.0000000108362514e-09,0.0,True,1.3877787807814457e-17
0.04,sdf_ncp,0.0001,0.0,0.9919558000041059,0.0,-0.39239999979943413,0.9919558000041059,0.0,5.040547201851098e-09,5.000000032070663e-09,0.0,True,8.673617379884035e-18
0.041,sdf_ncp,0.0001,0.0,0.9915535900043115,0.0,-0.40220999979439154,0.9915535900043115,0.0,5.042591788573247e-09,4.999999990886065e-09,0.0,True,0.0
0.042,sdf_ncp,0.0001,0.0,0.9911415700045222,0.0,-0.41201999978934684,0.9911415700045222,0.0,5.044688000666042e-09,4.999999985163115e-09,0.0,True,1.3877787807814457e-17
0.043000000000000003,sdf_ncp,0.0001,0.0,0.9907197400047378,0.0,-0.4218299997843,0.9907197400047378,0.0,5.0468359491517845e-09,4.99999999939022e-09,0.0,True,2.42861286636753e-17
0.044,sdf_ncp,0.0001,0.0,0.9902881000049586,0.0,-0.431639999779251,0.9902881000049586,0.0,5.049035745052777e-09,5.000000014825435e-09,0.0,True,3.469446951953614e-18
0.045,sdf_ncp,0.0001,0.0,0.9898466500051843,0.0,-0.4414499997741997,0.9898466500051843,0.0,5.0512874993913215e-09,5.000000009485564e-09,0.0,True,2.0816681711721685e-17
0.046,sdf_ncp,0.0001,0.0,0.9893953900054152,0.0,-0.4512599997691461,0.9893953900054152,0.0,5.053591434212024e-09,5.000000067980231e-09,0.0,True,6.938893903907228e-18
0.047,sdf_ncp,0.0001,0.0,0.9889343200056511,0.0,-0.46106999976409013,0.9889343200056511,0.0,5.055947438492581e-09,4.999999942069973e-09,0.0,True,2.42861286636753e-17
0.048,sdf_ncp,0.0001,0.0,0.988463440005892,0.0,-0.4708799997590318,0.988463440005892,0.0,5.058356067344505e-09,5.0000000391020254e-09,0.0,True,1.734723475976807e-18
0.049,sdf_ncp,0.0001,0.0,0.9879827500061381,0.0,-0.480689999753971,0.9879827500061381,0.0,5.0608170987231915e-09,4.999999994474624e-09,0.0,True,1.734723475976807e-17
0.05,sdf_ncp,0.0001,0.0,0.9874922500063892,0.0,-0.4904999997489076,0.9874922500063892,0.0,5.063330865695548e-09,4.999999989092495e-09,0.0,True,2.2551405187698492e-17
0.051000000000000004,sdf_ncp,0.0001,0.0,0.9869919400066454,0.0,-0.5003099997438417,0.9869919400066454,0.0,5.065897479283876e-09,4.999999980953167e-09,0.0,True,8.673617379884035e-18
0.052000000000000005,sdf_ncp,0.0001,0.0,0.9864818200069065,0.0,-0.5101199997387732,0.9864818200069065,0.0,5.068517161532782e-09,5.000000034245099e-09,0.0,True,0.0
0.053,sdf_ncp,0.0001,0.0,0.9859618900071728,0.0,-0.519929999733702,0.9859618900071728,0.0,5.071189912442264e-09,4.999999990656884e-09,0.0,True,8.673617379884035e-18
0.054,sdf_ncp,0.0001,0.0,0.9854321500074442,0.0,-0.5297399997286281,0.9854321500074442,0.0,5.0739160650792314e-09,5.000000016968338e-09,0.0,True,3.9898639947466563e-17
0.055,sdf_ncp,0.0001,0.0,0.9848926000077207,0.0,-0.5395499997235513,0.9848926000077207,0.0,5.076695730465987e-09,5.000000057426741e-09,1.6543612251060553e-24,True,3.6429192995512986e-17
0.056,sdf_ncp,0.0001,0.0,0.9843432400080022,0.0,-0.5493599997184718,0.9843432400080022,0.0,5.079529019624829e-09,5.000000052892175e-09,0.0,True,2.2551405187698492e-17
0.057,sdf_ncp,0.0001,0.0,0.9837840700082888,0.0,-0.5591699997133894,0.9837840700082888,0.0,5.0824161546003666e-09,5.000000050048625e-09,0.0,True,2.2551405187698492e-17
0.058,sdf_ncp,0.0001,0.0,0.9832150900085805,0.0,-0.568979999708304,0.9832150900085805,0.0,5.085357246414901e-09,4.999999982759614e-09,0.0,True,3.469446951953614e-17
0.059000000000000004,sdf_ncp,0.0001,0.0,0.9826363000088774,0.0,-0.5787899997032157,0.9826363000088774,0.0,5.08835262813534e-09,4.9999999996513575e-09,0.0,True,3.642919299551295e-17
0.06,sdf_ncp,0.0001,0.0,0.9820477000091793,0.0,-0.5885999996981243,0.9820477000091793,0.0,5.091402410783985e-09,5.0000000273316035e-09,0.0,True,1.5612511283791264e-17
0.061,sdf_ncp,0.0001,0.0,0.9814492900094862,0.0,-0.5984099996930298,0.9814492900094862,0.0,5.0945067053831394e-09,4.999999988946849e-09,0.0,True,1.0408340855860843e-17
0.062,sdf_ncp,0.0001,0.0,0.9808410700097983,0.0,-0.6082199996879321,0.9808410700097983,0.0,5.09766584499971e-09,5.000000021961918e-09,0.0,True,4.85722573273506e-17
0.063,sdf_ncp,0.0001,0.0,0.9802230400101154,0.0,-0.6180299996828312,0.9802230400101154,0.0,5.100879940656e-09,5.000000042156441e-09,0.0,True,5.551115123125783e-17
0.064,sdf_ncp,0.0001,0.0,0.9795952000104377,0.0,-0.6278399996777271,0.9795952000104377,0.0,5.104149103374311e-09,4.999999961803054e-09,0.0,True,5.204170427930421e-18
0.065,sdf_ncp,0.0001,0.0,0.978957550010765,0.0,-0.6376499996726196,0.978957550010765,0.0,5.107473777243854e-09,5.000000015714871e-09,0.0,True,1.214306433183765e-17
0.066,sdf_ncp,0.0001,0.0,0.9783100900110975,0.0,-0.6474599996675088,0.9783100900110975,0.0,5.110853962264628e-09,4.999999999856682e-09,0.0,True,3.8163916471489756e-17
0.067,sdf_ncp,0.0001,0.0,0.977652820011435,0.0,-0.6572699996623945,0.977652820011435,0.0,5.11428999150354e-09,5.0000000325496945e-09,0.0,True,3.122502256758253e-17
0.068,sdf_ncp,0.0001,0.0,0.9769857400117777,0.0,-0.6670799996572767,0.9769857400117777,0.0,5.1177819759828935e-09,5.0000000110245856e-09,0.0,True,2.949029909160572e-17
0.069,sdf_ncp,0.0001,0.0,0.9763088500121255,0.0,-0.6768899996521553,0.9763088500121255,0.0,5.1213302487695955e-09,5.0000000457085565e-09,0.0,True,3.2959746043559335e-17
0.07,sdf_ncp,0.0001,0.0,0.9756221500124785,0.0,-0.6866999996470304,0.9756221500124785,0.0,5.1249349208859485e-09,5.000000026188781e-09,0.0,True,1.9081958235744878e-17
0.07100000000000001,sdf_ncp,0.0001,0.0,0.9749256400128367,0.0,-0.6965099996419019,0.9749256400128367,0.0,5.1285963253988614e-09,5.000000054906967e-09,1.6543612251060553e-24,True,1.734723475976815e-17
0.07200000000000001,sdf_ncp,0.0001,0.0,0.9742193200131999,0.0,-0.7063199996367695,0.9742193200131999,0.0,5.132314573330632e-09,5.000000013724004e-09,0.0,True,3.9898639947466563e-17
0.073,sdf_ncp,0.0001,0.0,0.9735031900135682,0.0,-0.7161299996316334,0.9735031900135682,0.0,5.136089997748172e-09,4.999999997004626e-09,0.0,True,3.8163916471489756e-17
0.074,sdf_ncp,0.0001,0.0,0.9727772500139418,0.0,-0.7259399996264935,0.9727772500139418,0.0,5.139922820696086e-09,4.999999986800641e-09,0.0,True,1.9081958235744878e-17
0.075,sdf_ncp,0.0001,0.0,0.9720415000143204,0.0,-0.7357499996213497,0.9720415000143204,0.0,5.1438132642189804e-09,4.999999961144976e-09,3.308722450212111e-24,True,2.2551405187698736e-17
0.076,sdf_ncp,0.0001,0.0,0.9712959400147042,0.0,-0.7455599996162019,0.9712959400147042,0.0,5.147761661383754e-09,5.000000001865389e-09,0.0,True,2.42861286636753e-17
0.077,sdf_ncp,0.0001,0.0,0.9705405700150932,0.0,-0.7553699996110501,0.9705405700150932,0.0,5.151768123212722e-09,4.999999970888462e-09,3.308722450212111e-24,True,1.387778780781485e-17
0.078,sdf_ncp,0.0001,0.0,0.9697753900154873,0.0,-0.7651799996058943,0.9697753900154873,0.0,5.155833093795084e-09,5.000000049389884e-09,2.481541837659083e-24,True,5.3776427755281075e-17
0.079,sdf_ncp,0.0001,0.0,0.9690004000158866,0.0,-0.7749899996007343,0.9690004000158866,0.0,5.159956573130842e-09,4.9999999834283894e-09,0.0,True,4.336808689942018e-17
0.08,sdf_ncp,0.0001,0.0,0.968215600016291,0.0,-0.7847999995955702,0.968215600016291,0.0,5.164139116331512e-09,5.000000053086514e-09,0.0,True,3.2959746043559335e-17
0.081,sdf_ncp,0.0001,0.0,0.9674209900167007,0.0,-0.7946099995904019,0.9674209900167007,0.0,5.1683807233970924e-09,4.9999999962120464e-09,0.0,True,5.551115123125783e-17
0.082,sdf_ncp,0.0001,0.0,0.9666165700171154,0.0,-0.8044199995852293,0.9666165700171154,0.0,5.172681838416793e-09,4.999999976440267e-09,0.0,True,2.6020852139652106e-17
0.083,sdf_ncp,0.0001,0.0,0.9658023400175354,0.0,-0.8142299995800522,0.9658023400175354,0.0,5.177042683435221e-09,4.999999938032397e-09,3.308722450212111e-24,True,5.3776427755281125e-17
0.084,sdf_ncp,0.0001,0.0,0.9649783000179605,0.0,-0.8240399995748707,0.9649783000179605,0.0,5.181463702541578e-09,5.000000035283339e-09,0.0,True,3.8163916471489756e-17
0.085,sdf_ncp,0.0001,0.0,0.9641444500183908,0.0,-0.8338499995696848,0.9641444500183908,0.0,5.185944895735872e-09,4.999999989324943e-09,0.0,True,3.469446951953614e-17
0.08600000000000001,sdf_ncp,0.0001,0.0,0.9633007900188263,0.0,-0.8436599995644942,0.9633007900188263,0.0,5.190486818129614e-09,5.000000052486561e-09,0.0,True,4.336808689942018e-17
0.08700000000000001,sdf_ncp,0.0001,0.0,0.962447320019267,0.0,-0.8534699995592991,0.962447320019267,0.0,5.1950895807451056e-09,5.000000044248144e-09,8.271806125530277e-25,True,6.938893903907278e-18
0.088,sdf_ncp,0.0001,0.0,0.961584040019713,0.0,-0.8632799995540994,0.961584040019713,0.0,5.1997535166492526e-09,4.9999999936462984e-09,0.0,True,8.673617379884035e-18
0.089,sdf_ncp,0.0001,0.0,0.960710950020164,0.0,-0.8730899995488949,0.960710950020164,0.0,5.204479069931267e-09,5.000000031633728e-09,0.0,True,3.9898639947466563e-17
0.09,sdf_ncp,0.0001,0.0,0.9598280500206203,0.0,-0.8828999995436856,0.9598280500206203,0.0,5.209266462635753e-09,5.00000007086949e-09,0.0,True,2.6020852139652106e-17
0.091,sdf_ncp,0.0001,0.0,0.9589353400210818,0.0,-0.8927099995384715,0.9589353400210818,0.0,5.214115916807316e-09,5.000000019592958e-09,0.0,True,4.85722573273506e-17
0.092,sdf_ncp,0.0001,0.0,0.9580328200215485,0.0,-0.9025199995332525,0.9580328200215485,0.0,5.219027876535165e-09,4.999999994328058e-09,0.0,True,3.642919299551295e-17
0.093,sdf_ncp,0.0001,0.0,0.9571204900220205,0.0,-0.9123299995280285,0.9571204900220205,0.0,5.224002674886208e-09,5.000000000063433e-09,0.0,True,5.551115123125783e-17
0.094,sdf_ncp,0.0001,0.0,0.9561983500224976,0.0,-0.9221399995227995,0.9561983500224976,0.0,5.229040644927352e-09,5.000000036880111e-09,0.0,True,1.3877787807814457e-17
0.095,sdf_ncp,0.0001,0.0,0.9552664000229801,0.0,-0.9319499995175653,0.9552664000229801,0.0,5.234142008703202e-09,4.999999993862958e-09,0.0,True,1.9081958235744878e-17
0.096,sdf_ncp,0.0001,0.0,0.9543246400234678,0.0,-0.941759999512326,0.9543246400234678,0.0,5.239307321325272e-09,5.00000007339606e-09,1.6543612251060553e-24,True,3.816391647148979e-17
0.097,sdf_ncp,0.0001,0.0,0.9533730700239608,0.0,-0.9515699995070815,0.9533730700239608,0.0,5.24453669381586e-09,5.000000048636539e-09,0.0,True,5.0306980803327406e-17
0.098,sdf_ncp,0.0001,0.0,0.9524116900244589,0.0,-0.9613799995018317,0.9524116900244589,0.0,5.24983057026418e-09,5.000000005767376e-09,0.0,True,1.5612511283791264e-17
0.099,sdf_ncp,0.0001,0.0,0.9514405000249624,0.0,-0.9711899994965766,0.9514405000249624,0.0,5.255189394759441e-09,5.0000000254758014e-09,0.0,True,4.5102810375396984e-17
0.1,sdf_ncp,0.0001,0.0,0.9504595000254711,0.0,-0.980999999491316,0.9504595000254711,0.0,5.260613389346247e-09,4.9999999718653326e-09,0.0,True,2.7755575615628914e-17
0.101,sdf_ncp,0.0001,0.0,0.949468690025985,0.0,-0.9908099994860499,0.949468690025985,0.0,5.266103109136111e-09,5.00000002057323e-09,0.0,True,3.2959746043559335e-17
0.10200000000000001,sdf_ncp,0.0001,0.0,0.9484680700265042,0.0,-1.0006199994807783,0.9484680700265042,0.0,5.271658776173638e-09,5.000000025275693e-09,0.0,True,8.153200337090993e-17
0.10300000000000001,sdf_ncp,0.0001,0.0,0.9474576400270287,0.0,-1.010429999475501,0.9474576400270287,0.0,5.277280723525735e-09,4.999999940071823e-09,0.0,True,4.163336342344337e-17
0.10400000000000001,sdf_ncp,0.0001,0.0,0.9464374000275585,0.0,-1.020239999470218,0.9464374000275585,0.0,5.282969617326216e-09,5.00000002904681e-09,0.0,True,4.336808689942018e-17
0.105,sdf_ncp,0.0001,0.0,0.9454073500280936,0.0,-1.0300499994649293,0.9454073500280936,0.0,5.2887255685973855e-09,5.000000024833477e-09,0.0,True,5.898059818321144e-17
0.106,sdf_ncp,0.0001,0.0,0.944367490028634,0.0,-1.0398599994596347,0.944367490028634,0.0,5.294549132450754e-09,5.000000075045801e-09,0.0,True,8.673617379884035e-18
0.107,sdf_ncp,0.0001,0.0,0.9433178200291796,0.0,-1.0496699994543344,0.9433178200291796,0.0,5.300440530930928e-09,5.00000000683207e-09,0.0,True,1.0928757898653885e-16
0.108,sdf_ncp,0.0001,0.0,0.9422583400297306,0.0,-1.059479999449028,0.9422583400297306,0.0,5.3064003191494205e-09,4.999999956254966e-09,2.481541837659083e-24,True,7.459310946700274e-17
0.109,sdf_ncp,0.0001,0.0,0.941189050030287,0.0,-1.0692899994437157,0.941189050030287,0.0,5.3124289411954376e-09,4.999999948517137e-09,2.481541837659083e-24,True,1.0755285551056206e-16
0.11,sdf_ncp,0.0001,0.0,0.9401099500308485,0.0,-1.0790999994383972,0.9401099500308485,0.0,5.318526841158189e-09,5.000000002878952e-09,0.0,True,1.214306433183765e-17
0.111,sdf_ncp,0.0001,0.0,0.9390210400314154,0.0,-1.0889099994330724,0.9390210400314154,0.0,5.3246943521045864e-09,5.000000028362653e-09,0.0,True,6.245004513516506e-17
0.112,sdf_ncp,0.0001,0.0,0.9379223200319876,0.0,-1.0987199994277415,0.9379223200319876,0.0,5.330931918123838e-09,5.000000032579284e-09,0.0,True,4.163336342344337e-17
0.113,sdf_ncp,0.0001,0.0,0.9368137900325652,0.0,-1.1085299994224043,0.9368137900325652,0.0,5.337239983305153e-09,5.0000000170734455e-09,0.0,True,5.0306980803327406e-17
0.114,sdf_ncp,0.0001,0.0,0.9356954500331481,0.0,-1.1183399994170606,0.9356954500331481,0.0,5.343618991737742e-09,4.9999999772797235e-09,0.0,True,1.0408340855860843e-17
0.115,sdf_ncp,0.0001,0.0,0.9345673000337364,0.0,-1.1281499994117106,0.9345673000337364,0.0,5.3500694985331165e-09,5.000000006236941e-09,0.0,True,0.0
0.116,sdf_ncp,0.0001,0.0,0.9334293400343301,0.0,-1.137959999406354,0.9334293400343301,0.0,5.356591836758184e-09,4.999999983018472e-09,0.0,True,8.326672684688674e-17
0.117,sdf_ncp,0.0001,0.0,0.9322815700349291,0.0,-1.147769999400991,0.9322815700349291,0.0,5.363186561524458e-09,4.9999999879682544e-09,0.0,True,1.734723475976807e-17
0.11800000000000001,sdf_ncp,0.0001,0.0,0.9311239900355335,0.0,-1.157579999395621,0.9311239900355335,0.0,5.369854116921147e-09,4.9999999912563544e-09,0.0,True,2.2551405187698492e-17
0.11900000000000001,sdf_ncp,0.0001,0.0,0.9299566000361432,0.0,-1.1673899993902446,0.9299566000361432,0.0,5.376595058059765e-09,5.000000059964389e-09,1.6543612251060553e-24,True,1.0234868508263163e-16
0.12,sdf_ncp,0.0001,0.0,0.9287794000367584,0.0,-1.1771999993848612,0.9287794000367584,0.0,5.383409718007215e-09,5.000000048042796e-09,0.0,True,3.2959746043559335e-17
0.121,sdf_ncp,0.0001,0.0,0.9275923900373789,0.0,-1.187009999379471,0.9275923900373789,0.0,5.390298651875014e-09,5.000000009508006e-09,0.0,True,3.8163916471489756e-17
0.122,sdf_ncp,0.0001,0.0,0.9263955700380049,0.0,-1.1968199993740736,0.9263955700380049,0.0,5.397262414774673e-09,4.9999999913798815e-09,0.0,True,1.0061396160665481e-16
0.123,sdf_ncp,0.0001,0.0,0.9251889400386362,0.0,-1.2066299993686693,0.9251889400386362,0.0,5.404301561817704e-09,5.000000033627268e-09,0.0,True,5.377642775528102e-17
0.124,sdf_ncp,0.0001,0.0,0.9239725000392729,0.0,-1.216439999363258,0.9239725000392729,0.0,5.411416426071014e-09,4.999999963950422e-09,0.0,True,6.418476861114186e-17
0.125,sdf_ncp,0.0001,0.0,0.9227462500399151,0.0,-1.2262499993578393,0.9227462500399151,0.0,5.418607784690721e-09,5.000000013760454e-09,0.0,True,7.28583859910259e-17
0.126,sdf_ncp,0.0001,0.0,0.9215101900405627,0.0,-1.2360599993524135,0.9215101900405627,0.0,5.425875970743732e-09,4.999999996936579e-09,0.0,True,9.020562075079397e-17
0.127,sdf_ncp,0.0001,0.0,0.9202643200412157,0.0,-1.2458699993469804,0.9202643200412157,0.0,5.433221650363862e-09,5.000000027705311e-09,0.0,True,1.0755285551056204e-16
0.128,sdf_ncp,0.0001,0.0,0.9190086400418742,0.0,-1.2556799993415397,0.9190086400418742,0.0,5.4406452676403205e-09,5.00000000836439e-09,0.0,True,1.734723475976807e-17
0.129,sdf_ncp,0.0001,0.0,0.9177431500425381,0.0,-1.2654899993360915,0.9177431500425381,0.0,5.4481474887069226e-09,5.0000000381822345e-09,0.0,True,6.591949208711867e-17
0.13,sdf_ncp,0.0001,0.0,0.9164678500432075,0.0,-1.2752999993306358,0.9164678500432075,0.0,5.455728757652878e-09,5.000000004945032e-09,0.0,True,3.469446951953614e-17
0.131,sdf_ncp,0.0001,0.0,0.9151827400438823,0.0,-1.2851099993251724,0.9151827400438823,0.0,5.463389740612001e-09,4.999999992740927e-09,0.0,True,7.806255641895632e-17
0.132,sdf_ncp,0.0001,0.0,0.9138878200445626,0.0,-1.2949199993197014,0.9138878200445626,0.0,5.471130992695808e-09,4.9999999760930155e-09,2.481541837659083e-24,True,4.857225732735066e-17
0.133,sdf_ncp,0.0001,0.0,0.9125830900452484,0.0,-1.3047299993142225,0.9125830900452484,0.0,5.478953180038104e-09,5.0000000232524136e-09,0.0,True,9.71445146547012e-17
0.134,sdf_ncp,0.0001,0.0,0.9112685500459397,0.0,-1.3145399993087357,0.9112685500459397,0.0,5.486856746728108e-09,4.999999991900705e-09,0.0,True,8.673617379884035e-18
0.135,sdf_ncp,0.0001,0.0,0.9099442000466365,0.0,-1.3243499993032408,0.9099442000466365,0.0,5.4948424699219345e-09,5.000000035675398e-09,0.0,True,0.0
0.136,sdf_ncp,0.0001,0.0,0.9086100400473387,0.0,-1.334159999297738,0.9086100400473387,0.0,5.502910793708793e-09,4.999999996648679e-09,0.0,True,7.45931094670027e-17
0.137,sdf_ncp,0.0001,0.0,0.9072660700480465,0.0,-1.343969999292227,0.9072660700480465,0.0,5.511062495244801e-09,5.0000000118499315e-09,0.0,True,1.0408340855860843e-17
0.138,sdf_ncp,0.0001,0.0,0.9059122900487598,0.0,-1.3537799992867077,0.9059122900487598,0.0,5.51929812964147e-09,5.000000008085341e-09,0.0,True,3.122502256758253e-17
0.139,sdf_ncp,0.0001,0.0,0.9045487000494786,0.0,-1.36358999928118,0.9045487000494786,0.0,5.527618363032616e-09,5.00000000465078e-09,0.0,True,8.500145032286355e-17
0.14,sdf_ncp,0.0001,0.0,0.903175300050203,0.0,-1.373399999275644,0.903175300050203,0.0,5.536023861552053e-09,5.000000012242358e-09,0.0,True,1.0234868508263162e-16
0.14100000000000001,sdf_ncp,0.0001,0.0,0.9017920900509329,0.0,-1.3832099992700995,0.9017920900509329,0.0,5.544515291333596e-09,5.00000003289108e-09,0.0,True,6.418476861114186e-17
0.14200000000000002,sdf_ncp,0.0001,0.0,0.9003990700516683,0.0,-1.3930199992645464,0.9003990700516683,0.0,5.55309331851106e-09,5.000000059897491e-09,0.0,True,7.632783294297951e-17
0.14300000000000002,sdf_ncp,0.0001,0.0,0.8989962400524093,0.0,-1.4028299992589848,0.8989962400524093,0.0,5.561758498195957e-09,4.9999999779577e-09,0.0,True,8.153200337090993e-17
0.14400000000000002,sdf_ncp,0.0001,0.0,0.8975836000531559,0.0,-1.4126399992534142,0.8975836000531559,0.0,5.570511718566706e-09,4.999999962489397e-09,0.0,True,4.85722573273506e-17
0.145,sdf_ncp,0.0001,0.0,0.8961611500539081,0.0,-1.4224499992478348,0.8961611500539081,0.0,5.5793536457571236e-09,4.999999979739169e-09,0.0,True,8.673617379884035e-17
0.146,sdf_ncp,0.0001,0.0,0.8947288900546658,0.0,-1.4322599992422465,0.8947288900546658,0.0,5.588284945901023e-09,4.99999998695522e-09,0.0,True,3.8163916471489756e-17
0.147,sdf_ncp,0.0001,0.0,0.8932868200554291,0.0,-1.4420699992366492,0.8932868200554291,0.0,5.597306396154522e-09,5.000000031496787e-09,0.0,True,1.0061396160665481e-16
0.148,sdf_ncp,0.0001,0.0,0.8918349400561981,0.0,-1.451879999231043,0.8918349400561981,0.0,5.606418551629133e-09,4.999999952922125e-09,0.0,True,1.0928757898653885e-16
0.149,sdf_ncp,0.0001,0.0,0.8903732500569727,0.0,-1.4616899992254273,0.8903732500569727,0.0,5.615622522547881e-09,5.000000076494091e-09,0.0,True,1.214306433183765e-17
0.15,sdf_ncp,0.0001,0.0,0.8889017500577528,0.0,-1.4714999992198023,0.8889017500577528,0.0,5.624918641977672e-09,5.000000024786431e-09,0.0,True,4.163336342344337e-17
0.151,sdf_ncp,0.0001,0.0,0.8874204400585387,0.0,-1.481309999214168,0.8874204400585387,0.0,5.634307909119229e-09,5.000000004135892e-09,0.0,True,2.0816681711721685e-17
0.152,sdf_ncp,0.0001,0.0,0.8859293200593302,0.0,-1.4911199992085242,0.8859293200593302,0.0,5.64379110112867e-09,5.0000000127798215e-09,0.0,True,4.336808689942018e-17
0.153,sdf_ncp,0.0001,0.0,0.8844283900601274,0.0,-1.5009299992028708,0.8844283900601274,0.0,5.653368995162112e-09,5.000000038807067e-09,8.271806125530277e-25,True,1.2143064331837677e-17
0.154,sdf_ncp,0.0001,0.0,0.8829176500609303,0.0,-1.510739999197208,0.8829176500609303,0.0,5.663042368375671e-09,5.000000060081733e-09,8.271806125530277e-25,True,1.1102230246251565e-16
0.155,sdf_ncp,0.0001,0.0,0.8813971000617388,0.0,-1.520549999191535,0.8813971000617388,0.0,5.672811997925464e-09,5.0000000441669425e-09,0.0,True,1.1102230246251565e-16
0.156,sdf_ncp,0.0001,0.0,0.8798667400625529,0.0,-1.5303599991858523,0.8798667400625529,0.0,5.682678771989913e-09,5.000000045933436e-09,0.0,True,1.214306433183765e-17
0.157,sdf_ncp,0.0001,0.0,0.8783265700633728,0.0,-1.5401699991801596,0.8783265700633728,0.0,5.692643467725134e-09,5.000000011600681e-09,0.0,True,4.163336342344337e-17
0.158,sdf_ncp,0.0001,0.0,0.8767765900641983,0.0,-1.549979999174457,0.8767765900641983,0.0,5.702706973309548e-09,4.999999974193671e-09,2.481541837659083e-24,True,3.1225022567582626e-17
0.159,sdf_ncp,0.0001,0.0,0.8752168000650296,0.0,-1.559789999168744,0.8752168000650296,0.0,5.712870287943872e-09,5.00000005260082e-09,0.0,True,1.9081958235744878e-17
0.16,sdf_ncp,0.0001,0.0,0.8736472000658665,0.0,-1.569599999163021,0.8736472000658665,0.0,5.723134077761927e-09,5.000000062638252e-09,0.0,True,2.949029909160572e-17
0.161,sdf_ncp,0.0001,0.0,0.8720677900667092,0.0,-1.5794099991572874,0.8720677900667092,0.0,5.7334992309421295e-09,5.00000000367688e-09,0.0,True,4.163336342344337e-17
0.162,sdf_ncp,0.0001,0.0,0.8704785700675577,0.0,-1.5892199991515434,0.8704785700675577,0.0,5.743966857707507e-09,5.000000056812674e-09,1.6543612251060553e-24,True,8.673617379884193e-18
0.163,sdf_ncp,0.0001,0.0,0.868879540068412,0.0,-1.5990299991457888,0.868879540068412,0.0,5.754537624191869e-09,5.000000004214203e-09,0.0,True,9.540979117872439e-17
0.164,sdf_ncp,0.0001,0.0,0.8672707000692719,0.0,-1.6088399991400235,0.8672707000692719,0.0,5.765212640618245e-09,5.000000002877201e-09,0.0,True,7.979727989493313e-17
0.165,sdf_ncp,0.0001,0.0,0.8656520500701376,0.0,-1.6186499991342476,0.8656520500701376,0.0,5.7759927951650525e-09,5.000000004324972e-09,0.0,True,4.163336342344337e-17
0.166,sdf_ncp,0.0001,0.0,0.8640235900710092,0.0,-1.6284599991284607,0.8640235900710092,0.0,5.786878976010715e-09,4.999999948159224e-09,3.308722450212111e-24,True,4.857225732735071e-17
0.167,sdf_ncp,0.0001,0.0,0.8623853200718865,0.0,-1.6382699991226628,0.8623853200718865,0.0,5.797872293378251e-09,4.9999999534609254e-09,3.308722450212111e-24,True,6.071532165918833e-17
0.168,sdf_ncp,0.0001,0.0,0.8607372400727696,0.0,-1.6480799991168538,0.8607372400727696,0.0,5.808973746468382e-09,5.000000030190372e-09,0.0,True,6.245004513516506e-17
0.169,sdf_ncp,0.0001,0.0,0.8590793500736587,0.0,-1.6578899991110336,0.8590793500736587,0.0,5.820184112437232e-09,4.9999999846216115e-09,0.0,True,4.683753385137379e-17
0.17,sdf_ncp,0.0001,0.0,0.8574116500745534,0.0,-1.6676999991052022,0.8574116500745534,0.0,5.831504612530125e-09,4.999999992246824e-09,0.0,True,4.163336342344337e-17
0.171,sdf_ncp,0.0001,0.0,0.8557341400754541,0.0,-1.6775099990993592,0.8557341400754541,0.0,5.842936245947783e-09,5.000000023941828e-09,0.0,True,7.112366251504909e-17
0.17200000000000001,sdf_ncp,0.0001,0.0,0.8540468200763606,0.0,-1.6873199990935046,0.8540468200763606,0.0,5.854480011890928e-09,5.0000000373560606e-09,0.0,True,7.45931094670027e-17
0.17300000000000001,sdf_ncp,0.0001,0.0,0.8523496900772729,0.0,-1.6971299990876385,0.8523496900772729,0.0,5.866136909560282e-09,4.999999976814558e-09,0.0,True,3.469446951953614e-17
0.17400000000000002,sdf_ncp,0.0001,0.0,0.8506427500781911,0.0,-1.7069399990817606,0.8506427500781911,0.0,5.877908160201173e-09,4.999999962100566e-09,0.0,True,3.8163916471489756e-17
0.17500000000000002,sdf_ncp,0.0001,0.0,0.8489260000791152,0.0,-1.7167499990758708,0.8489260000791152,0.0,5.889794874036625e-09,5.000000003702388e-09,0.0,True,6.418476861114186e-17
0.176,sdf_ncp,0.0001,0.0,0.8471994400800452,0.0,-1.726559999069969,0.8471994400800452,0.0,5.9017980502673595e-09,5.000000003652009e-09,0.0,True,5.204170427930421e-17
0.177,sdf_ncp,0.0001,0.0,0.8454630700809812,0.0,-1.736369999064055,0.8454630700809812,0.0,5.913918910138705e-09,5.00000003797584e-09,0.0,True,7.806255641895632e-17
0.178,sdf_ncp,0.0001,0.0,0.8437168900819231,0.0,-1.746179999058129,0.8437168900819231,0.0,5.926158452851382e-09,4.9999999799724685e-09,0.0,True,1.0581813203458523e-16
0.179,sdf_ncp,0.0001,0.0,0.8419609000828708,0.0,-1.7559899990521906,0.8419609000828708,0.0,5.938518121695326e-09,5.000000062901036e-09,1.6543612251060553e-24,True,3.122502256758257e-17
0.18,sdf_ncp,0.0001,0.0,0.8401951000838246,0.0,-1.7657999990462396,0.8401951000838246,0.0,5.95099880484895e-09,5.000000036438784e-09,0.0,True,7.806255641895632e-17
0.181,sdf_ncp,0.0001,0.0,0.8384194900847843,0.0,-1.775609999040276,0.8384194900847843,0.0,5.96360183457989e-09,5.000000009217156e-09,0.0,True,2.2551405187698492e-17
0.182,sdf_ncp,0.0001,0.0,0.8366340700857501,0.0,-1.7854199990342998,0.8366340700857501,0.0,5.976328432133471e-09,4.999999980345015e-09,0.0,True,9.367506770274758e-17
0.183,sdf_ncp,0.0001,0.0,0.8348388400867218,0.0,-1.7952299990283107,0.8348388400867218,0.0,5.989179929777322e-09,5.000000025645973e-09,0.0,True,6.765421556309548e-17
0.184,sdf_ncp,0.0001,0.0,0.8330338000876996,0.0,-1.8050399990223085,0.8330338000876996,0.0,6.002157437734468e-09,5.0000000190805935e-09,0.0,True,5.724587470723463e-17
0.185,sdf_ncp,0.0001,0.0,0.8312189500886833,0.0,-1.8148499990162932,0.8312189500886833,0.0,6.015262288272538e-09,5.00000000376595e-09,0.0,True,5.204170427930421e-17
0.186,sdf_ncp,0.0001,0.0,0.829394290089673,0.0,-1.8246599990102648,0.829394290089673,0.0,6.028495813659163e-09,5.000000005678407e-09,0.0,True,7.979727989493313e-17
0.187,sdf_ncp,0.0001,0.0,0.8275598200906688,0.0,-1.8344699990042228,0.8275598200906688,0.0,6.041859346161971e-09,5.000000033522926e-09,0.0,True,1.0061396160665481e-16
0.188,sdf_ncp,0.0001,0.0,0.8257155400916706,0.0,-1.8442799989981675,0.8257155400916706,0.0,6.0553541070262895e-09,4.999999986929528e-09,0.0,True,7.112366251504909e-17
0.189,sdf_ncp,0.0001,0.0,0.8238614500926785,0.0,-1.8540899989920985,0.8238614500926785,0.0,6.0689816505643535e-09,5.000000023219806e-09,0.0,True,6.765421556309548e-17
0.19,sdf_ncp,0.0001,0.0,0.8219975500936925,0.0,-1.8638999989860157,0.8219975500936925,0.0,6.08274319802149e-09,5.0000000066227365e-09,0.0,True,7.28583859910259e-17
0.191,sdf_ncp,0.0001,0.0,0.8201238400947125,0.0,-1.873709998979919,0.8201238400947125,0.0,6.096640303709934e-09,5.000000057554785e-09,1.6543612251060553e-24,True,5.724587470723466e-17
0.192,sdf_ncp,0.0001,0.0,0.8182403200957387,0.0,-1.8835199989738085,0.8182403200957387,0.0,6.110674188875009e-09,5.000000004305856e-09,0.0,True,1.0234868508263162e-16
0.193,sdf_ncp,0.0001,0.0,0.816346990096771,0.0,-1.8933299989676837,0.816346990096771,0.0,6.124846518851257e-09,5.0000000204689094e-09,0.0,True,6.418476861114186e-17
0.194,sdf_ncp,0.0001,0.0,0.8144438500978095,0.0,-1.9031399989615445,0.8144438500978095,0.0,6.139158625906305e-09,4.999999987644309e-09,0.0,True,5.724587470723463e-17
0.195,sdf_ncp,0.0001,0.0,0.8125309000988541,0.0,-1.9129499989553909,0.8125309000988541,0.0,6.15361217537469e-09,5.000000039716464e-09,0.0,True,3.642919299551295e-17
0.196,sdf_ncp,0.0001,0.0,0.8106081400999049,0.0,-1.9227599989492226,0.8106081400999049,0.0,6.168208499524042e-09,5.000000019547608e-09,0.0,True,9.367506770274758e-17
0.197,sdf_ncp,0.0001,0.0,0.8086755701009618,0.0,-1.9325699989430396,0.8086755701009618,0.0,6.182949263688897e-09,5.000000020718941e-09,0.0,True,8.673617379884035e-18
0.198,sdf_ncp,0.0001,0.0,0.8067331901020249,0.0,-1.9423799989368418,0.8067331901020249,0.0,6.197836022181491e-09,5.0000000259037185e-09,0.0,True,0.0
0.199,sdf_ncp,0.0001,0.0,0.8047810001030943,0.0,-1.9521899989306288,0.8047810001030943,0.0,6.2128703293140575e-09,4.999999997136208e-09,0.0,True,6.418476861114186e-17
0.2,sdf_ncp,0.0001,0.0,0.8028190001041698,0.0,-1.9619999989244008,0.8028190001041698,0.0,6.2280538504211336e-09,4.999999964790019e-09,0.0,True,2.0816681711721685e-17
0.201,sdf_ncp,0.0001,0.0,0.8008471901052517,0.0,-1.9718099989181574,0.8008471901052517,0.0,6.243388250837259e-09,4.999999937419161e-09,2.481541837659083e-24,True,3.295974604355943e-17
0.202,sdf_ncp,0.0001,0.0,0.7988655701063399,0.0,-1.9816199989118986,0.7988655701063399,0.0,6.258875306919265e-09,4.999999990286551e-09,0.0,True,2.0816681711721685e-17
0.203,sdf_ncp,0.0001,0.0,0.7968741401074342,0.0,-1.991429998905624,0.7968741401074342,0.0,6.274516572979394e-09,4.999999998682799e-09,0.0,True,7.632783294297951e-17
0.20400000000000001,sdf_ncp,0.0001,0.0,0.7948729001085348,0.0,-2.001239998899334,0.7948729001085348,0.0,6.290313825374483e-09,4.999999992968227e-09,0.0,True,1.0755285551056204e-16
0.20500000000000002,sdf_ncp,0.0001,0.0,0.7928618501096418,0.0,-2.0110499988930277,0.7928618501096418,0.0,6.306268951483674e-09,5.000000068162337e-09,8.271806125530277e-25,True,7.632783294297951e-17
0.20600000000000002,sdf_ncp,0.0001,0.0,0.7908409901107551,0.0,-2.0208599988867055,0.7908409901107551,0.0,6.3223833945968985e-09,4.9999999436428085e-09,8.271806125530277e-25,True,2.0296264668928643e-16
0.20700000000000002,sdf_ncp,0.0001,0.0,0.7888103201118748,0.0,-2.030669998880367,0.7888103201118748,0.0,6.338659486182507e-09,5.000000018375795e-09,0.0,True,4.85722573273506e-17
0.20800000000000002,sdf_ncp,0.0001,0.0,0.7867698401130008,0.0,-2.040479998874012,0.7867698401130008,0.0,6.355098780552737e-09,5.000000051477803e-09,0.0,True,5.724587470723463e-17
0.209,sdf_ncp,0.0001,0.0,0.7847195501141331,0.0,-2.05028999886764,0.7847195501141331,0.0,6.371703165086728e-09,5.000000041167655e-09,0.0,True,2.1510571102112408e-16
0.21,sdf_ncp,0.0001,0.0,0.7826594501152718,0.0,-2.0600999988612516,0.7826594501152718,0.0,6.388474527163623e-09,4.999999960505303e-09,0.0,True,1.249000902703301e-16
0.211,sdf_ncp,0.0001,0.0,0.780589540116417,0.0,-2.0699099988548464,0.780589540116417,0.0,6.405415087229471e-09,5.000000017195212e-09,0.0,True,1.8908485888147197e-16
0.212,sdf_ncp,0.0001,0.0,0.7785098201175686,0.0,-2.079719998848424,0.7785098201175686,0.0,6.4225266216411114e-09,5.000000044914117e-09,0.0,True,1.734723475976807e-17
0.213,sdf_ncp,0.0001,0.0,0.7764202901187267,0.0,-2.089529998841984,0.7764202901187267,0.0,6.439811017777688e-09,4.999999938732726e-09,2.481541837659083e-24,True,5.3776427755281075e-17
0.214,sdf_ncp,0.0001,0.0,0.7743209501198912,0.0,-2.099339998835527,0.7743209501198912,0.0,6.457270718129848e-09,4.999999997643656e-09,0.0,True,8.673617379884035e-17
0.215,sdf_ncp,0.0001,0.0,0.7722118001210622,0.0,-2.109149998829052,0.7722118001210622,0.0,6.474907499054439e-09,4.999999975462193e-09,0.0,True,3.9898639947466563e-17
0.216,sdf_ncp,0.0001,0.0,0.7700928401222396,0.0,-2.118959998822559,0.7700928401222396,0.0,6.492723580997508e-09,4.999999942619009e-09,2.481541837659083e-24,True,1.2143064331837904e-17
0.217,sdf_ncp,0.0001,0.0,0.7679640701234235,0.0,-2.1287699988160482,0.7679640701234235,0.0,6.510721295427402e-09,5.000000025475676e-09,0.0,True,1.97758476261356e-16
0.218,sdf_ncp,0.0001,0.0,0.765825490124614,0.0,-2.1385799988095195,0.765825490124614,0.0,6.528902529723268e-09,4.9999999798011545e-09,0.0,True,2.203098814490545e-16
0.219,sdf_ncp,0.0001,0.0,0.763677100125811,0.0,-2.148389998802972,0.763677100125811,0.0,6.547269837398062e-09,5.0000000431653426e-09,0.0,True,6.418476861114186e-17
0.22,sdf_ncp,0.0001,0.0,0.7615189001270146,0.0,-2.1581999987964062,0.7615189001270146,0.0,6.565825216853227e-09,4.9999999975642866e-09,0.0,True,1.5959455978986625e-16
0.221,sdf_ncp,0.0001,0.0,0.7593508901282248,0.0,-2.1680099987898216,0.7593508901282248,0.0,6.5845712216017205e-09,5.0000000182359585e-09,0.0,True,6.591949208711867e-17
0.222,sdf_ncp,0.0001,0.0,0.7571730701294416,0.0,-2.1778199987832183,0.7571730701294416,0.0,6.603510072089591e-09,4.999999994914766e-09,0.0,True,2.220446049250313e-16
0.223,sdf_ncp,0.0001,0.0,0.7549854401306649,0.0,-2.1876299987765955,0.7549854401306649,0.0,6.622644321829796e-09,5.000000038145518e-09,0.0,True,1.8561541192951836e-16
0.224,sdf_ncp,0.0001,0.0,0.752788000131895,0.0,-2.1974399987699536,0.752788000131895,0.0,6.641976191268384e-09,4.999999973948587e-09,0.0,True,5.204170427930421e-17
0.225,sdf_ncp,0.0001,0.0,0.7505807501331316,0.0,-2.207249998763292,0.7505807501331316,0.0,6.661508455962917e-09,5.000000013894845e-09,0.0,True,4.336808689942018e-17
0.226,sdf_ncp,0.0001,0.0,0.748363690134375,0.0,-2.2170599987566106,0.748363690134375,0.0,6.681243447381746e-09,5.000000000968716e-09,0.0,True,2.0469737016526324e-16
0.227,sdf_ncp,0.0001,0.0,0.7461368201356251,0.0,-2.2268699987499097,0.7461368201356251,0.0,6.701183830060131e-09,4.999999994105336e-09,0.0,True,1.960237527853792e-16
0.228,sdf_ncp,0.0001,0.0,0.7439001401368819,0.0,-2.2366799987431882,0.7439001401368819,0.0,6.721332268533331e-09,5.000000016468491e-09,0.0,True,8.326672684688674e-17
0.229,sdf_ncp,0.0001,0.0,0.7416536501381454,0.0,-2.2464899987364464,0.7416536501381454,0.0,6.741691427336605e-09,5.000000055189237e-09,0.0,True,1.5265566588595902e-16
0.23,sdf_ncp,0.0001,0.0,0.7393973501394158,0.0,-2.256299998729684,0.7393973501394158,0.0,6.762263859982909e-09,4.9999999790149e-09,0.0,True,8.673617379884035e-18
0.231,sdf_ncp,0.0001,0.0,0.7371312401406929,0.0,-2.266109998722901,0.7371312401406929,0.0,6.78305256407441e-09,4.999999948495676e-09,0.0,True,9.194034422677078e-17
0.232,sdf_ncp,0.0001,0.0,0.7348553201419767,0.0,-2.275919998716097,0.7348553201419767,0.0,6.804060426190972e-09,5.000000002753922e-09,0.0,True,4.163336342344337e-17
0.233,sdf_ncp,0.0001,0.0,0.7325695901432675,0.0,-2.2857299987092716,0.7325695901432675,0.0,6.825290221890157e-09,5.000000060458923e-09,0.0,True,4.336808689942018e-17
0.234,sdf_ncp,0.0001,0.0,0.730274050144565,0.0,-2.295539998702425,0.730274050144565,0.0,6.846744726729526e-09,5.0000000018947135e-09,0.0,True,9.540979117872439e-17
0.23500000000000001,sdf_ncp,0.0001,0.0,0.7279687001458695,0.0,-2.3053499986955566,0.7279687001458695,0.0,6.86842716035585e-09,4.999999991970833e-09,0.0,True,1.734723475976807e-17
0.23600000000000002,sdf_ncp,0.0001,0.0,0.7256535401471808,0.0,-2.3151599986886664,0.7256535401471808,0.0,6.890340520371296e-09,4.9999999914269985e-09,0.0,True,1.700029006457271e-16
0.23700000000000002,sdf_ncp,0.0001,0.0,0.723328570148499,0.0,-2.324969998681754,0.723328570148499,0.0,6.912487915400334e-09,5.000000000015302e-09,0.0,True,1.1275702593849246e-16
0.23800000000000002,sdf_ncp,0.0001,0.0,0.7209937901498242,0.0,-2.334779998674819,0.7209937901498242,0.0,6.934872565089734e-09,5.0000000549100805e-09,0.0,True,1.5092094240998222e-16
0.23900000000000002,sdf_ncp,0.0001,0.0,0.7186492001511564,0.0,-2.3445899986678613,0.7186492001511564,0.0,6.957497467041662e-09,4.999999989743187e-09,0.0,True,1.734723475976807e-16
0.24,sdf_ncp,0.0001,0.0,0.7162948001524956,0.0,-2.354399998660881,0.7162948001524956,0.0,6.980366173969799e-09,4.999999993574937e-09,0.0,True,4.683753385137379e-17
0.241,sdf_ncp,0.0001,0.0,0.7139305901538417,0.0,-2.3642099986538776,0.7139305901538417,0.0,7.003481905520914e-09,4.999999969940298e-09,0.0,True,6.938893903907228e-17
0.242,sdf_ncp,0.0001,0.0,0.7115565701551949,0.0,-2.3740199986468506,0.7115565701551949,0.0,7.0268482144086875e-09,5.000000014445801e-09,0.0,True,1.0061396160665481e-16
0.243,sdf_ncp,0.0001,0.0,0.7091727401565551,0.0,-2.3838299986398,0.7091727401565551,0.0,7.0504684313021926e-09,5.000000016813865e-09,0.0,True,1.734723475976807e-17
0.244,sdf_ncp,0.0001,0.0,0.7067791001579223,0.0,-2.3936399986327257,0.7067791001579223,0.0,7.074346108915108e-09,4.9999999770647194e-09,0.0,True,1.214306433183765e-16
0.245,sdf_ncp,0.0001,0.0,0.7043756501592967,0.0,-2.4034499986256272,0.7043756501592967,0.0,7.098485022005718e-09,5.000000002521308e-09,0.0,True,3.642919299551295e-17
0.246,sdf_ncp,0.0001,0.0,0.7019623901606782,0.0,-2.4132599986185044,0.7019623901606782,0.0,7.122888723287701e-09,4.999999993047576e-09,0.0,True,1.5612511283791264e-17
0.247,sdf_ncp,0.0001,0.0,0.6995393201620669,0.0,-2.4230699986113566,0.6995393201620669,0.0,7.147560987519341e-09,4.999999954026192e-09,0.0,True,1.8214596497756474e-16
0.248,sdf_ncp,0.0001,0.0,0.6971064401634627,0.0,-2.432879998604184,0.6971064401634627,0.0,7.172505811503527e-09,4.999999993308972e-09,0.0,True,1.0581813203458523e-16
0.249,sdf_ncp,0.0001,0.0,0.6946637501648657,0.0,-2.442689998596986,0.6946637501648657,0.0,7.1977269699985405e-09,5.000000009641982e-09,8.271806125530277e-25,True,1.97758476261356e-16
0.25,sdf_ncp,0.0001,0.0,0.6922112501662759,0.0,-2.452499998589763,0.6922112501662759,0.0,7.223228459807274e-09,5.0000000023998165e-09,0.0,True,8.673617379884035e-18
0.251,sdf_ncp,0.0001,0.0,0.6897489401676934,0.0,-2.462309998582514,0.6897489401676934,0.0,7.249014388754915e-09,4.9999999919040625e-09,0.0,True,1.9081958235744878e-17
0.252,sdf_ncp,0.0001,0.0,0.6872768201691182,0.0,-2.4721199985752387,0.6872768201691182,0.0,7.275088975688959e-09,5.000000017658915e-09,0.0,True,1.0755285551056204e-16
0.253,sdf_ncp,0.0001,0.0,0.6847948901705503,0.0,-2.4819299985679373,0.6847948901705503,0.0,7.301456328434597e-09,4.999999984515439e-09,0.0,True,6.071532165918825e-17
0.254,sdf_ncp,0.0001,0.0,0.6823031501719897,0.0,-2.4917399985606092,0.6823031501719897,0.0,7.3281208878839266e-09,4.999999966644361e-09,0.0,True,7.806255641895632e-17
0.255,sdf_ncp,0.0001,0.0,0.6798016001734365,0.0,-2.501549998553254,0.6798016001734365,0.0,7.355087094929047e-09,4.999999976547759e-09,0.0,True,4.5102810375396984e-17
0.256,sdf_ncp,0.0001,0.0,0.6772902401748906,0.0,-2.511359998545872,0.6772902401748906,0.0,7.3823595004677855e-09,5.0000000391292115e-09,1.016573539964394e-18,True,1.3878160132248985e-16
0.257,sdf_ncp,0.0001,0.0,0.6747690701763521,0.0,-2.521169998538462,0.6747690701763521,0.0,7.409942437419659e-09,4.999999968557955e-09,0.0,True,1.8735013540549517e-16
0.258,sdf_ncp,0.0001,0.0,0.6722380901778211,0.0,-2.5309799985310244,0.6722380901778211,0.0,7.437840898738557e-09,4.999999960814496e-09,0.0,True,1.0755285551056204e-16
0.259,sdf_ncp,0.0001,0.0,0.6696973001792975,0.0,-2.5407899985235582,0.6696973001792975,0.0,7.46605965940006e-09,4.999999996877785e-09,0.0,True,9.367506770274758e-17
0.26,sdf_ncp,0.0001,0.0,0.6671467001807815,0.0,-2.5505999985160637,0.6671467001807815,0.0,7.494603493363172e-09,4.999999989760598e-09,0.0,True,2.7755575615628914e-17
0.261,sdf_ncp,0.0001,0.0,0.6645862901822729,0.0,-2.5604099985085402,0.6645862901822729,0.0,7.523477507653809e-09,5.000000006081417e-09,0.0,True,3.469446951953614e-17
0.262,sdf_ncp,0.0001,0.0,0.662016070183772,0.0,-2.5702199985009875,0.662016070183772,0.0,7.552686698275579e-09,4.999999967321647e-09,0.0,True,6.418476861114186e-17
0.263,sdf_ncp,0.0001,0.0,0.6594360401852786,0.0,-2.5800299984934054,0.6594360401852786,0.0,7.582236505321305e-09,5.000000016817346e-09,0.0,True,1.7520707107365752e-16
0.264,sdf_ncp,0.0001,0.0,0.6568462001867927,0.0,-2.589839998485793,0.6568462001867927,0.0,7.612132035816899e-09,5.000000003046485e-09,0.0,True,1.2836953722228372e-16
0.265,sdf_ncp,0.0001,0.0,0.6542465501883146,0.0,-2.5996499984781507,0.6542465501883146,0.0,7.642378840877484e-09,4.999999991876264e-09,0.0,True,7.806255641895632e-17
0.266,sdf_ncp,0.0001,0.0,0.6516370901898441,0.0,-2.6094599984704776,0.6516370901898441,0.0,7.672982471618184e-09,4.999999970882951e-09,0.0,True,1.1796119636642288e-16
0.267,sdf_ncp,0.0001,0.0,0.6490178201913813,0.0,-2.619269998462774,0.6490178201913813,0.0,7.703948701198726e-09,4.999999992918221e-09,0.0,True,2.0816681711721685e-16
0.268,sdf_ncp,0.0001,0.0,0.6463887401929262,0.0,-2.6290799984550386,0.6463887401929262,0.0,7.73528330277884e-09,5.0000000291185915e-09,0.0,True,1.0408340855860843e-17
0.269,sdf_ncp,0.0001,0.0,0.643749850194479,0.0,-2.638889998447272,0.643749850194479,0.0,7.766992049518251e-09,4.999999968339083e-09,0.0,True,1.8908485888147197e-16
0.27,sdf_ncp,0.0001,0.0,0.6411011501960395,0.0,-2.6486999984394726,0.6411011501960395,0.0,7.799081269688202e-09,4.9999999724694945e-09,0.0,True,1.4051260155412137e-16
0.271,sdf_ncp,0.0001,0.0,0.6384426401976079,0.0,-2.658509998431641,0.6384426401976079,0.0,7.831557069515327e-09,4.999999972319606e-09,0.0,True,8.153200337090993e-17
0.272,sdf_ncp,0.0001,0.0,0.6357743201991841,0.0,-2.6683199984237764,0.6357743201991841,0.0,7.864425777270867e-09,4.999999952301326e-09,0.0,True,7.632783294297951e-17
0.273,sdf_ncp,0.0001,0.0,0.6330961902007682,0.0,-2.6781299984158786,0.6330961902007682,0.0,7.89769405429297e-09,5.000000017144138e-09,0.0,True,1.1449174941446927e-16
0.274,sdf_ncp,0.0001,0.0,0.6304082502023602,0.0,-2.687939998407947,0.6304082502023602,0.0,7.931368228852875e-09,4.9999999668617344e-09,0.0,True,1.9255430583342559e-16
0.275,sdf_ncp,0.0001,0.0,0.6277105002039602,0.0,-2.6977499983999818,0.6277105002039602,0.0,7.965455406377941e-09,4.999999997489837e-09,0.0,True,1.457167719820518e-16
0.276,sdf_ncp,0.0001,0.0,0.6250029402055682,0.0,-2.707559998391982,0.6250029402055682,0.0,7.999962359228618e-09,4.999999996051761e-09,0.0,True,1.214306433183765e-17
0.277,sdf_ncp,0.0001,0.0,0.6222855702071843,0.0,-2.7173699983839468,0.6222855702071843,0.0,8.034896303854566e-09,5.000000027999736e-09,0.0,True,1.3530843112619095e-16
0.278,sdf_ncp,0.0001,0.0,0.6195583902088084,0.0,-2.7271799983758767,0.6195583902088084,0.0,8.070264345683142e-09,4.99999998657099e-09,0.0,True,1.491862189340054e-16
0.279,sdf_ncp,0.0001,0.0,0.6168214002104406,0.0,-2.7369899983677706,0.6168214002104406,0.0,8.106074145253217e-09,5.00000000448474e-09,0.0,True,1.214306433183765e-17
0.28,sdf_ncp,0.0001,0.0,0.614074600212081,0.0,-2.746799998359628,0.614074600212081,0.0,8.142333141059055e-09,4.999999968389417e-09,0.0,True,1.682681771697503e-16
0.281,sdf_ncp,0.0001,0.0,0.6113179902137296,0.0,-2.756609998351449,0.6113179902137296,0.0,8.179049326706433e-09,4.999999996261135e-09,0.0,True,1.3183898417423734e-16
0.28200000000000003,sdf_ncp,0.0001,0.0,0.6085515702153863,0.0,-2.766419998343233,0.6085515702153863,0.0,8.216230584778828e-09,5.000000023618837e-09,0.0,True,1.0408340855860843e-17
0.28300000000000003,sdf_ncp,0.0001,0.0,0.6057753402170514,0.0,-2.776229998334979,0.6057753402170514,0.0,8.253885019904317e-09,5.0000000060449616e-09,0.0,True,8.326672684688674e-17
0.28400000000000003,sdf_ncp,0.0001,0.0,0.6029893002187247,0.0,-2.786039998326687,0.6029893002187247,0.0,8.292021069777888e-09,4.99999998226429e-09,0.0,True,1.3877787807814457e-16
0.28500000000000003,sdf_ncp,0.0001,0.0,0.6001934502204063,0.0,-2.795849998318356,0.6001934502204063,0.0,8.330647394139135e-09,5.000000002058004e-09,0.0,True,1.474514954580286e-16
0.28600000000000003,sdf_ncp,0.0001,0.0,0.5973877902220963,0.0,-2.805659998309986,0.5973877902220963,0.0,8.369772652727647e-09,4.999999989674302e-09,0.0,True,1.0408340855860843e-16
0.28700000000000003,sdf_ncp,0.0001,0.0,0.5945723202237947,0.0,-2.8154699983015767,0.5945723202237947,0.0,8.409405949372228e-09,5.000000007022029e-09,0.0,True,6.938893903907228e-18
0.28800000000000003,sdf_ncp,0.0001,0.0,0.5917470402255016,0.0,-2.8252799982931274,0.5917470402255016,0.0,8.44955638790168e-09,4.9999999837593e-09,0.0,True,1.8735013540549517e-16
0.289,sdf_ncp,0.0001,0.0,0.588911950227217,0.0,-2.835089998284637,0.588911950227217,0.0,8.490233516234014e-09,4.999999977929855e-09,0.0,True,1.0408340855860843e-17
0.29,sdf_ncp,0.0001,0.0,0.5860670502289409,0.0,-2.8448999982761056,0.5860670502289409,0.0,8.531446993309544e-09,4.9999999735534916e-09,0.0,True,7.632783294297951e-17
0.291,sdf_ncp,0.0001,0.0,0.5832123402306734,0.0,-2.8547099982675324,0.5832123402306734,0.0,8.573206811135492e-09,5.0000000076038786e-09,0.0,True,6.245004513516506e-17
0.292,sdf_ncp,0.0001,0.0,0.5803478202324145,0.0,-2.864519998258917,0.5803478202324145,0.0,8.61552296171908e-09,4.999999970995984e-09,0.0,True,6.591949208711867e-17
0.293,sdf_ncp,0.0001,0.0,0.5774734902341643,0.0,-2.8743299982502584,0.5774734902341643,0.0,8.658406103201344e-09,4.999999992280469e-09,0.0,True,1.2836953722228372e-16
0.294,sdf_ncp,0.0001,0.0,0.5745893502359227,0.0,-2.8841399982415563,0.5745893502359227,0.0,8.701866782701018e-09,4.999999980511737e-09,0.0,True,1.8908485888147197e-16
0.295,sdf_ncp,0.0001,0.0,0.5716954002376899,0.0,-2.8939499982328103,0.5716954002376899,0.0,8.745916102448348e-09,5.000000006634466e-09,0.0,True,1.0408340855860843e-16
0.296,sdf_ncp,0.0001,0.0,0.5687916402394659,0.0,-2.90375999822402,0.5687916402394659,0.0,8.79056516467358e-09,4.9999999786465965e-09,0.0,True,1.3704315460216776e-16
0.297,sdf_ncp,0.0001,0.0,0.5658780702412507,0.0,-2.913569998215184,0.5658780702412507,0.0,8.835825626718474e-09,4.999999954635639e-09,0.0,True,1.0061396160665481e-16
0.298,sdf_ncp,0.0001,0.0,0.5629546902430443,0.0,-2.9233799982063022,0.5629546902430443,0.0,8.881709478991695e-09,5.000000008574481e-09,0.0,True,2.0122792321330962e-16
0.299,sdf_ncp,0.0001,0.0,0.560021500244847,0.0,-2.933189998197374,0.560021500244847,0.0,8.928228600879606e-09,4.999999975593548e-09,0.0,True,1.3357370765021415e-16
0.3,sdf_ncp,0.0001,0.0,0.5570785002466586,0.0,-2.9429999981883985,0.5570785002466586,0.0,8.975395759946991e-09,5.000000009071489e-09,0.0,True,2.1684043449710089e-16
0.301,sdf_ncp,0.0001,0.0,0.5541256902484792,0.0,-2.9528099981793754,0.5541256902484792,0.0,9.02322361273633e-09,5.000000012673896e-09,0.0,True,9.194034422677078e-17
0.302,sdf_ncp,0.0001,0.0,0.551163070250309,0.0,-2.962619998170304,0.551163070250309,0.0,9.071725370901618e-09,5.000000007893758e-09,0.0,True,1.8735013540549517e-16
0.303,sdf_ncp,0.0001,0.0,0.5481906402521478,0.0,-2.972429998161183,0.5481906402521478,0.0,9.120914579163752e-09,5.000000002836927e-09,0.0,True,8.326672684688674e-17
0.304,sdf_ncp,0.0001,0.0,0.5452084002539958,0.0,-2.982239998152012,0.5452084002539958,0.0,9.170805226332845e-09,5.000000046489914e-09,0.0,True,2.0816681711721685e-16
0.305,sdf_ncp,0.0001,0.0,0.5422163502558529,0.0,-2.992049998142791,0.5422163502558529,0.0,9.221411301219007e-09,4.999999979955046e-09,0.0,True,2.1684043449710089e-16
0.306,sdf_ncp,0.0001,0.0,0.5392144902577194,0.0,-3.001859998133518,0.5392144902577194,0.0,9.272747902855372e-09,5.0000000337264954e-09,0.0,True,3.8163916471489756e-17
0.307,sdf_ncp,0.0001,0.0,0.5362028202595952,0.0,-3.0116699981241934,0.5362028202595952,0.0,9.324829797208159e-09,5.000000035703724e-09,8.271806125530277e-24,True,1.6132928326584326e-16
0.308,sdf_ncp,0.0001,0.0,0.5331813402614803,0.0,-3.021479998114816,0.5331813402614803,0.0,9.377672527399739e-09,5.000000006692256e-09,0.0,True,1.5785983631388945e-16
0.309,sdf_ncp,0.0001,0.0,0.5301500502633749,0.0,-3.0312899981053847,0.5301500502633749,0.0,9.43129208064164e-09,4.9999999706007355e-09,0.0,True,4.163336342344337e-17
0.31,sdf_ncp,0.0001,0.0,0.527108950265279,0.0,-3.041099998095899,0.527108950265279,0.0,9.485704999256939e-09,5.000000004684435e-09,0.0,True,1.6653345369377348e-16
0.311,sdf_ncp,0.0001,0.0,0.5240580402671927,0.0,-3.050909998086358,0.5240580402671927,0.0,9.540927936591004e-09,4.999999996780392e-09,0.0,True,1.0408340855860843e-17
0.312,sdf_ncp,0.0001,0.0,0.5209973202691159,0.0,-3.060719998076761,0.5209973202691159,0.0,9.596978323145322e-09,4.999999989039506e-09,0.0,True,8.500145032286355e-17
0.313,sdf_ncp,0.0001,0.0,0.5179267902710488,0.0,-3.0705299980671072,0.5179267902710488,0.0,9.65387403351059e-09,4.999999991857164e-09,0.0,True,1.3704315460216776e-16
0.314,sdf_ncp,0.0001,0.0,0.5148464502729915,0.0,-3.080339998057396,0.5148464502729915,0.0,9.711633497389016e-09,5.000000032483012e-09,0.0,True,1.6479873021779667e-16
0.315,sdf_ncp,0.0001,0.0,0.5117563002749439,0.0,-3.0901499980476257,0.5117563002749439,0.0,9.770275477549717e-09,5.000000031057854e-09,0.0,True,1.8561541192951836e-16
0.316,sdf_ncp,0.0001,0.0,0.5086563402769061,0.0,-3.099959998037796,0.5086563402769061,0.0,9.829819513917926e-09,5.000000019532008e-09,0.0,True,2.220446049250313e-16
0.317,sdf_ncp,0.0001,0.0,0.5055465702788782,0.0,-3.1097699980279057,0.5055465702788782,0.0,9.890285701530388e-09,5.0000000154869164e-09,0.0,True,1.5092094240998222e-16
0.318,sdf_ncp,0.0001,0.0,0.5024269902808602,0.0,-3.119579998017954,0.5024269902808602,0.0,9.951694690535362e-09,5.000000011559699e-09,0.0,True,2.6020852139652106e-17
0.319,sdf_ncp,0.0001,0.0,0.4992976002828523,0.0,-3.12938999800794,0.4992976002828523,0.0,1.001406774170377e-08,4.999999992502614e-09,0.0,True,1.734723475976807e-16
0.32,sdf_ncp,0.0001,0.0,0.4961584002848544,0.0,-3.1391999979978626,0.4961584002848544,0.0,1.0077426892962649e-08,5.000000006199919e-09,0.0,True,2.7755575615628914e-17
0.321,sdf_ncp,0.0001,0.0,0.4930093902868667,0.0,-3.149009997987721,0.4930093902868667,0.0,1.0141794626328249e-08,4.999999985140711e-09,0.0,True,3.469446951953614e-18
0.322,sdf_ncp,0.0001,0.0,0.4898505702888892,0.0,-3.158819997977514,0.4898505702888892,0.0,1.020719436750639e-08,4.9999999819725425e-09,0.0,True,1.231653667943533e-16
0.323,sdf_ncp,0.0001,0.0,0.48668194029092193,0.0,-3.16862999796724,0.48668194029092193,0.0,1.0273650152825553e-08,4.999999990247267e-09,0.0,True,3.642919299551295e-17
0.324,sdf_ncp,0.0001,0.0,0.483503500292965,0.0,-3.178439997956899,0.483503500292965,0.0,1.034118674025919e-08,4.999999986098515e-09,0.0,True,0.0
0.325,sdf_ncp,0.0001,0.0,0.48031525029501854,0.0,-3.188249997946489,0.48031525029501854,0.0,1.0409829775959167e-08,4.999999994368364e-09,0.0,True,1.9255430583342559e-16
0.326,sdf_ncp,0.0001,0.0,0.47711719029708255,0.0,-3.198059997936009,0.47711719029708255,0.0,1.0479605627722322e-08,4.999999992520368e-09,0.0,True,1.3877787807814457e-16
0.327,sdf_ncp,0.0001,0.0,0.4739093202991571,0.0,-3.207869997925459,0.4739093202991571,0.0,1.0550541607035058e-08,5.000000001777961e-09,0.0,True,1.8735013540549517e-16
0.328,sdf_ncp,0.0001,0.0,0.4706916403012423,0.0,-3.217679997914836,0.4706916403012423,0.0,1.0622665802539899e-08,4.999999990969417e-09,0.0,True,7.45931094670027e-17
0.329,sdf_ncp,0.0001,0.0,0.46746415030333816,0.0,-3.22748999790414,0.46746415030333816,0.0,1.0696007357591242e-08,4.999999991054643e-09,0.0,True,6.938893903907228e-18
0.33,sdf_ncp,0.0001,0.0,0.4642268503054448,0.0,-3.2372999978933694,0.4642268503054448,0.0,1.0770596303721902e-08,4.9999999979882844e-09,0.0,True,2.42861286636753e-17
0.331,sdf_ncp,0.0001,0.0,0.4609797403075623,0.0,-3.247109997882523,0.4609797403075623,0.0,1.0846463616154265e-08,4.999999981030216e-09,1.6543612251060553e-24,True,9.714451465470121e-17
0.332,sdf_ncp,0.0001,0.0,0.4577228203096907,0.0,-3.256919997871599,0.4577228203096907,0.0,1.0923641491356051e-08,4.999999991475447e-09,0.0,True,1.9255430583342559e-16
0.333,sdf_ncp,0.0001,0.0,0.4544560903118301,0.0,-3.266729997860597,0.4544560903118301,0.0,1.1002163013973387e-08,4.999999988303766e-09,0.0,True,1.700029006457271e-16
0.334,sdf_ncp,0.0001,0.0,0.4511795503139806,0.0,-3.276539997849515,0.4511795503139806,0.0,1.1082062545408888e-08,4.99999999578899e-09,0.0,True,1.3530843112619095e-16
0.335,sdf_ncp,0.0001,0.0,0.44789320031614227,0.0,-3.286349997838352,0.44789320031614227,0.0,1.1163375501777038e-08,4.999999979821738e-09,1.6543612251060553e-24,True,1.7867651802561113e-16
0.336,sdf_ncp,0.0001,0.0,0.44459704031831515,0.0,-3.2961599978271057,0.44459704031831515,0.0,1.1246138742482259e-08,4.999999999916751e-09,0.0,True,1.0408340855860843e-16
0.337,sdf_ncp,0.0001,0.0,0.44129107032049936,0.0,-3.3059699978157755,0.44129107032049936,0.0,1.1330390181640837e-08,5.000000010405162e-09,0.0,True,2.1684043449710089e-16
0.338,sdf_ncp,0.0001,0.0,0.437975290322695,0.0,-3.315779997804359,0.437975290322695,0.0,1.1416169176658997e-08,5.000000009520226e-09,0.0,True,1.5785983631388945e-16
0.339,sdf_ncp,0.0001,0.0,0.43464970032490213,0.0,-3.325589997792856,0.43464970032490213,0.0,1.1503516528232893e-08,5.0000000116789855e-09,0.0,True,1.474514954580286e-16
0.34,sdf_ncp,0.0001,0.0,0.43131430032712087,0.0,-3.335399997781263,0.43131430032712087,0.0,1.1592474424837462e-08,4.9999999956088126e-09,0.0,True,1.5612511283791264e-16
0.341,sdf_ncp,0.0001,0.0,0.42796909032935126,0.0,-3.34520999776958,0.42796909032935126,0.0,1.1683086720282176e-08,4.999999995918087e-09,0.0,True,1.3877787807814457e-16
0.342,sdf_ncp,0.0001,0.0,0.4246140703315935,0.0,-3.3550199977578044,0.4246140703315935,0.0,1.1775398767177592e-08,5.000000000308905e-09,0.0,True,1.97758476261356e-16
0.343,sdf_ncp,0.0001,0.0,0.42124924033384753,0.0,-3.364829997745935,0.42124924033384753,0.0,1.1869457583468801e-08,4.999999990211058e-09,0.0,True,1.5959455978986625e-16
0.34400000000000003,sdf_ncp,0.0001,0.0,0.41787460033611357,0.0,-3.37463999773397,0.41787460033611357,0.0,1.1965312074480039e-08,5.00000000102022e-09,0.0,True,9.020562075079397e-17
0.34500000000000003,sdf_ncp,0.0001,0.0,0.41449015033839165,0.0,-3.384449997721907,0.41449015033839165,0.0,1.2063012810870077e-08,4.999999993511483e-09,0.0,True,9.194034422677078e-17
0.34600000000000003,sdf_ncp,0.0001,0.0,0.4110958903406819,0.0,-3.3942599977097445,0.4110958903406819,0.0,1.2162612417210283e-08,4.999999980521695e-09,0.0,True,2.1510571102112408e-16
0.34700000000000003,sdf_ncp,0.0001,0.0,0.4076918203429844,0.0,-3.4040699976974804,0.4076918203429844,0.0,1.2264165571984618e-08,4.999999987030167e-09,1.6543612251060553e-24,True,7.112366251504912e-17
0.34800000000000003,sdf_ncp,0.0001,0.0,0.4042779403452993,0.0,-3.413879997685113,0.4042779403452993,0.0,1.2367729007589645e-08,5.000000009937154e-09,0.0,True,1.6132928326584306e-16
0.34900000000000003,sdf_ncp,0.0001,0.0,0.4008542503476267,0.0,-3.4236899976726396,0.4008542503476267,0.0,1.2473361565845663e-08,4.999999999791962e-09,1.6543612251060553e-24,True,1.0061396160665482e-16
0.35000000000000003,sdf_ncp,0.0001,0.0,0.3974207503499666,0.0,-3.4334999976600584,0.3974207503499666,0.0,1.2581124642085937e-08,4.999999995504248e-09,1.6543612251060553e-24,True,4.857225732735063e-17
0.35100000000000003,sdf_ncp,0.0001,0.0,0.39397744035231924,0.0,-3.4433099976473676,0.39397744035231924,0.0,1.2691082018623234e-08,5.0000000089985266e-09,0.0,True,2.185751579730777e-16
0.352,sdf_ncp,0.0001,0.0,0.39052432035468465,0.0,-3.4531199976345643,0.39052432035468465,0.0,1.2803299920260969e-08,4.999999999657103e-09,0.0,True,8.153200337090993e-17
0.353,sdf_ncp,0.0001,0.0,0.387061390357063,0.0,-3.4629299976216465,0.387061390357063,0.0,1.2917847458382425e-08,4.999999997661954e-09,0.0,True,5.551115123125783e-17
0.354,sdf_ncp,0.0001,0.0,0.3835886503594544,0.0,-3.472739997608612,0.3835886503594544,0.0,1.3034796519928449e-08,5.000000004789467e-09,0.0,True,2.0816681711721685e-16
0.355,sdf_ncp,0.0001,0.0,0.38010610036185893,0.0,-3.482549997595458,0.38010610036185893,0.0,1.3154221933930899e-08,5.000000002600904e-09,0.0,True,1.734723475976807e-16
0.356,sdf_ncp,0.0001,0.0,0.37661374036427675,0.0,-3.4923599975821817,0.37661374036427675,0.0,1.3276201749068406e-08,4.999999998547406e-09,0.0,True,2.7755575615628914e-17
0.357,sdf_ncp,0.0001,0.0,0.37311157036670795,0.0,-3.502169997568781,0.37311157036670795,0.0,1.3400817289177523e-08,4.999999982962356e-09,1.6543612251060553e-24,True,1.457167719820518e-16
0.358,sdf_ncp,0.0001,0.0,0.3695995903691527,0.0,-3.511979997555253,0.3695995903691527,0.0,1.352815354183079e-08,5.000000007511662e-09,0.0,True,1.8041124150158794e-16
0.359,sdf_ncp,0.0001,0.0,0.3660778003716111,0.0,-3.5217899975415947,0.3660778003716111,0.0,1.365829882526981e-08,4.999999990772932e-09,0.0,True,2.0990154059319366e-16
0.36,sdf_ncp,0.0001,0.0,0.3625462003740833,0.0,-3.5315999975278034,0.3625462003740833,0.0,1.379134573209484e-08,4.999999993216314e-09,0.0,True,2.7755575615628914e-17
0.361,sdf_ncp,0.0001,0.0,0.3590047903765694,0.0,-3.541409997513876,0.3590047903765694,0.0,1.3927390740686718e-08,4.999999993352809e-09,0.0,True,1.8214596497756474e-16
0.362,sdf_ncp,0.0001,0.0,0.3554535703790696,0.0,-3.5512199974998095,0.3554535703790696,0.0,1.4066534714807231e-08,4.999999987239358e-09,1.6543612251060553e-24,True,1.1796119636642288e-16
0.363,sdf_ncp,0.0001,0.0,0.351892540381584,0.0,-3.561029997485601,0.351892540381584,0.0,1.4208883181154874e-08,4.999999998601751e-09,0.0,True,1.231653667943533e-16
0.364,sdf_ncp,0.0001,0.0,0.34832170038411275,0.0,-3.5708399974712464,0.34832170038411275,0.0,1.4354546384875988e-08,5.0000000050226226e-09,0.0,True,1.249000902703301e-16
0.365,sdf_ncp,0.0001,0.0,0.34474105038665603,0.0,-3.5806499974567427,0.34474105038665603,0.0,1.4503639733653984e-08,4.9999999962095144e-09,0.0,True,3.469446951953614e-18
0.366,sdf_ncp,0.0001,0.0,0.34115059038921397,0.0,-3.5904599974420863,0.34115059038921397,0.0,1.4656284130776241e-08,4.999999984126383e-09,1.6543612251060553e-24,True,1.196959198423997e-16
0.367,sdf_ncp,0.0001,0.0,0.3375503203917867,0.0,-3.6002699974272736,0.3375503203917867,0.0,1.4812606308201026e-08,5.0000000051706565e-09,0.0,True,1.1622647289044608e-16
0.368,sdf_ncp,0.0001,0.0,0.33394024039437437,0.0,-3.610079997412301,0.33394024039437437,0.0,1.4972738826557475e-08,5.000000003102786e-09,0.0,True,1.457167719820518e-16
0.369,sdf_ncp,0.0001,0.0,0.3303203503969772,0.0,-3.619889997397164,0.3303203503969772,0.0,1.5136820963324027e-08,5.000000004501503e-09,0.0,True,8.500145032286355e-17
0.37,sdf_ncp,0.0001,0.0,0.32669065039959533,0.0,-3.629699997381859,0.32669065039959533,0.0,1.5304998768339573e-08,5.00000000199386e-09,0.0,True,2.185751579730777e-16
0.371,sdf_ncp,0.0001,0.0,0.32305114040222893,0.0,-3.6395099973663814,0.32305114040222893,0.0,1.5477425618914964e-08,4.999999996681153e-09,0.0,True,9.71445146547012e-17
0.372,sdf_ncp,0.0001,0.0,0.3194018204048782,0.0,-3.649319997350727,0.3194018204048782,0.0,1.5654262663922225e-08,4.999999991952876e-09,0.0,True,8.673617379884035e-18
0.373,sdf_ncp,0.0001,0.0,0.3157426904075433,0.0,-3.6591299973348916,0.3157426904075433,0.0,1.5835679323394913e-08,4.9999999939998156e-09,0.0,True,2.203098814490545e-16
0.374,sdf_ncp,0.0001,0.0,0.31207375041022445,0.0,-3.6689399973188697,0.31207375041022445,0.0,1.6021853788128482e-08,5.000000000185517e-09,0.0,True,1.231653667943533e-16
0.375,sdf_ncp,0.0001,0.0,0.3083950004129218,0.0,-3.6787499973026567,0.3083950004129218,0.0,1.621297357479179e-08,4.999999992292604e-09,0.0,True,3.8163916471489756e-17
0.376,sdf_ncp,0.0001,0.0,0.30470644041563555,0.0,-3.6885599972862475,0.30470644041563555,0.0,1.640923630308322e-08,4.9999999838515105e-09,0.0,True,1.3877787807814457e-17
0.377,sdf_ncp,0.0001,0.0,0.3010080704183659,0.0,-3.6983699972696367,0.3010080704183659,0.0,1.6610850306353345e-08,4.999999998723743e-09,3.308722450212111e-24,True,1.0408340855861368e-17
0.378,sdf_ncp,0.0001,0.0,0.2972998904211131,0.0,-3.7081799972528184,0.2972998904211131,0.0,1.6818035075694127e-08,4.9999999851023e-09,0.0,True,1.942890293094024e-16
0.379,sdf_ncp,0.0001,0.0,0.29358190042387733,0.0,-3.7179899972357875,0.29358190042387733,0.0,1.703102264771772e-08,4.999999995079063e-09,0.0,True,7.45931094670027e-17
0.38,sdf_ncp,0.0001,0.0,0.28985410042665877,0.0,-3.7277999972185376,0.28985410042665877,0.0,1.725005782660105e-08,4.999999993637292e-09,0.0,True,1.734723475976807e-16
0.381,sdf_ncp,0.0001,0.0,0.2861164904294577,0.0,-3.737609997201062,0.2861164904294577,0.0,1.7475399571864614e-08,4.999999994354351e-09,0.0,True,8.153200337090993e-17
0.382,sdf_ncp,0.0001,0.0,0.2823690704322743,0.0,-3.747419997183355,0.2823690704322743,0.0,1.7707321831039742e-08,5.000000005275809e-09,6.617444900424222e-24,True,2.6020852139652948e-17
0.383,sdf_ncp,0.0001,0.0,0.2786118404351089,0.0,-3.7572299971654086,0.2786118404351089,0.0,1.79461145388693e-08,5.000000000333641e-09,3.308722450212111e-24,True,1.0061396160665486e-16
0.384,sdf_ncp,0.0001,0.0,0.27484480043796167,0.0,-3.7670399971472164,0.27484480043796167,0.0,1.8192085116108817e-08,5.000000003287341e-09,3.308722450212111e-24,True,1.5612511283791266e-16
0.385,sdf_ncp,0.0001,0.0,0.27106795044083287,0.0,-3.776849997128771,0.27106795044083287,0.0,1.8445559468727172e-08,4.9999999999223725e-09,3.308722450212111e-24,True,1.873501354054952e-16
0.386,sdf_ncp,0.0001,0.0,0.2672812904437228,0.0,-3.786659997110064,0.2672812904437228,0.0,1.8706883597729987e-08,4.999999988181783e-09,3.308722450212111e-24,True,5.724587470723473e-17
0.387,sdf_ncp,0.0001,0.0,0.2634848204466317,0.0,-3.7964699970910876,0.2634848204466317,0.0,1.8976425264494174e-08,5.000000003534173e-09,6.617444900424222e-24,True,7.63278329429798e-17
0.388,sdf_ncp,0.0001,0.0,0.25967854044955985,0.0,-3.806279997071833,0.25967854044955985,0.0,1.9254575267524394e-08,5.000000002446928e-09,6.617444900424222e-24,True,7.285838599102619e-17
0.389,sdf_ncp,0.0001,0.0,0.25586245045250755,0.0,-3.8160899970522912,0.25586245045250755,0.0,1.9541749829432582e-08,4.999999997488492e-09,6.617444900424222e-24,True,7.80625564189566e-17
0.39,sdf_ncp,0.0001,0.0,0.2520365504554751,0.0,-3.8258999970324528,0.2520365504554751,0.0,1.9838392428805924e-08,4.999999994338259e-09,6.617444900424222e-24,True,8.67361737988406e-17
0.391,sdf_ncp,0.0001,0.0,0.24820084045846277,0.0,-3.835709997012308,0.24820084045846277,0.0,2.014497610391964e-08,5.0000000000085035e-09,6.617444900424222e-24,True,7.4593109467003e-17
0.392,sdf_ncp,0.0001,0.0,0.24435532046147093,0.0,-3.845519996991846,0.24435532046147093,0.0,2.0462005867472054e-08,5.000000001030632e-09,9.926167350636332e-24,True,2.4286128663677327e-17
0.393,sdf_ncp,0.0001,0.0,0.24049999046449988,0.0,-3.8553299969710557,0.24049999046449988,0.0,2.079002162092004e-08,5.000000001588016e-09,9.926167350636332e-24,True,1.4051260155412172e-16
0.394,sdf_ncp,0.0001,0.0,0.23663485046754995,0.0,-3.8651399969499263,0.23663485046754995,0.0,2.1129601096570038e-08,4.99999999592583e-09,9.926167350636332e-24,True,1.5439038936193615e-16
0.395,sdf_ncp,0.0001,0.0,0.2327599004706215,0.0,-3.874949996928445,0.2327599004706215,0.0,2.1481363382536158e-08,5.0000000028923695e-09,1.3234889800848443e-23,True,1.9949319973733326e-16
0.396,sdf_ncp,0.0001,0.0,0.2288751404737149,0.0,-3.8847599969065993,0.2288751404737149,0.0,2.1845972392187124e-08,5.000000000046726e-09,1.6543612251060553e-23,True,2.099015405931943e-16
0.397,sdf_ncp,0.0001,0.0,0.22498057047683054,0.0,-3.894569996884375,0.22498057047683054,0.0,2.222414136054953e-08,5.000000001654158e-09,1.9852334701272664e-23,True,1.3877787807828656e-17
0.398,sdf_ncp,0.0001,0.0,0.2210761904799688,0.0,-3.9043799968617585,0.2210761904799688,0.0,2.2616637229688783e-08,5.000000000207031e-09,1.9852334701272664e-23,True,6.418476861114493e-17
0.399,sdf_ncp,0.0001,0.0,0.21716200048313006,0.0,-3.914189996838734,0.21716200048313006,0.0,2.3024285977779636e-08,5.000000002630306e-09,2.3161057151484775e-23,True,8.84708972748202e-17
0.4,sdf_ncp,0.0001,0.0,0.21323800048631478,0.0,-3.923999996815286,0.21323800048631478,0.0,2.3447978253488012e-08,4.999999998220375e-09,2.3161057151484775e-23,True,5.898059818321599e-17
0.401,sdf_ncp,0.0001,0.0,0.20930419048952337,0.0,-3.9338099967913975,0.20930419048952337,0.0,2.3888676037309183e-08,4.9999999998554735e-09,2.9778502051908996e-23,True,1.0234868508263594e-16
0.402,sdf_ncp,0.0001,0.0,0.20536057049275633,0.0,-3.94361999676705,0.20536057049275633,0.0,2.434741969148394e-08,4.9999999978697114e-09,3.3087224502121107e-23,True,1.0234868508263697e-16
0.403,sdf_ncp,0.0001,0.0,0.2014071404960141,0.0,-3.953429996742225,0.2014071404960141,0.0,2.4825336314426885e-08,4.999999998940577e-09,3.639594695233322e-23,True,1.7867651802561483e-16
0.404,sdf_ncp,0.0001,0.0,0.1974439004992972,0.0,-3.963239996716901,0.1974439004992972,0.0,2.5323648844555226e-08,5.000000002743504e-09,4.632211430296955e-23,True,2.2030988144905938e-16
0.405,sdf_ncp,0.0001,0.0,0.19347085050260612,0.0,-3.9730499966910573,0.19347085050260612,0.0,2.5843686468629603e-08,5.000000001208463e-09,4.632211430296955e-23,True,2.1163626406917554e-16
0.406,sdf_ncp,0.0001,0.0,0.18948799050594145,0.0,-3.9828599966646703,0.18948799050594145,0.0,2.6386896528896087e-08,4.999999998948721e-09,5.624828165360588e-23,True,1.2316536679436615e-16
0.40700000000000003,sdf_ncp,0.0001,0.0,0.18549532050930373,0.0,-3.9926699966377153,0.18549532050930373,0.0,2.6954857873517986e-08,5.000000000530948e-09,6.28657265540301e-23,True,1.509209424099953e-16
0.40800000000000003,sdf_ncp,0.0001,0.0,0.18149284051269357,0.0,-4.002479996610166,0.18149284051269357,0.0,2.754929606663133e-08,4.9999999972580966e-09,7.279189390466644e-23,True,9.540979117875216e-17
0.40900000000000003,sdf_ncp,0.0001,0.0,0.17748055051611158,0.0,-4.012289996581994,0.17748055051611158,0.0,2.8172101040890934e-08,5.000000001932843e-09,8.271806125530277e-23,True,1.5612511283793455e-16
0.41000000000000003,sdf_ncp,0.0001,0.0,0.1734584505195584,0.0,-4.022099996553169,0.1734584505195584,0.0,2.8825346859440256e-08,5.000000001927326e-09,9.595295105615121e-23,True,2.792904796322824e-16
0.41100000000000003,sdf_ncp,0.0001,0.0,0.16942654052303474,0.0,-4.031909996523657,0.16942654052303474,0.0,2.9511314975083745e-08,5.000000002514068e-09,1.0918784085699965e-22,True,3.1571967262779777e-16
0.41200000000000003,sdf_ncp,0.0001,0.0,0.16538482052654133,0.0,-4.041719996493424,0.16538482052654133,0.0,3.023252065359485e-08,5.000000002359738e-09,1.3234889800848443e-22,True,3.1051550219987667e-16
0.41300000000000003,sdf_ncp,0.0001,0.0,0.1613332905300789,0.0,-4.051529996462433,0.1613332905300789,0.0,3.099174378240492e-08,5.000000003680499e-09,1.522012327097571e-22,True,4.0766001685457807e-16
0.41400000000000003,sdf_ncp,0.0001,0.0,0.15727195053364826,0.0,-4.0613399964306405,0.15727195053364826,0.0,3.17920645365179e-08,5.000000001149796e-09,1.7205356741102976e-22,True,4.093947403305626e-16
0.41500000000000004,sdf_ncp,0.0001,0.0,0.15320080053725024,0.0,-4.071149996398003,0.15320080053725024,0.0,3.2636905178407204e-08,5.000000000390312e-09,1.9852334701272664e-22,True,2.255140518770723e-16
0.41600000000000004,sdf_ncp,0.0001,0.0,0.14911984054088576,0.0,-4.080959996364474,0.14911984054088576,0.0,3.353007876905091e-08,4.99999999936421e-09,2.3161057151484775e-22,True,3.2786273695969834e-16
0.417,sdf_ncp,0.0001,0.0,0.14502907054455577,0.0,-4.090769996329998,0.14502907054455577,0.0,3.4475846677484434e-08,4.999999999872178e-09,2.779326858178173e-22,True,1.8561541192972645e-16
0.418,sdf_ncp,0.0001,0.0,0.14092849054826126,0.0,-4.100579996294519,0.14092849054826126,0.0,3.547898641542735e-08,5.000000001708442e-09,3.3087224502121107e-22,True,3.139849491519764e-16
0.419,sdf_ncp,0.0001,0.0,0.13681810055200327,0.0,-4.1103899962579735,0.13681810055200327,0.0,3.654487221171936e-08,5.0000000009231295e-09,3.771943593241806e-22,True,2.428612866370459e-16
0.42,sdf_ncp,0.0001,0.0,0.13269790055578298,0.0,-4.120199996220294,0.13269790055578298,0.0,3.767957126865664e-08,5.000000001192737e-09,4.632211430296955e-22,True,2.5153490401706356e-16
0.421,sdf_ncp,0.0001,0.0,0.12856789055960158,0.0,-4.130009996181404,0.12856789055960158,0.0,3.888995905865277e-08,5.000000000120256e-09,5.492479267352104e-22,True,5.37764277580859e-17
0.422,sdf_ncp,0.0001,0.0,0.12442807056346036,0.0,-4.13981999614122,0.12442807056346036,0.0,4.01838586572285e-08,5.0000000005137454e-09,6.551270451419979e-22,True,1.2490009027204825e-16
0.423,sdf_ncp,0.0001,0.0,0.12027844056736071,0.0,-4.14962999609965,0.12027844056736071,0.0,4.1570209718955985e-08,4.999999999054168e-09,7.874759431504823e-22,True,2.1857515797449624e-16
0.424,sdf_ncp,0.0001,0.0,0.11611900057130413,0.0,-4.159439996056591,0.11611900057130413,0.0,4.305927518710825e-08,5.000000000051764e-09,9.661469554619363e-22,True,2.584737979223499e-16
0.425,sdf_ncp,0.0001,0.0,0.1119497505752922,0.0,-4.169249996011928,0.1119497505752922,0.0,4.466289540983167e-08,5.000000001101018e-09,1.1845226371759356e-21,True,1.7000290064985377e-16
0.426,sdf_ncp,0.0001,0.0,0.10777069057932667,0.0,-4.179059995965533,0.10777069057932667,0.0,4.639480338797387e-08,5.000000000414029e-09,1.4558378780933287e-21,True,2.1163626407417778e-16
0.427,sdf_ncp,0.0001,0.0,0.10358182058340941,0.0,-4.188869995917262,0.10358182058340941,0.0,4.827101870996845e-08,4.999999999394351e-09,1.8131799027162367e-21,True,1.7173762413127555e-16
0.428,sdf_ncp,0.0001,0.0,0.09938314058754245,0.0,-4.198679995866952,0.09938314058754245,0.0,5.031034409908268e-08,5.000000000606771e-09,2.2631661559450837e-21,True,2.3939183969549717e-16
0.429,sdf_ncp,0.0001,0.0,0.09517465059172804,0.0,-4.208489995814417,0.09517465059172804,0.0,5.253499717195196e-08,4.999999999677948e-09,2.865353641883688e-21,True,5.204171216744987e-18
0.43,sdf_ncp,0.0001,0.0,0.0909563505959686,0.0,-4.218299995759446,0.0909563505959686,0.0,5.497142274713351e-08,5.000000000147479e-09,3.6594470299345944e-21,True,1.578598363563054e-16
0.431,sdf_ncp,0.0001,0.0,0.0867282406002668,0.0,-4.228109995701794,0.0867282406002668,0.0,5.765134822311363e-08,4.999999999623963e-09,4.71823821400247e-21,True,4.3888503944749393e-16
0.432,sdf_ncp,0.0001,0.0,0.08249032060462562,0.0,-4.237919995641181,0.08249032060462562,0.0,6.061317210648904e-08,4.999999999927632e-09,6.167458647195374e-21,True,1.9775847635752772e-16
0.433,sdf_ncp,0.0001,0.0,0.07824259060904834,0.0,-4.247729995577277,0.07824259060904834,0.0,6.39038145455821e-08,4.999999999846529e-09,8.179161896924338e-21,True,1.3877787831917249e-16
0.434,sdf_ncp,0.0001,0.0,0.07398505061353865,0.0,-4.2575399955096955,0.07398505061353865,0.0,6.758122024498312e-08,5.000000000349779e-09,1.0971723644903359e-20,True,4.0245584657617445e-16
0.435,sdf_ncp,0.0001,0.0,0.06971770061810068,0.0,-4.267349995437978,0.06971770061810068,0.0,7.171779843608122e-08,5.000000000355999e-09,1.503483481376383e-20,True,7.112366410415635e-17
0.436,sdf_ncp,0.0001,0.0,0.0654405406227391,0.0,-4.277159995361572,0.0654405406227391,0.0,7.640523674858776e-08,4.999999999235956e-09,2.0950830554743085e-20,True,4.388850399221917e-16
0.437,sdf_ncp,0.0001,0.0,0.06115357062745929,0.0,-4.286969995279811,0.06115357062745929,0.0,8.176137466373235e-08,5.0000000000967165e-09,2.9871146280514935e-20,True,1.5612539859737417e-17
0.438,sdf_ncp,0.0001,0.0,0.05685679063226742,0.0,-4.29677999519187,0.05685679063226742,0.0,8.794024327495245e-08,5.000000000034635e-09,4.366190145299901e-20,True,2.046973748217999e-16
0.439,sdf_ncp,0.0001,0.0,0.052550200637170696,0.0,-4.306589995096723,0.052550200637170696,0.0,9.514711531856037e-08,5.000000000038365e-09,6.575093253061506e-20,True,1.2143242341000874e-17
0.44,sdf_ncp,0.0001,0.0,0.04823380064217764,0.0,-4.316399994993061,0.04823380064217764,0.0,1.0366174618702518e-07,4.999999999804991e-09,1.0247775172796949e-19,True,3.4867943373057147e-16
0.441,sdf_ncp,0.0001,0.0,0.043907590647298454,0.0,-4.326209994879186,0.043907590647298454,0.0,1.1387552644614988e-07,4.999999999943158e-09,1.6645520902527087e-19,True,2.688821902996005e-16
0.442,sdf_ncp,0.0001,0.0,0.03957157065254562,0.0,-4.336019994752832,0.03957157065254562,0.0,1.2635333693945083e-07,4.999999999884381e-09,2.8410014446501267e-19,True,6.071598633861414e-17
0.443,sdf_ncp,0.0001,0.0,0.03522574065793473,0.0,-4.345829994610891,0.03522574065793473,0.0,1.419416570535731e-07,4.999999999926678e-09,5.157107159798604e-19,True,3.990197272316434e-17
0.444,sdf_ncp,0.0001,0.0,0.030870100663485812,0.0,-4.3556399944489215,0.030870100663485812,0.0,1.619690215604448e-07,4.999999999937235e-09,5.926795411056746e-18,True,2.0998519863847702e-16
0.445,sdf_ncp,0.0001,0.0,0.026504650669225537,0.0,-4.365449994260275,0.026504650669225537,0.0,1.8864613845909978e-07,4.999999999956792e-09,4.738487595397768e-18,True,4.19829822950057e-16
0.446,sdf_ncp,0.0001,0.0,0.022129390675191207,0.0,-4.375259994034331,0.022129390675191207,0.0,2.2594386231625675e-07,4.999999999858058e-09,8.377844062614674e-18,True,2.8992417092963846e-17
0.447,sdf_ncp,0.0001,0.0,0.017744320681438656,0.0,-4.385069993752551,0.017744320681438656,0.0,2.817802997075504e-07,4.99999999972267e-09,1.440056595494797e-17,True,2.4155619586661525e-16
0.448,sdf_ncp,0.0001,0.0,0.013349440688060654,0.0,-4.394879993378003,0.013349440688060654,0.0,3.745475271873344e-07,4.999999999047106e-09,7.147449297388998e-17,True,1.2626147109491814e-16
0.449,sdf_ncp,0.0001,0.0,0.008944750695241636,0.0,-4.404689992819017,0.008944750695241636,0.0,5.589870713671063e-07,4.99999999524201e-09,5.322659749339457e-16,True,6.162198837905248e-16
0.45,sdf_ncp,0.0001,0.0,0.004530250703526311,0.0,-4.414499991715325,0.004530250703526311,0.0,1.1036916616877576e-06,4.9999999268370876e-09,1.6145868872435984e-14,True,1.614681947516759e-14
0.451,sdf_ncp,0.0001,0.0,0.0001059407590071745,0.0,-4.424309944519137,0.0001059407590071745,0.0,4.719618819855147e-05,4.999999999999994e-09,2.710505431213761e-20,True,2.1857515965369862e-16
0.452,sdf_ncp,0.0001,0.0,1.0129678806912804e-12,0.0,-0.10594075799420662,1.0129678806912804e-12,0.0,4328.179186524931,4.3843064978262685e-09,0.0,True,0.0
0.453,sdf_ncp,0.0001,0.0,4.319848792275246e-11,0.0,4.218552004206118e-08,4.319848792275246e-11,0.0,115.75080017972665,5.0002595436128555e-09,0.0,True,0.0
0.454,sdf_ncp,0.0001,0.0,5.096610241354625e-10,0.0,4.6646253621271003e-07,5.096610241354625e-10,0.0,9.810424277016171,4.999990884227465e-09,0.0,True,0.0
0.455,sdf_ncp,0.0001,0.0,5.097072889900449e-10,0.0,4.626485458240519e-11,5.097072889900449e-10,0.0,9.809533583728642,4.999990769219125e-09,0.0,True,5.293955920339377e-23
0.456,sdf_ncp,0.0001,0.0,5.096836820852255e-10,0.0,-2.3606904819306295e-11,5.096836820852255e-10,0.0,9.80999993012824,4.9999968856435666e-09,0.0,True,5.317371464776193e-19
0.457,sdf_ncp,0.0001,0.0,5.096828120807687e-10,0.0,-8.700044568318546e-13,5.096828120807687e-10,0.0,9.8100000227369,4.999988398100949e-09,0.0,True,6.462348535570529e-27
0.458,sdf_ncp,0.0001,0.0,5.096829802431977e-10,0.0,1.6816242895987712e-13,5.096829802431977e-10,0.0,9.810000001038167,4.9999900367149055e-09,0.0,True,6.866245319043687e-27
0.459,sdf_ncp,0.0001,0.0,5.096837191703954e-10,0.0,7.389271977412521e-13,5.096837191703954e-10,0.0,9.810000000570765,4.9999972853524884e-09,0.0,True,1.7165613297609217e-27
0.46,sdf_ncp,0.0001,0.0,5.096844454357216e-10,0.0,7.262653261900085e-13,5.096844454357216e-10,0.0,9.809999999987339,5.000004409717976e-09,0.0,True,1.337908095254836e-27
0.461,sdf_ncp,0.0001,0.0,5.096851803199312e-10,0.0,7.34884209574779e-13,5.096851803199312e-10,0.0,9.81000000000862,5.000011618942918e-09,0.0,True,4.606947686490709e-28
0.462,sdf_ncp,0.0001,0.0,5.09682347705844e-10,0.0,-2.8326140872000496e-12,5.09682347705844e-10,0.0,9.809999996432502,4.999983829176039e-09,0.0,True,8.077935669463161e-28
0.463,sdf_ncp,0.0001,0.0,5.096831120544845e-10,0.0,7.643486404699115e-13,5.096831120544845e-10,0.0,9.810000003596963,4.999991331087804e-09,0.0,True,4.0389678347315804e-28
0.464,sdf_ncp,0.0001,0.0,5.09684199646779e-10,0.0,1.0875922945355751e-12,5.09684199646779e-10,0.0,9.810000000323244,5.000001998699655e-09,0.0,True,5.048709793414476e-29
0.465,sdf_ncp,0.0001,0.0,5.096844302090711e-10,0.0,2.305622920143287e-13,5.096844302090711e-10,0.0,9.80999999914297,5.000004259914172e-09,0.0,True,4.543838814073028e-27
0.466,sdf_ncp,0.0001,0.0,5.096851626561191e-10,0.0,7.324470479911186e-13,5.096851626561191e-10,0.0,9.810000000501885,5.000011445912332e-09,0.0,True,7.068193710780266e-28
0.467,sdf_ncp,0.0001,0.0,5.096823323228741e-10,0.0,-2.8303332450182664e-12,5.096823323228741e-10,0.0,9.80999999643722,4.999983678271509e-09,0.0,True,2.4233807008389483e-27
0.468,sdf_ncp,0.0001,0.0,5.096835368385285e-10,0.0,1.2045156544185716e-12,5.096835368385285e-10,0.0,9.81000000403485,4.9999954984424614e-09,0.0,True,8.077935669463161e-28
0.46900000000000003,sdf_ncp,0.0001,0.0,5.096824869122165e-10,0.0,-1.0499263120241806e-12,5.096824869122165e-10,0.0,9.809999997745559,4.9999851954597946e-09,0.0,True,2.8272774843121063e-27
0.47000000000000003,sdf_ncp,0.0001,0.0,5.096832384817459e-10,0.0,7.515695293672613e-13,5.096832384817459e-10,0.0,9.810000001801496,4.999992570424119e-09,0.0,True,1.0097419586828951e-27
0.47100000000000003,sdf_ncp,0.0001,0.0,5.096821885358939e-10,0.0,-1.049945851949416e-12,5.096821885358939e-10,0.0,9.809999998198485,4.999982268618919e-09,0.0,True,1.0097419586828951e-27
0.47200000000000003,sdf_ncp,0.0001,0.0,5.096829339077143e-10,0.0,7.453718203545938e-13,5.096829339077143e-10,0.0,9.810000001795318,4.99998958254972e-09,0.0,True,1.0097419586828951e-27
0.47300000000000003,sdf_ncp,0.0001,0.0,5.09684908779592e-10,0.0,1.97487187767496e-12,5.09684908779592e-10,0.0,9.8100000012295,5.000008955754455e-09,0.0,True,8.077935669463161e-28
0.47400000000000003,sdf_ncp,0.0001,0.0,5.096820761974792e-10,0.0,-2.8325821127769383e-12,5.096820761974792e-10,0.0,9.809999995192547,4.9999811650469976e-09,0.0,True,6.462348535570529e-27
0.47500000000000003,sdf_ncp,0.0001,0.0,5.09682834200973e-10,0.0,7.580034938395754e-13,5.09682834200973e-10,0.0,9.810000003590586,4.999988605341605e-09,0.0,True,4.0389678347315804e-28
0.47600000000000003,sdf_ncp,0.0001,0.0,5.096834776720832e-10,0.0,6.434711102624049e-13,5.096834776720832e-10,0.0,9.809999999885468,4.999994915904761e-09,0.0,True,0.0
0.47700000000000004,sdf_ncp,0.0001,0.0,5.096824277226785e-10,0.0,-1.0499494046630886e-12,5.096824277226785e-10,0.0,9.80999999830658,4.99998461509637e-09,0.0,True,1.2116903504194741e-27
0.47800000000000004,sdf_ncp,0.0001,0.0,5.096831792868788e-10,0.0,7.515642002967494e-13,5.096831792868788e-10,0.0,9.810000001801514,4.999991989722483e-09,0.0,True,1.2116903504194741e-27
0.47900000000000004,sdf_ncp,0.0001,0.0,5.096833778711951e-10,0.0,1.985843161914508e-13,5.096833778711951e-10,0.0,9.80999999944702,4.999993936634579e-09,0.0,True,6.058451752097371e-28
0.48,sdf_ncp,0.0001,0.0,5.096835763915624e-10,0.0,1.9852036734523225e-13,5.096835763915624e-10,0.0,9.809999999999937,4.999995884401195e-09,0.0,True,1.2863363135760124e-28
0.481,sdf_ncp,0.0001,0.0,5.096836955478588e-10,0.0,1.191562964745073e-13,5.096836955478588e-10,0.0,9.809999999920636,4.999997053284045e-09,0.0,True,5.427363027920561e-28
0.482,sdf_ncp,0.0001,0.0,5.096838940788844e-10,0.0,1.9853102548626734e-13,5.096838940788844e-10,0.0,9.810000000079375,4.999999000954312e-09,0.0,True,7.573064690121713e-28
0.483,sdf_ncp,0.0001,0.0,5.09682846415651e-10,0.0,-1.0476632334107961e-12,5.09682846415651e-10,0.0,9.809999998753806,4.999988722702372e-09,0.0,True,1.474223259677027e-26
0.484,sdf_ncp,0.0001,0.0,5.096829447192945e-10,0.0,9.830364353676301e-14,5.096829447192945e-10,0.0,9.810000001145967,4.99998968828036e-09,0.0,True,9.087677628146056e-27
0.485,sdf_ncp,0.0001,0.0,5.096836836376105e-10,0.0,7.389183159570332e-13,5.096836836376105e-10,0.0,9.810000000640615,4.99999693681147e-09,0.0,True,3.0292258760486853e-28
0.486,sdf_ncp,0.0001,0.0,5.096844098940549e-10,0.0,7.262564444057882e-13,5.096844098940549e-10,0.0,9.809999999987339,5.000004061054225e-09,0.0,True,7.573064690121713e-29
0.487,sdf_ncp,0.0001,0.0,5.096833661618991e-10,0.0,-1.043732155725211e-12,5.096833661618991e-10,0.0,9.809999998230012,4.999993821146096e-09,0.0,True,1.6155871338926322e-27
0.488,sdf_ncp,0.0001,0.0,5.096823288566024e-10,0.0,-1.0373052966802601e-12,5.096823288566024e-10,0.0,9.810000000006427,4.9999836460865455e-09,0.0,True,6.9814190112059545e-28
0.489,sdf_ncp,0.0001,0.0,5.096830826998685e-10,0.0,7.538432661216742e-13,5.096830826998685e-10,0.0,9.810000001791149,4.999991042198629e-09,0.0,True,2.0194839173657902e-27
0.49,sdf_ncp,0.0001,0.0,5.096832812841847e-10,0.0,1.9858431619142746e-13,5.096832812841847e-10,0.0,9.809999999444742,4.999992989114846e-09,0.0,True,1.8175355256292112e-27
0.491,sdf_ncp,0.0001,0.0,5.096834797974467e-10,0.0,1.9851326191785132e-13,5.096834797974467e-10,0.0,9.80999999999993,4.999994936812916e-09,0.0,True,1.3732342726667645e-28
0.492,sdf_ncp,0.0001,0.0,5.096836783231431e-10,0.0,1.9852569641572695e-13,5.096836783231431e-10,0.0,9.810000000000013,4.9999968843500405e-09,0.0,True,1.678193723780817e-28
0.493,sdf_ncp,0.0001,0.0,5.096821023411876e-10,0.0,-1.5759819555147094e-12,5.096821023411876e-10,0.0,9.809999998225493,4.999981423062616e-09,0.0,True,1.4136387421560532e-27
0.494,sdf_ncp,0.0001,0.0,5.09682849983192e-10,0.0,7.476420043953199e-13,5.09682849983192e-10,0.0,9.810000002323624,4.999988759519425e-09,0.0,True,8.077935669463161e-27
0.495,sdf_ncp,0.0001,0.0,5.096830485444155e-10,0.0,1.985612235525067e-13,5.096830485444155e-10,0.0,9.80999999945092,4.9999907059408596e-09,0.0,True,1.2116903504194741e-27
0.496,sdf_ncp,0.0001,0.0,5.096837874609551e-10,0.0,7.389165396001929e-13,5.096837874609551e-10,0.0,9.810000000540356,4.9999979552673805e-09,0.0,True,5.856503360360792e-27
0.497,sdf_ncp,0.0001,0.0,5.096827375186559e-10,0.0,-1.0499422992357556e-12,5.096827375186559e-10,0.0,9.809999998211142,4.999987654146265e-09,0.0,True,1.0097419586828951e-27
0.498,sdf_ncp,0.0001,0.0,5.096829056579923e-10,0.0,1.6813933632094113e-13,5.096829056579923e-10,0.0,9.810000001218082,4.99998930512574e-09,0.0,True,3.6350710512584224e-27
0.499,sdf_ncp,0.0001,0.0,5.09683644579861e-10,0.0,7.389218686707079e-13,5.09683644579861e-10,0.0,9.810000000570783,4.999996553619355e-09,0.0,True,5.048709793414476e-28
0.5,sdf_ncp,0.0001,0.0,5.096834839510734e-10,0.0,-1.606287875152577e-13,5.096834839510734e-10,0.0,9.80999999910045,4.999994977101545e-09,0.0,True,0.0
0.501,sdf_ncp,0.0001,0.0,5.096824466688693e-10,0.0,-1.0372822040413537e-12,5.096824466688693e-10,0.0,9.809999999123347,4.9999848013747934e-09,0.0,True,4.0389678347315804e-28
0.502,sdf_ncp,0.0001,0.0,5.096836440897546e-10,0.0,1.1974208852019861e-12,5.096836440897546e-10,0.0,9.810000002234704,4.999996549659484e-09,0.0,True,4.0389678347315804e-28
0.503,sdf_ncp,0.0001,0.0,5.096825941581135e-10,0.0,-1.0499316410947198e-12,5.096825941581135e-10,0.0,9.809999997752648,4.999986247545657e-09,0.0,True,2.4233807008389483e-27
0.504,sdf_ncp,0.0001,0.0,5.096833480049324e-10,0.0,7.538468188353532e-13,5.096833480049324e-10,0.0,9.810000001803779,4.999993644847742e-09,0.0,True,1.0097419586828951e-27
0.505,sdf_ncp,0.0001,0.0,5.096823003505807e-10,0.0,-1.0476543516266099e-12,5.096823003505807e-10,0.0,9.8099999981985,4.999983365521003e-09,0.0,True,2.0194839173657902e-27
0.506,sdf_ncp,0.0001,0.0,5.096830541938468e-10,0.0,7.538432661216725e-13,5.096830541938468e-10,0.0,9.810000001801498,4.999990762559831e-09,0.0,True,0.0
0.507,sdf_ncp,0.0001,0.0,5.096832527763867e-10,0.0,1.9858253983459487e-13,5.096832527763867e-10,0.0,9.80999999944474,4.999992709453346e-09,0.0,True,1.029936797856553e-26
0.508,sdf_ncp,0.0001,0.0,5.096834512843195e-10,0.0,1.9850793284733943e-13,5.096834512843195e-10,0.0,9.809999999999926,4.999994657099136e-09,0.0,True,6.339113671033034e-28
0.509,sdf_ncp,0.0001,0.0,5.096840947199027e-10,0.0,6.43435583125599e-13,5.096840947199027e-10,0.0,9.810000000444928,5.000000969429018e-09,0.0,True,5.048709793414476e-29
0.51,sdf_ncp,0.0001,0.0,5.096839315811229e-10,0.0,-1.6313877972931821e-13,5.096839315811229e-10,0.0,9.809999999193426,4.999999368399719e-09,0.0,True,0.0
0.511,sdf_ncp,0.0001,0.0,5.096823537837308e-10,0.0,-1.5777973922045678e-12,5.096823537837308e-10,0.0,9.809999998585342,4.999983889897373e-09,0.0,True,8.077935669463161e-28
0.512,sdf_ncp,0.0001,0.0,5.096831076145624e-10,0.0,7.538308316238013e-13,5.096831076145624e-10,0.0,9.810000002331629,4.999991286887249e-09,0.0,True,5.2506581851510546e-27
0.513,sdf_ncp,0.0001,0.0,5.096833079645773e-10,0.0,2.0035001488979078e-13,5.096833079645773e-10,0.0,9.80999999944652,4.999993250850404e-09,0.0,True,1.7165613297609217e-27
0.514,sdf_ncp,0.0001,0.0,5.096835082470907e-10,0.0,2.0028251332989439e-13,5.096835082470907e-10,0.0,9.809999999999933,4.999995215903926e-09,0.0,True,8.136483939772533e-28
0.515,sdf_ncp,0.0001,0.0,5.096853805840989e-10,0.0,1.8723370081910792e-12,5.096853805840989e-10,0.0,9.810000001672055,5.000013584382232e-09,0.0,True,1.2116903504194741e-27
0.516,sdf_ncp,0.0001,0.0,5.09683850139051e-10,0.0,-1.530445047936681e-12,5.09683850139051e-10,0.0,9.809999996597218,4.999998568129747e-09,0.0,True,2.0194839173657902e-27
0.517,sdf_ncp,0.0001,0.0,5.096828151057147e-10,0.0,-1.0350333362826634e-12,5.096828151057147e-10,0.0,9.810000000495412,4.999988416439564e-09,0.0,True,2.928251680180396e-27
0.518,sdf_ncp,0.0001,0.0,5.096847595485997e-10,0.0,1.944442885016019e-12,5.096847595485997e-10,0.0,9.810000002979477,5.000007492690357e-09,0.0,True,4.0389678347315804e-28
0.519,sdf_ncp,0.0001,0.0,5.096837031599016e-10,0.0,-1.0563886982059323e-12,5.096837031599016e-10,0.0,9.809999996999169,4.99999712646916e-09,0.0,True,1.2116903504194741e-27
0.52,sdf_ncp,0.0001,0.0,5.096844420551249e-10,0.0,7.388952233181229e-13,5.096844420551249e-10,0.0,9.810000001795284,5.000004377475804e-09,0.0,True,4.8467614016778965e-27
0.521,sdf_ncp,0.0001,0.0,5.096834900185093e-10,0.0,-9.520366156753686e-13,5.096834900185093e-10,0.0,9.809999998309069,4.999995036219736e-09,0.0,True,1.0097419586828951e-27
0.522,sdf_ncp,0.0001,0.0,5.096833419556701e-10,0.0,-1.4806283923333335e-13,5.096833419556701e-10,0.0,9.810000000803974,4.9999935849948954e-09,0.0,True,0.0
0.523,sdf_ncp,0.0001,0.0,5.09682304673466e-10,0.0,-1.0372822040413452e-12,5.09682304673466e-10,0.0,9.809999999110781,4.9999834083934825e-09,0.0,True,1.9185097214975007e-27
0.524,sdf_ncp,0.0001,0.0,5.096830562465481e-10,0.0,7.515730820809257e-13,5.096830562465481e-10,0.0,9.810000001788856,4.999990782690386e-09,0.0,True,2.0194839173657902e-28
0.525,sdf_ncp,0.0001,0.0,5.096832548255352e-10,0.0,1.985789871209227e-13,5.096832548255352e-10,0.0,9.809999999447006,4.999992729556648e-09,0.0,True,1.0097419586828951e-26
0.526,sdf_ncp,0.0001,0.0,5.096843423307882e-10,0.0,1.0875052530504353e-12,5.096843423307882e-10,0.0,9.810000000888927,5.0000033987181045e-09,0.0,True,1.0097419586828951e-28
0.527,sdf_ncp,0.0001,0.0,5.096827816183961e-10,0.0,-1.5607123921232089e-12,5.096827816183961e-10,0.0,9.809999997351783,4.999988086326715e-09,0.0,True,1.2116903504194741e-27
0.528,sdf_ncp,0.0001,0.0,5.096835331843728e-10,0.0,7.515659766535833e-13,5.096835331843728e-10,0.0,9.810000002312279,4.999995461717227e-09,0.0,True,4.0389678347315804e-27
0.529,sdf_ncp,0.0001,0.0,5.096824832456263e-10,0.0,-1.049938746522051e-12,5.096824832456263e-10,0.0,9.809999998198496,4.999985159721398e-09,0.0,True,5.4526065768876336e-27
0.53,sdf_ncp,0.0001,0.0,5.096850134936934e-10,0.0,2.5302480671566146e-12,5.096850134936934e-10,0.0,9.810000003580187,5.0000099841979e-09,0.0,True,4.0389678347315804e-28
0.531,sdf_ncp,0.0001,0.0,5.096821705198931e-10,0.0,-2.8429738002874292e-12,5.096821705198931e-10,0.0,9.809999994626779,4.999982090061517e-09,0.0,True,8.077935669463161e-28
0.532,sdf_ncp,0.0001,0.0,5.096829308060055e-10,0.0,7.602861123782105e-13,5.096829308060055e-10,0.0,9.81000000360326,4.999989553043434e-09,0.0,True,4.4428646182047385e-27
0.533,sdf_ncp,0.0001,0.0,5.096840183752073e-10,0.0,1.0875692018966703e-12,5.096840183752073e-10,0.0,9.810000000327284,5.000000220427595e-09,0.0,True,5.048709793414476e-29
0.534,sdf_ncp,0.0001,0.0,5.09682974650157e-10,0.0,-1.0437250502978204e-12,5.09682974650157e-10,0.0,9.809999997868706,4.999989980231757e-09,0.0,True,2.8272774843121063e-27
0.535,sdf_ncp,0.0001,0.0,5.09683142812586e-10,0.0,1.6816242895990696e-13,5.09683142812586e-10,0.0,9.810000001211888,4.999991631609148e-09,0.0,True,1.5751974555453164e-26
0.536,sdf_ncp,0.0001,0.0,5.096829948474464e-10,0.0,-1.4796513960711916e-13,5.096829948474464e-10,0.0,9.809999999683873,4.999990179292325e-09,0.0,True,5.048709793414476e-29
0.537,sdf_ncp,0.0001,0.0,5.096837337533279e-10,0.0,7.389058814592094e-13,5.096837337533279e-10,0.0,9.810000000886872,4.999997428572171e-09,0.0,True,1.9185097214975007e-27
0.538,sdf_ncp,0.0001,0.0,5.096844624344994e-10,0.0,7.286811714916231e-13,5.096844624344994e-10,0.0,9.809999999989776,5.000004576477228e-09,0.0,True,1.5651000359584874e-27
0.539,sdf_ncp,0.0001,0.0,5.096834186970146e-10,0.0,-1.0437374847956724e-12,5.096834186970146e-10,0.0,9.809999998227582,4.999994336514341e-09,0.0,True,4.6448130099413175e-27
0.54,sdf_ncp,0.0001,0.0,5.096823836743365e-10,0.0,-1.0350226781415755e-12,5.096823836743365e-10,0.0,9.810000000008715,4.999984183849683e-09,0.0,True,6.957753184049324e-28
0.541,sdf_ncp,0.0001,0.0,5.09684913874442e-10,0.0,2.530200105521981e-12,5.09684913874442e-10,0.0,9.810000003565223,5.000009006925417e-09,0.0,True,1.2116903504194741e-27
0.542,sdf_ncp,0.0001,0.0,5.096833818075803e-10,0.0,-1.5320668617309847e-12,5.096833818075803e-10,0.0,9.809999995937734,4.9999939734618935e-09,0.0,True,1.5348077771980006e-26
0.543,sdf_ncp,0.0001,0.0,5.096835499273767e-10,0.0,1.6811979639578488e-13,5.096835499273767e-10,0.0,9.810000001700187,4.999995625654123e-09,0.0,True,1.8175355256292112e-27
0.544,sdf_ncp,0.0001,0.0,5.096837502223245e-10,0.0,2.002949478278416e-13,5.096837502223245e-10,0.0,9.810000000032176,4.999997589697403e-09,0.0,True,0.0
0.545,sdf_ncp,0.0001,0.0,5.096821742314873e-10,0.0,-1.5759908372988345e-12,5.096821742314873e-10,0.0,9.809999998223715,4.999982128305549e-09,0.0,True,1.6155871338926322e-27
0.546,sdf_ncp,0.0001,0.0,5.096829218646099e-10,0.0,7.47633122611197e-13,5.096829218646099e-10,0.0,9.810000002323624,4.999989464676135e-09,0.0,True,6.058451752097371e-27
0.547,sdf_ncp,0.0001,0.0,5.096831204311625e-10,0.0,1.985665526230987e-13,5.096831204311625e-10,0.0,9.809999999450934,4.999991411149854e-09,0.0,True,9.087677628146056e-28
0.548,sdf_ncp,0.0001,0.0,5.096829724731283e-10,0.0,-1.4795803417974454e-13,5.096829724731283e-10,0.0,9.809999999653476,4.999989959784771e-09,0.0,True,0.0
0.549,sdf_ncp,0.0001,0.0,5.096837113896679e-10,0.0,7.389165396002626e-13,5.096837113896679e-10,0.0,9.810000000886875,4.999997209184668e-09,0.0,True,1.7165613297609217e-27
0.55,sdf_ncp,0.0001,0.0,5.096826614455923e-10,0.0,-1.0499440755925259e-12,5.096826614455923e-10,0.0,9.80999999821114,4.999986907869509e-09,0.0,True,4.0389678347315804e-28
0.551,sdf_ncp,0.0001,0.0,5.09685189212089e-10,0.0,2.5277664966520214e-12,5.09685189212089e-10,0.0,9.810000003577711,5.000011707994099e-09,0.0,True,5.6545549686242126e-27
0.552,sdf_ncp,0.0001,0.0,5.096823439627755e-10,0.0,-2.845249313398656e-12,5.096823439627755e-10,0.0,9.809999994626985,4.999983791536297e-09,0.0,True,3.2311742677852644e-27
0.553,sdf_ncp,0.0001,0.0,5.096831357863272e-10,0.0,7.918235517049628e-13,5.096831357863272e-10,0.0,9.810000003637073,4.9999915639176255e-09,0.0,True,0.0
0.554,sdf_ncp,0.0001,0.0,5.096833279899697e-10,0.0,1.9220364242437194e-13,5.096833279899697e-10,0.0,9.80999999940038,4.999993447275987e-09,0.0,True,1.0097419586828951e-28
0.555,sdf_ncp,0.0001,0.0,5.09683526505008e-10,0.0,1.9851503827476015e-13,5.09683526505008e-10,0.0,9.810000000006312,4.9999953950173455e-09,0.0,True,8.882573792788593e-28
0.556,sdf_ncp,0.0001,0.0,5.096841699476966e-10,0.0,6.434426885530198e-13,5.096841699476966e-10,0.0,9.810000000444928,5.000001707413676e-09,0.0,True,5.048709793414476e-29
0.557,sdf_ncp,0.0001,0.0,5.096831262048827e-10,0.0,-1.0437428138661772e-12,5.096831262048827e-10,0.0,9.809999998312815,4.999991467209969e-09,0.0,True,4.0389678347315804e-28
0.558,sdf_ncp,0.0001,0.0,5.096832943655352e-10,0.0,1.681606526030945e-13,5.096832943655352e-10,0.0,9.810000001211904,4.999993118343588e-09,0.0,True,5.4526065768876336e-27
0.559,sdf_ncp,0.0001,0.0,5.096834928841263e-10,0.0,1.985185909884472e-13,5.096834928841263e-10,0.0,9.810000000030358,4.999995065208752e-09,0.0,True,2.404448039113644e-27
0.56,sdf_ncp,0.0001,0.0,5.096836914115991e-10,0.0,1.9852747277264507e-13,5.096836914115991e-10,0.0,9.81000000000001,4.999997012747791e-09,0.0,True,8.754460932887954e-28
0.561,sdf_ncp,0.0001,0.0,5.096821136515104e-10,0.0,-1.5777600887108692e-12,5.096821136515104e-10,0.0,9.809999998223713,4.999981534015975e-09,0.0,True,4.0389678347315804e-28
0.562,sdf_ncp,0.0001,0.0,5.096837482494993e-10,0.0,1.6345979889340638e-12,5.096837482494993e-10,0.0,9.810000003212359,4.9999975719648756e-09,0.0,True,3.0165596163734174e-19
0.5630000000000001,sdf_ncp,0.0001,0.0,5.096830898994345e-10,0.0,-6.583500647163707e-13,5.096830898994345e-10,0.0,9.809999997707052,4.9999911107447765e-09,0.0,True,0.0
0.5640000000000001,sdf_ncp,0.0001,0.0,5.096838336455867e-10,0.0,7.437461521906414e-13,5.096838336455867e-10,0.0,9.810000001402097,4.999998408777832e-09,0.0,True,2.0194839173657902e-28
0.5650000000000001,sdf_ncp,0.0001,0.0,5.096836729418905e-10,0.0,-1.607036961583902e-13,5.096836729418905e-10,0.0,9.80999999909555,4.9999968310989635e-09,0.0,True,0.0
0.5660000000000001,sdf_ncp,0.0001,0.0,5.096820951246568e-10,0.0,-1.5778172337856931e-12,5.096820951246568e-10,0.0,9.809999998582887,4.999981352450606e-09,0.0,True,1.4136387421560532e-27
0.5670000000000001,sdf_ncp,0.0001,0.0,5.096828404766356e-10,0.0,7.453519787734563e-13,5.096828404766356e-10,0.0,9.81000000232317,4.999988666259875e-09,0.0,True,1.2116903504194741e-27
0.5680000000000001,sdf_ncp,0.0001,0.0,5.096834793520091e-10,0.0,6.388753734629659e-13,5.096834793520091e-10,0.0,9.809999999893524,4.99999493238894e-09,0.0,True,5.048709793414476e-29
0.5690000000000001,sdf_ncp,0.0001,0.0,5.096824294076318e-10,0.0,-1.0499443772484808e-12,5.096824294076318e-10,0.0,9.80999999831118,4.999984631628106e-09,0.0,True,1.2116903504194741e-27
0.5700000000000001,sdf_ncp,0.0001,0.0,5.096836268264389e-10,0.0,1.197418807189264e-12,5.096836268264389e-10,0.0,9.810000002247364,4.999996380312811e-09,0.0,True,4.0389678347315804e-28
0.5710000000000001,sdf_ncp,0.0001,0.0,5.096825769051544e-10,0.0,-1.0499212846095706e-12,5.096825769051544e-10,0.0,9.80999999775266,4.9999860782941345e-09,0.0,True,1.6155871338926322e-27
0.5720000000000001,sdf_ncp,0.0001,0.0,5.096833284761585e-10,0.0,7.515710040681952e-13,5.096833284761585e-10,0.0,9.810000001801493,4.999993453269305e-09,0.0,True,1.8175355256292112e-27
0.5730000000000001,sdf_ncp,0.0001,0.0,5.096840547287485e-10,0.0,7.262525900362226e-13,5.096840547287485e-10,0.0,9.809999999974682,5.000000576876118e-09,0.0,True,7.825500179792437e-28
0.5740000000000001,sdf_ncp,0.0001,0.0,5.096830109891857e-10,0.0,-1.043739562808454e-12,5.096830109891857e-10,0.0,9.809999998230008,4.999990336901777e-09,0.0,True,2.6253290925755273e-27
0.5750000000000001,sdf_ncp,0.0001,0.0,5.096831791442076e-10,0.0,1.6815502187661722e-13,5.096831791442076e-10,0.0,9.810000001211895,4.999991988022359e-09,0.0,True,2.0194839173657902e-27
0.5760000000000001,sdf_ncp,0.0001,0.0,5.096821418705836e-10,0.0,-1.0372736239130356e-12,5.096821418705836e-10,0.0,9.809999998794572,4.99998181113604e-09,0.0,True,4.0389678347315804e-28
0.577,sdf_ncp,0.0001,0.0,5.096837765520613e-10,0.0,1.6346814777055154e-12,5.096837765520613e-10,0.0,9.810000002671956,4.999997849337574e-09,0.0,True,0.0
0.578,sdf_ncp,0.0001,0.0,5.096822291673729e-10,0.0,-1.547384688413086e-12,5.096822291673729e-10,0.0,9.809999996817934,4.999982666510085e-09,0.0,True,8.077935669463161e-28
0.579,sdf_ncp,0.0001,0.0,5.096829808698273e-10,0.0,7.517024544743156e-13,5.096829808698273e-10,0.0,9.810000002299088,4.999990043504812e-09,0.0,True,0.0
0.58,sdf_ncp,0.0001,0.0,5.096831743752376e-10,0.0,1.9350541033169913e-13,5.096831743752376e-10,0.0,9.809999999441803,4.9999919403365775e-09,0.0,True,1.0097419586828951e-28
0.581,sdf_ncp,0.0001,0.0,5.09683913293252e-10,0.0,7.389180143011546e-13,5.09683913293252e-10,0.0,9.810000000545413,4.9999991896847904e-09,0.0,True,2.5243548967072378e-27
0.582,sdf_ncp,0.0001,0.0,5.096828633542038e-10,0.0,-1.0499390481779549e-12,5.096828633542038e-10,0.0,9.809999998211143,4.99998888859299e-09,0.0,True,6.058451752097371e-28
0.583,sdf_ncp,0.0001,0.0,5.096848077932345e-10,0.0,1.944439030646463e-12,5.096848077932345e-10,0.0,9.810000002994379,5.00000796597782e-09,0.0,True,6.462348535570529e-27
0.584,sdf_ncp,0.0001,0.0,5.096837536815241e-10,0.0,-1.054111710393698e-12,5.096837536815241e-10,0.0,9.80999999700145,4.999997622087439e-09,0.0,True,1.6155871338926322e-27
0.585,sdf_ncp,0.0001,0.0,5.096844925853276e-10,0.0,7.389038034464455e-13,5.096844925853276e-10,0.0,9.810000001793016,5.000004873175936e-09,0.0,True,2.6253290925755273e-27
0.586,sdf_ncp,0.0001,0.0,5.096829318228958e-10,0.0,-1.5607624317706047e-12,5.096829318228958e-10,0.0,9.809999997700334,4.999989560010508e-09,0.0,True,4.0389678347315804e-27
0.587,sdf_ncp,0.0001,0.0,5.09685459580209e-10,0.0,2.5277573132118735e-12,5.09685459580209e-10,0.0,9.81000000408852,5.00001436056571e-09,0.0,True,8.077935669463161e-28
0.588,sdf_ncp,0.0001,0.0,5.096826700833297e-10,0.0,-2.7894968792931962e-12,5.096826700833297e-10,0.0,9.809999994682746,4.9999869908073525e-09,0.0,True,8.885729236409477e-27
0.589,sdf_ncp,0.0001,0.0,5.096834619172379e-10,0.0,7.91833908190043e-13,5.096834619172379e-10,0.0,9.810000003581331,4.99999476323345e-09,0.0,True,0.0
0.59,sdf_ncp,0.0001,0.0,5.09682411974637e-10,0.0,-1.0499426008916364e-12,5.09682411974637e-10,0.0,9.809999998158224,4.9999844605324685e-09,0.0,True,3.2311742677852644e-27
0.591,sdf_ncp,0.0001,0.0,5.096831658211542e-10,0.0,7.538465171794719e-13,5.096831658211542e-10,0.0,9.81000000180379,4.999991857624884e-09,0.0,True,2.0194839173657902e-28
0.592,sdf_ncp,0.0001,0.0,5.096832577491514e-10,0.0,9.192799718427962e-14,5.096832577491514e-10,0.0,9.809999999338082,4.999992758181807e-09,0.0,True,4.947735597546186e-27
0.593,sdf_ncp,0.0001,0.0,5.096822204755274e-10,0.0,-1.037273623913027e-12,5.096822204755274e-10,0.0,9.809999998870799,4.99998258228939e-09,0.0,True,2.0194839173657902e-27
0.594,sdf_ncp,0.0001,0.0,5.096829720412024e-10,0.0,7.515656749976882e-13,5.096829720412024e-10,0.0,9.81000000178884,4.999989956635937e-09,0.0,True,8.077935669463161e-28
0.595,sdf_ncp,0.0001,0.0,5.096849469163311e-10,0.0,1.974875128732742e-12,5.096849469163311e-10,0.0,9.81000000122331,5.000009329872711e-09,0.0,True,1.6155871338926322e-27
0.596,sdf_ncp,0.0001,0.0,5.096821166147589e-10,0.0,-2.8303015722510545e-12,5.096821166147589e-10,0.0,9.809999995194824,4.999981561541672e-09,0.0,True,3.2311742677852644e-27
0.597,sdf_ncp,0.0001,0.0,5.096828746286092e-10,0.0,7.580138503246947e-13,5.096828746286092e-10,0.0,9.810000003588316,4.9999890019355595e-09,0.0,True,1.1713006720721583e-26
0.598,sdf_ncp,0.0001,0.0,5.096830731948602e-10,0.0,1.985662509671405e-13,5.096830731948602e-10,0.0,9.809999999440553,4.999990947756438e-09,0.0,True,2.0194839173657902e-28
0.599,sdf_ncp,0.0001,0.0,5.096855955200741e-10,0.0,2.5223252139969722e-12,5.096855955200741e-10,0.0,9.81000000232376,5.000015693236314e-09,0.0,True,0.0
0.6,sdf_ncp,0.0001,0.0,5.096827525566304e-10,0.0,-2.8429634438023256e-12,5.096827525566304e-10,0.0,9.809999994634712,4.9999877998459495e-09,0.0,True,1.454028420503369e-26
0.601,sdf_ncp,0.0001,0.0,5.096828902755542e-10,0.0,1.377189237903039e-13,5.096828902755542e-10,0.0,9.810000002980683,4.99998915512239e-09,0.0,True,6.058451752097371e-27
0.602,sdf_ncp,0.0001,0.0,5.096836291917922e-10,0.0,7.389162379442823e-13,5.096836291917922e-10,0.0,9.810000000601198,4.999996402677902e-09,0.0,True,0.0
0.603,sdf_ncp,0.0001,0.0,5.096825792474149e-10,0.0,-1.0499443772485063e-12,5.096825792474149e-10,0.0,9.80999999821114,4.999986101505389e-09,0.0,True,2.0194839173657902e-28
0.604,sdf_ncp,0.0001,0.0,5.096842046634153e-10,0.0,1.6254160004311742e-12,5.096842046634153e-10,0.0,9.81000000267536,5.000002049111693e-09,0.0,True,4.0389678347315804e-28
0.605,sdf_ncp,0.0001,0.0,5.096831482566518e-10,0.0,-1.0564067634302467e-12,5.096831482566518e-10,0.0,9.809999997318178,4.999991683030875e-09,0.0,True,2.0194839173657902e-27
0.606,sdf_ncp,0.0001,0.0,5.096832718215643e-10,0.0,1.2356491249393964e-13,5.096832718215643e-10,0.0,9.810000001179972,4.999992897170958e-09,0.0,True,2.1002632740604218e-26
0.607,sdf_ncp,0.0001,0.0,5.096822345550459e-10,0.0,-1.0372665184857296e-12,5.096822345550459e-10,0.0,9.809999998839169,4.999982720393345e-09,0.0,True,4.0389678347315804e-28
0.608,sdf_ncp,0.0001,0.0,5.096829861296026e-10,0.0,7.515745567818237e-13,5.096829861296026e-10,0.0,9.810000001788842,4.999990094843144e-09,0.0,True,2.0194839173657902e-27
0.609,sdf_ncp,0.0001,0.0,5.096849610171658e-10,0.0,1.974887563230556e-12,5.096849610171658e-10,0.0,9.810000001223314,5.000009468201901e-09,0.0,True,1.6155871338926322e-27
0.61,sdf_ncp,0.0001,0.0,5.096830177416497e-10,0.0,-1.9432755160785195e-12,5.096830177416497e-10,0.0,9.809999996081837,4.999990402048563e-09,0.0,True,4.920612385650251e-19
0.611,sdf_ncp,0.0001,0.0,5.09684204353594e-10,0.0,1.18661194423954e-12,5.09684204353594e-10,0.0,9.810000003129888,5.000002046304011e-09,0.0,True,0.0
0.612,sdf_ncp,0.0001,0.0,5.096826569356469e-10,0.0,-1.5474179471318513e-12,5.096826569356469e-10,0.0,9.80999999726597,4.9999868631452086e-09,0.0,True,1.2116903504194741e-27
0.613,sdf_ncp,0.0001,0.0,5.096851869085691e-10,0.0,2.529972922251784e-12,5.096851869085691e-10,0.0,9.810000004077391,5.000011685651249e-09,0.0,True,0.0
0.614,sdf_ncp,0.0001,0.0,5.096823416576698e-10,0.0,-2.8452508993502637e-12,5.096823416576698e-10,0.0,9.809999994624777,4.999983768922084e-09,0.0,True,8.077935669463161e-28
0.615,sdf_ncp,0.0001,0.0,5.096831058590631e-10,0.0,7.642013932575129e-13,5.096831058590631e-10,0.0,9.810000003609453,4.999991270317086e-09,0.0,True,7.674038885990003e-27
0.616,sdf_ncp,0.0001,0.0,5.096832993685182e-10,0.0,1.9350945510655507e-13,5.096832993685182e-10,0.0,9.809999999429309,4.9999931665142916e-09,0.0,True,1.0097419586828951e-28
0.617,sdf_ncp,0.0001,0.0,5.096834978784178e-10,0.0,1.9850989960946611e-13,5.096834978784178e-10,0.0,9.810000000005001,4.999995114189828e-09,0.0,True,6.602765776699869e-28
0.618,sdf_ncp,0.0001,0.0,5.096845854051776e-10,0.0,1.0875267597377885e-12,5.096845854051776e-10,0.0,9.810000000889017,5.000005783277911e-09,0.0,True,2.0194839173657902e-28
0.619,sdf_ncp,0.0001,0.0,5.096830229326062e-10,0.0,-1.562472571345776e-12,5.096830229326062e-10,0.0,9.809999997350001,4.9999904536182075e-09,0.0,True,8.077935669463161e-28
0.62,sdf_ncp,0.0001,0.0,5.096855579024202e-10,0.0,2.5349698140410083e-12,5.096855579024202e-10,0.0,9.810000004097443,5.0000153251111495e-09,0.0,True,8.077935669463161e-28
0.621,sdf_ncp,0.0001,0.0,5.0968271265685e-10,0.0,-2.8452455702797545e-12,5.0968271265685e-10,0.0,9.809999994619785,4.9999874084214954e-09,0.0,True,8.077935669463161e-28
0.622,sdf_ncp,0.0001,0.0,5.096834768653486e-10,0.0,7.642084986848693e-13,5.096834768653486e-10,0.0,9.810000003609455,4.99999490988875e-09,0.0,True,0.0
0.623,sdf_ncp,0.0001,0.0,5.096824269250162e-10,0.0,-1.0499403324736195e-12,5.096824269250162e-10,0.0,9.809999998185852,4.999984607209769e-09,0.0,True,1.8175355256292112e-27
0.624,sdf_ncp,0.0001,0.0,5.096849571128776e-10,0.0,2.530187861429333e-12,5.096849571128776e-10,0.0,9.810000003580129,5.000009431102067e-09,0.0,True,1.2116903504194741e-26
0.625,sdf_ncp,0.0001,0.0,5.096843140506318e-10,0.0,-6.430622456953258e-13,5.096843140506318e-10,0.0,9.80999999682675,5.0000031192193424e-09,0.0,True,0.0
0.626,sdf_ncp,0.0001,0.0,5.096827362125738e-10,0.0,-1.5778380580065976e-12,5.096827362125738e-10,0.0,9.809999999065225,4.9999876417689105e-09,0.0,True,8.077935669463161e-28
0.627,sdf_ncp,0.0001,0.0,5.096834877663064e-10,0.0,7.515537325609706e-13,5.096834877663064e-10,0.0,9.810000002329392,4.999995016174718e-09,0.0,True,2.0194839173657902e-27
0.628,sdf_ncp,0.0001,0.0,5.096842140211648e-10,0.0,7.262548584542345e-13,5.096842140211648e-10,0.0,9.809999999974702,5.0000021395347325e-09,0.0,True,2.2908520687618183e-27
0.629,sdf_ncp,0.0001,0.0,5.096831701595254e-10,0.0,-1.0438616393692027e-12,5.096831701595254e-10,0.0,9.809999998229884,4.999991898362746e-09,0.0,True,2.0194839173657902e-28
0.63,sdf_ncp,0.0001,0.0,5.096833383274738e-10,0.0,1.6816794843565296e-13,5.096833383274738e-10,0.0,9.81000000121203,4.9999935496102694e-09,0.0,True,8.077935669463161e-27
0.631,sdf_ncp,0.0001,0.0,5.096835386030722e-10,0.0,2.0027559830781211e-13,5.096835386030722e-10,0.0,9.810000000032108,4.9999955137125026e-09,0.0,True,3.7234234726431757e-28
0.632,sdf_ncp,0.0001,0.0,5.096837388982104e-10,0.0,2.0029513823304591e-13,5.096837388982104e-10,0.0,9.81000000000002,4.999997478591454e-09,0.0,True,3.962238785747193e-28
0.633,sdf_ncp,0.0001,0.0,5.096821611400884e-10,0.0,-1.5777581219488317e-12,5.096821611400884e-10,0.0,9.809999998221947,4.999981999878026e-09,0.0,True,2.0194839173657902e-28
0.634,sdf_ncp,0.0001,0.0,5.096829064925593e-10,0.0,7.453524708346161e-13,5.096829064925593e-10,0.0,9.810000002323111,4.9999893138760565e-09,0.0,True,2.8272774843121063e-27
0.635,sdf_ncp,0.0001,0.0,5.096831050699605e-10,0.0,1.9857740116934136e-13,5.096831050699605e-10,0.0,9.809999999453225,4.999991260457631e-09,0.0,True,1.8175355256292112e-27
0.636,sdf_ncp,0.0001,0.0,5.096838439884668e-10,0.0,7.389185063623061e-13,5.096838439884668e-10,0.0,9.810000000540342,4.999998509802263e-09,0.0,True,4.0389678347315804e-28
0.637,sdf_ncp,0.0001,0.0,5.096827940499107e-10,0.0,-1.049938556116805e-12,5.096827940499107e-10,0.0,9.809999998211143,4.9999882087178745e-09,0.0,True,1.0097419586828951e-27
0.638,sdf_ncp,0.0001,0.0,5.096829621929901e-10,0.0,1.6814307943990432e-13,5.096829621929901e-10,0.0,9.810000001218082,4.999989859734069e-09,0.0,True,8.885729236409477e-27
0.639,sdf_ncp,0.0001,0.0,5.096837011186019e-10,0.0,7.389256117896709e-13,5.096837011186019e-10,0.0,9.810000000570783,4.999997108264404e-09,0.0,True,7.068193710780266e-28
0.64,sdf_ncp,0.0001,0.0,5.096827303877973e-10,0.0,-9.707308046479385e-13,5.096827303877973e-10,0.0,9.809999998290344,4.999987584232909e-09,0.0,True,1.2116903504194741e-27
0.641,sdf_ncp,0.0001,0.0,5.096829003054572e-10,0.0,1.6991765992246052e-13,5.096829003054572e-10,0.0,9.810000001140649,4.999989252577904e-09,0.0,True,5.0487097934144756e-27
0.642,sdf_ncp,0.0001,0.0,5.096845284593156e-10,0.0,1.6281538583818778e-12,5.096845284593156e-10,0.0,9.810000001458237,5.000005224929127e-09,0.0,True,0.0
0.643,sdf_ncp,0.0001,0.0,5.096834720601497e-10,0.0,-1.0563991659417004e-12,5.096834720601497e-10,0.0,9.809999997315447,4.9999948595417965e-09,0.0,True,1.2116903504194741e-27
0.644,sdf_ncp,0.0001,0.0,5.096824347639252e-10,0.0,-1.0372962244907904e-12,5.096824347639252e-10,0.0,9.810000000019103,4.999984685043843e-09,0.0,True,3.6918690364343352e-28
0.645,sdf_ncp,0.0001,0.0,5.096849649517866e-10,0.0,2.5301878614293247e-12,5.096849649517866e-10,0.0,9.810000003567485,5.000009507995319e-09,0.0,True,8.077935669463161e-28
0.646,sdf_ncp,0.0001,0.0,5.096834328922207e-10,0.0,-1.5320595658984035e-12,5.096834328922207e-10,0.0,9.809999995937753,4.999994474602225e-09,0.0,True,1.9387045606711586e-26
0.647,sdf_ncp,0.0001,0.0,5.096836010068784e-10,0.0,1.6811465773048852e-13,5.096836010068784e-10,0.0,9.810000001700175,4.9999961267440285e-09,0.0,True,0.0
0.648,sdf_ncp,0.0001,0.0,5.09682940861409e-10,0.0,-6.601454694198268e-13,5.09682940861409e-10,0.0,9.80999999917174,4.999989649428273e-09,0.0,True,0.0
0.649,sdf_ncp,0.0001,0.0,5.096836704629238e-10,0.0,7.296015147396744e-13,5.096836704629238e-10,0.0,9.810000001389747,4.999996807949614e-09,0.0,True,0.0
0.65,sdf_ncp,0.0001,0.0,5.096826205279204e-10,0.0,-1.0499350034031022e-12,5.096826205279204e-10,0.0,9.809999998220464,4.999986506471901e-09,0.0,True,4.0389678347315804e-28
0.651,sdf_ncp,0.0001,0.0,5.09685155510169e-10,0.0,2.5349822485388855e-12,5.09685155510169e-10,0.0,9.810000003584918,5.000011377381937e-09,0.0,True,4.0389678347315804e-28
0.652,sdf_ncp,0.0001,0.0,5.096823102574933e-10,0.0,-2.8452526757071087e-12,5.096823102574933e-10,0.0,9.809999994619766,4.999983460883798e-09,0.0,True,2.4233807008389483e-27
0.653,sdf_ncp,0.0001,0.0,5.096848506576301e-10,0.0,2.5404001368990622e-12,5.096848506576301e-10,0.0,9.810000005385653,5.000008387696337e-09,0.0,True,3.2311742677852644e-27
0.654,sdf_ncp,0.0001,0.0,5.096833203459994e-10,0.0,-1.5303116307684255e-12,5.096833203459994e-10,0.0,9.809999995929289,4.99999337051948e-09,0.0,True,1.6155871338926322e-27
0.655,sdf_ncp,0.0001,0.0,5.096834884464462e-10,0.0,1.681004468757674e-13,5.096834884464462e-10,0.0,9.810000001698413,4.9999950225252904e-09,0.0,True,1.3934439029823953e-26
0.656,sdf_ncp,0.0001,0.0,5.09683686967004e-10,0.0,1.985205577504967e-13,5.09683686967004e-10,0.0,9.81000000003042,4.999996969161814e-09,0.0,True,2.524354896707238e-29
0.657,sdf_ncp,0.0001,0.0,5.09682110971028e-10,0.0,-1.5759959759641352e-12,5.09682110971028e-10,0.0,9.809999998225484,4.9999815077213455e-09,0.0,True,0.0
0.658,sdf_ncp,0.0001,0.0,5.09682849106161e-10,0.0,7.381351329961467e-13,5.09682849106161e-10,0.0,9.810000002314132,4.999988750910912e-09,0.0,True,4.0389678347315804e-28
0.659,sdf_ncp,0.0001,0.0,5.096829307815186e-10,0.0,8.167535756840213e-14,5.096829307815186e-10,0.0,9.80999999934354,4.999989550632111e-09,0.0,True,2.4334781204257772e-26
0.66,sdf_ncp,0.0001,0.0,5.096836719737617e-10,0.0,7.411922431167314e-13,5.096836719737617e-10,0.0,9.810000000659517,4.999996822398747e-09,0.0,True,1.2116903504194741e-27
0.661,sdf_ncp,0.0001,0.0,5.096835112762716e-10,0.0,-1.6069749002735494e-13,5.096835112762716e-10,0.0,9.80999999909811,4.999995245160546e-09,0.0,True,3.849993694162507e-19
0.662,sdf_ncp,0.0001,0.0,5.096824739928667e-10,0.0,-1.0372834049935524e-12,5.096824739928667e-10,0.0,9.809999999123415,4.999985069423242e-09,0.0,True,1.7165613297609217e-27
0.663,sdf_ncp,0.0001,0.0,5.09683225561195e-10,0.0,7.515683284150434e-13,5.09683225561195e-10,0.0,9.810000001788852,4.9999924436670715e-09,0.0,True,3.8370194429950014e-27
0.664,sdf_ncp,0.0001,0.0,5.096821756159185e-10,0.0,-1.0499452765447966e-12,5.096821756159185e-10,0.0,9.809999998198487,4.9999821418739615e-09,0.0,True,3.2311742677852644e-27
0.665,sdf_ncp,0.0001,0.0,5.096829232656037e-10,0.0,7.476496852273101e-13,5.096829232656037e-10,0.0,9.810000001797595,4.999989478151776e-09,0.0,True,1.3126645462877636e-26
0.666,sdf_ncp,0.0001,0.0,5.096831236002068e-10,0.0,2.0033460308286488e-13,5.096831236002068e-10,0.0,9.809999999452685,4.999991442239072e-09,0.0,True,5.2506581851510546e-27
0.667,sdf_ncp,0.0001,0.0,5.096821509459927e-10,0.0,-9.7265421410566e-13,5.096821509459927e-10,0.0,9.809999998827012,4.999981900182337e-09,0.0,True,2.0194839173657902e-28
0.668,sdf_ncp,0.0001,0.0,5.096828963166121e-10,0.0,7.453706194023647e-13,5.096828963166121e-10,0.0,9.810000001718025,4.999989213741613e-09,0.0,True,4.0389678347315804e-28
0.669,sdf_ncp,0.0001,0.0,5.096830948819638e-10,0.0,1.985653516708158e-13,5.096830948819638e-10,0.0,9.809999999453195,4.999991160513368e-09,0.0,True,6.15942594796566e-27
0.67,sdf_ncp,0.0001,0.0,5.096829674876118e-10,0.0,-1.273943520022908e-13,5.096829674876118e-10,0.0,9.80999999967404,4.999989910887336e-09,0.0,True,5.048709793414476e-29
0.671,sdf_ncp,0.0001,0.0,5.096837062732764e-10,0.0,7.387856645987017e-13,5.096837062732764e-10,0.0,9.81000000086618,4.9999971589823196e-09,0.0,True,0.0
0.672,sdf_ncp,0.0001,0.0,5.096835456503934e-10,0.0,-1.6062288304011204e-13,5.096835456503934e-10,0.0,9.809999999100592,4.999995582371946e-09,0.0,True,1.0097419586828951e-28
0.673,sdf_ncp,0.0001,0.0,5.096825654804136e-10,0.0,-9.801699798931696e-13,5.096825654804136e-10,0.0,9.809999999180453,4.999985966945149e-09,0.0,True,3.0292258760486853e-28
0.674,sdf_ncp,0.0001,0.0,5.096850956722127e-10,0.0,2.530191799142359e-12,5.096850956722127e-10,0.0,9.810000003510362,5.000010790333586e-09,0.0,True,8.481832452936319e-27
0.675,sdf_ncp,0.0001,0.0,5.096831397369864e-10,0.0,-1.9559352262735943e-12,5.096831397369864e-10,0.0,9.809999995513873,4.999991598533333e-09,0.0,True,0.0
0.676,sdf_ncp,0.0001,0.0,5.096821173767553e-10,0.0,-1.022360231185755e-12,5.096821173767553e-10,0.0,9.810000000933575,4.999981571941796e-09,0.0,True,1.2116903504194741e-27
0.677,sdf_ncp,0.0001,0.0,5.096828650370986e-10,0.0,7.47660343368356e-13,5.096828650370986e-10,0.0,9.810000001770021,4.999988906916087e-09,0.0,True,1.2116903504194741e-27
0.678,sdf_ncp,0.0001,0.0,5.096830352180443e-10,0.0,1.7018094573404973e-13,5.096830352180443e-10,0.0,9.809999999422521,4.9999905751946836e-09,0.0,True,0.0
0.679,sdf_ncp,0.0001,0.0,5.096837741458174e-10,0.0,7.389277731458644e-13,5.096837741458174e-10,0.0,9.810000000568747,4.99999782466035e-09,0.0,True,1.0097419586828951e-28
0.68,sdf_ncp,0.0001,0.0,5.0968272420587e-10,0.0,-1.0499399474742862e-12,5.0968272420587e-10,0.0,9.809999998211133,4.99998752354783e-09,0.0,True,4.2409162264681595e-27
0.681,sdf_ncp,0.0001,0.0,5.096837813684101e-10,0.0,1.0571625400507582e-12,5.096837813684101e-10,0.0,9.810000002107103,4.999997896298059e-09,0.0,True,4.391263431577901e-19
0.682,sdf_ncp,0.0001,0.0,5.096827314431126e-10,0.0,-1.0499252974932284e-12,5.096827314431126e-10,0.0,9.809999997892913,4.999987594382989e-09,0.0,True,8.077935669463161e-28
0.683,sdf_ncp,0.0001,0.0,5.096829013420567e-10,0.0,1.6989894412292611e-13,5.096829013420567e-10,0.0,9.810000001219825,4.999989262787301e-09,0.0,True,2.4233807008389483e-27
0.684,sdf_ncp,0.0001,0.0,5.096836425369003e-10,0.0,7.411948435992786e-13,5.096836425369003e-10,0.0,9.810000000571296,4.9999965335781726e-09,0.0,True,1.4136387421560532e-27
0.685,sdf_ncp,0.0001,0.0,5.096825925956156e-10,0.0,-1.0499412847047826e-12,5.096825925956156e-10,0.0,9.809999998208864,4.9999862324500786e-09,0.0,True,6.058451752097371e-28
0.686,sdf_ncp,0.0001,0.0,5.096851203684559e-10,0.0,2.527772840253438e-12,5.096851203684559e-10,0.0,9.810000003577715,5.000011032638061e-09,0.0,True,8.077935669463161e-28
0.687,sdf_ncp,0.0001,0.0,5.096822774063283e-10,0.0,-2.842962127615444e-12,5.096822774063283e-10,0.0,9.809999994629266,4.9999831386187125e-09,0.0,True,1.6155871338926322e-27
0.6880000000000001,sdf_ncp,0.0001,0.0,5.096830416103221e-10,0.0,7.642039937400316e-13,5.096830416103221e-10,0.0,9.810000003607167,4.999990640035771e-09,0.0,True,8.077935669463161e-28
0.6890000000000001,sdf_ncp,0.0001,0.0,5.096850181867404e-10,0.0,1.9765764184149e-12,5.096850181867404e-10,0.0,9.810000001212373,5.000010029029852e-09,0.0,True,4.0389678347315804e-28
0.6900000000000001,sdf_ncp,0.0001,0.0,5.096821856056422e-10,0.0,-2.8325810982460005e-12,5.096821856056422e-10,0.0,9.809999995190843,4.999982238340208e-09,0.0,True,1.1309109937248425e-26
0.6910000000000001,sdf_ncp,0.0001,0.0,5.096829436101505e-10,0.0,7.580045083705147e-13,5.096829436101505e-10,0.0,9.810000003590586,4.999989678645637e-09,0.0,True,1.2116903504194741e-27
0.6920000000000001,sdf_ncp,0.0001,0.0,5.096831439487455e-10,0.0,2.0033859492287762e-13,5.096831439487455e-10,0.0,9.809999999442335,4.99999164185296e-09,0.0,True,1.3126645462877636e-27
0.6930000000000001,sdf_ncp,0.0001,0.0,5.096821066675559e-10,0.0,-1.037281189510386e-12,5.096821066675559e-10,0.0,9.80999999876238,4.999981465777931e-09,0.0,True,0.0
0.6940000000000001,sdf_ncp,0.0001,0.0,5.096828520332853e-10,0.0,7.453657294581771e-13,5.096828520332853e-10,0.0,9.810000001782647,4.9999887793551144e-09,0.0,True,3.8370194429950014e-27
0.6950000000000001,sdf_ncp,0.0001,0.0,5.096830505955234e-10,0.0,1.9856223808346684e-13,5.096830505955234e-10,0.0,9.809999999453197,4.999990726063388e-09,0.0,True,6.967219514911976e-27
0.6960000000000001,sdf_ncp,0.0001,0.0,5.096837895113011e-10,0.0,7.389157777743062e-13,5.096837895113011e-10,0.0,9.810000000540354,4.999997975381274e-09,0.0,True,1.6155871338926322e-27
0.6970000000000001,sdf_ncp,0.0001,0.0,5.096845157652074e-10,0.0,7.262539062230594e-13,5.096845157652074e-10,0.0,9.809999999987339,5.000005099650232e-09,0.0,True,1.8932661725304283e-27
0.6980000000000001,sdf_ncp,0.0001,0.0,5.096829532383931e-10,0.0,-1.5625268142821408e-12,5.096829532383931e-10,0.0,9.80999999771122,4.999989770102085e-09,0.0,True,1.2116903504194741e-27
0.6990000000000001,sdf_ncp,0.0001,0.0,5.096837070755683e-10,0.0,7.538371752252777e-13,5.096837070755683e-10,0.0,9.810000002316364,4.999997167591939e-09,0.0,True,1.0097419586828951e-26
0.7000000000000001,sdf_ncp,0.0001,0.0,5.09683546382383e-10,0.0,-1.606931853198732e-13,5.09683546382383e-10,0.0,9.80999999908547,4.999995589545056e-09,0.0,True,3.12867477187006e-19
0.7010000000000001,sdf_ncp,0.0001,0.0,5.096833984167945e-10,0.0,-1.479655885655704e-13,5.096833984167945e-10,0.0,9.810000000012728,4.9999941384752415e-09,0.0,True,1.1044052673094165e-29
0.7020000000000001,sdf_ncp,0.0001,0.0,5.096832504441005e-10,0.0,-1.47972693992928e-13,5.096832504441005e-10,0.0,9.809999999999993,4.999992686856622e-09,0.0,True,8.683632933253169e-30
0.7030000000000001,sdf_ncp,0.0001,0.0,5.096822131596712e-10,0.0,-1.0372844293565855e-12,5.096822131596712e-10,0.0,9.809999999110689,4.999982510643108e-09,0.0,True,5.149683989282765e-27
0.704,sdf_ncp,0.0001,0.0,5.096829585257135e-10,0.0,7.453660423256563e-13,5.096829585257135e-10,0.0,9.810000001782651,4.999989824045836e-09,0.0,True,3.8370194429950014e-27
0.705,sdf_ncp,0.0001,0.0,5.096835973991633e-10,0.0,6.388734498036113e-13,5.096835973991633e-10,0.0,9.809999999893508,4.999996090431514e-09,0.0,True,2.524354896707238e-29
0.706,sdf_ncp,0.0001,0.0,5.096843260852148e-10,0.0,7.28686051603691e-13,5.096843260852148e-10,0.0,9.810000000089813,5.000003238941734e-09,0.0,True,3.0292258760486853e-27
0.707,sdf_ncp,0.0001,0.0,5.096832823490575e-10,0.0,-1.0437361573972926e-12,5.096832823490575e-10,0.0,9.809999998227578,4.99999299894088e-09,0.0,True,4.6448130099413175e-27
0.708,sdf_ncp,0.0001,0.0,5.096822450504173e-10,0.0,-1.0372986402113087e-12,5.096822450504173e-10,0.0,9.810000000006438,4.999982823947875e-09,0.0,True,2.5835194645988137e-27
0.709,sdf_ncp,0.0001,0.0,5.09684775235863e-10,0.0,2.5301854457088075e-12,5.09684775235863e-10,0.0,9.810000003567485,5.000007646882109e-09,0.0,True,2.0194839173657902e-27
0.71,sdf_ncp,0.0001,0.0,5.09683243147236e-10,0.0,-1.5320886269715343e-12,5.09683243147236e-10,0.0,9.809999995937726,4.999992613203912e-09,0.0,True,3.2311742677852644e-27
0.711,sdf_ncp,0.0001,0.0,5.096834112470436e-10,0.0,1.6809980751210795e-13,5.096834112470436e-10,0.0,9.810000001700189,4.999994265200056e-09,0.0,True,3.513902016216475e-26
0.712,sdf_ncp,0.0001,0.0,5.096836097616329e-10,0.0,1.985145893163193e-13,5.096836097616329e-10,0.0,9.810000000030415,4.999996211777121e-09,0.0,True,2.524354896707238e-28
0.713,sdf_ncp,0.0001,0.0,5.096838099957356e-10,0.0,2.0023410273685915e-13,5.096838099957356e-10,0.0,9.81000000000172,4.999998176059043e-09,0.0,True,4.102076707149261e-28
0.714,sdf_ncp,0.0001,0.0,5.096827600476584e-10,0.0,-1.049948077264643e-12,5.096827600476584e-10,0.0,9.809999998749818,4.999987875430332e-09,0.0,True,0.0
0.715,sdf_ncp,0.0001,0.0,5.096847044812126e-10,0.0,1.944433554273447e-12,5.096847044812126e-10,0.0,9.810000002994382,5.000006952486886e-09,0.0,True,4.0389678347315804e-28
0.716,sdf_ncp,0.0001,0.0,5.096836503693549e-10,0.0,-1.054111857696197e-12,5.096836503693549e-10,0.0,9.809999997001455,4.999996608595062e-09,0.0,True,0.0
0.717,sdf_ncp,0.0001,0.0,5.096826130778201e-10,0.0,-1.0372915347839161e-12,5.096826130778201e-10,0.0,9.81000000001682,4.999986434301989e-09,0.0,True,1.1044052673094165e-28
0.718,sdf_ncp,0.0001,0.0,5.09685143328991e-10,0.0,2.530251170911898e-12,5.09685143328991e-10,0.0,9.810000003567543,5.000011257875726e-09,0.0,True,0.0
0.719,sdf_ncp,0.0001,0.0,5.09682298075676e-10,0.0,-2.845253315070777e-12,5.09682298075676e-10,0.0,9.809999994624496,4.999983341382583e-09,0.0,True,8.077935669463161e-28
0.72,sdf_ncp,0.0001,0.0,5.096830622799827e-10,0.0,7.642043066075211e-13,5.096830622799827e-10,0.0,9.810000003609458,4.999990842806309e-09,0.0,True,4.4428646182047385e-27
0.721,sdf_ncp,0.0001,0.0,5.096832608602972e-10,0.0,1.9858031451936792e-13,5.096832608602972e-10,0.0,9.809999999434377,4.9999927887512266e-09,0.0,True,4.2409162264681595e-27
0.722,sdf_ncp,0.0001,0.0,5.096852373659742e-10,0.0,1.9765056770088113e-12,5.096852373659742e-10,0.0,9.810000001777926,5.000012179466389e-09,0.0,True,2.4233807008389483e-27
0.723,sdf_ncp,0.0001,0.0,5.096837052311619e-10,0.0,-1.5321348122493382e-12,5.096837052311619e-10,0.0,9.80999999649136,4.999997146529402e-09,0.0,True,8.077935669463161e-27
0.724,sdf_ncp,0.0001,0.0,5.096820970629479e-10,0.0,-1.608168214046187e-12,5.096820970629479e-10,0.0,9.809999999923967,4.999981372148766e-09,0.0,True,2.145701662201152e-28
0.725,sdf_ncp,0.0001,0.0,5.096837317336201e-10,0.0,1.634670672261977e-12,5.096837317336201e-10,0.0,9.81000000324284,4.999997409959636e-09,0.0,True,0.0
0.726,sdf_ncp,0.0001,0.0,5.096821843594426e-10,0.0,-1.5473741775745495e-12,5.096821843594426e-10,0.0,9.809999996817956,4.9999822269443e-09,0.0,True,3.2311742677852644e-27
0.727,sdf_ncp,0.0001,0.0,5.096829319938926e-10,0.0,7.476344500095911e-13,5.096829319938926e-10,0.0,9.81000000229501,4.999989564029813e-09,0.0,True,1.6155871338926322e-27
0.728,sdf_ncp,0.0001,0.0,5.096831305617726e-10,0.0,1.9856788002148608e-13,5.096831305617726e-10,0.0,9.809999999450934,4.99999151053114e-09,0.0,True,5.856503360360792e-27
0.729,sdf_ncp,0.0001,0.0,5.096820932844487e-10,0.0,-1.037277323929216e-12,5.096820932844487e-10,0.0,9.809999998764155,4.999981334490554e-09,0.0,True,8.077935669463161e-28
0.73,sdf_ncp,0.0001,0.0,5.096828409402149e-10,0.0,7.476557662916554e-13,5.096828409402149e-10,0.0,9.810000001784934,4.999988670533259e-09,0.0,True,3.4331226595218434e-27
0.731,sdf_ncp,0.0001,0.0,5.096830395045422e-10,0.0,1.9856432730780325e-13,5.096830395045422e-10,0.0,9.809999999450909,4.999990617259697e-09,0.0,True,1.4136387421560532e-27
0.732,sdf_ncp,0.0001,0.0,5.096837719333777e-10,0.0,7.324288354643153e-13,5.096837719333777e-10,0.0,9.810000000533865,4.999997802938538e-09,0.0,True,2.0194839173657902e-28
0.733,sdf_ncp,0.0001,0.0,5.096827242839062e-10,0.0,-1.047649471514483e-12,5.096827242839062e-10,0.0,9.809999998219922,4.999987524317845e-09,0.0,True,4.2409162264681595e-27
0.734,sdf_ncp,0.0001,0.0,5.096828941813868e-10,0.0,1.6989748063359328e-13,5.096828941813868e-10,0.0,9.810000001217547,4.999989192539968e-09,0.0,True,3.534096855390133e-26
0.735,sdf_ncp,0.0001,0.0,5.096836353747669e-10,0.0,7.411933801099471e-13,5.096836353747669e-10,0.0,9.810000000571296,4.999996463317644e-09,0.0,True,1.0097419586828951e-28
0.736,sdf_ncp,0.0001,0.0,5.096825854337951e-10,0.0,-1.0499409718372768e-12,5.096825854337951e-10,0.0,9.809999998208866,4.9999861621926205e-09,0.0,True,2.6253290925755273e-27
0.737,sdf_ncp,0.0001,0.0,5.096837828560077e-10,0.0,1.197422212600468e-12,5.096837828560077e-10,0.0,9.810000002247364,4.99999791096288e-09,0.0,True,4.0389678347315804e-28
0.738,sdf_ncp,0.0001,0.0,5.096827329292467e-10,0.0,-1.049926760982558e-12,5.096827329292467e-10,0.0,9.809999997752652,4.9999876088904755e-09,0.0,True,4.0389678347315804e-27
0.739,sdf_ncp,0.0001,0.0,5.096829028267273e-10,0.0,1.6989748063358113e-13,5.096829028267273e-10,0.0,9.810000001219825,4.999989277351919e-09,0.0,True,1.2924697071141057e-26
0.74,sdf_ncp,0.0001,0.0,5.096836417445944e-10,0.0,7.389178669986639e-13,5.096836417445944e-10,0.0,9.81000000056902,4.999996525804491e-09,0.0,True,5.048709793414476e-28
0.741,sdf_ncp,0.0001,0.0,5.096843680005898e-10,0.0,7.262559954474189e-13,5.096843680005898e-10,0.0,9.809999999987339,5.000003650079332e-09,0.0,True,2.524354896707238e-29
0.742,sdf_ncp,0.0001,0.0,5.09683324267985e-10,0.0,-1.0437326046835791e-12,5.09683324267985e-10,0.0,9.809999998230012,4.9999934101668e-09,0.0,True,2.6253290925755273e-27
0.743,sdf_ncp,0.0001,0.0,5.096822869622394e-10,0.0,-1.0373057456386296e-12,5.096822869622394e-10,0.0,9.810000000006427,4.999983235102844e-09,0.0,True,5.135484492988787e-28
0.744,sdf_ncp,0.0001,0.0,5.096830385277671e-10,0.0,7.51565527695193e-13,5.096830385277671e-10,0.0,9.810000001788872,4.999990608869153e-09,0.0,True,2.8272774843121063e-27
0.745,sdf_ncp,0.0001,0.0,5.096832371027525e-10,0.0,1.9857498544886048e-13,5.096832371027525e-10,0.0,9.80999999944701,4.999992555696153e-09,0.0,True,1.8175355256292112e-27
0.746,sdf_ncp,0.0001,0.0,5.09683089062557e-10,0.0,-1.480401955527922e-13,5.09683089062557e-10,0.0,9.809999999653385,4.99999110352702e-09,0.0,True,0.0
0.747,sdf_ncp,0.0001,0.0,5.096838280941109e-10,0.0,7.390315538363867e-13,5.096838280941109e-10,0.0,9.810000000887072,4.999998354055354e-09,0.0,True,0.0
0.748,sdf_ncp,0.0001,0.0,5.096827804446394e-10,0.0,-1.0476494715144523e-12,5.096827804446394e-10,0.0,9.80999999821332,4.999988075251272e-09,0.0,True,5.856503360360792e-27
0.749,sdf_ncp,0.0001,0.0,5.096845309177903e-10,0.0,1.7504731509793404e-12,5.096845309177903e-10,0.0,9.810000002798123,5.000005249729683e-09,0.0,True,0.0
0.75,sdf_ncp,0.0001,0.0,5.09683474517985e-10,0.0,-1.0563998053053384e-12,5.09683474517985e-10,0.0,9.809999997193128,4.999994883590816e-09,0.0,True,4.0389678347315804e-28
0.751,sdf_ncp,0.0001,0.0,5.096833264511441e-10,0.0,-1.48066840905378e-13,5.096833264511441e-10,0.0,9.810000000908333,4.999993432948686e-09,0.0,True,0.0
0.752,sdf_ncp,0.0001,0.0,5.096840653707875e-10,0.0,7.38919643355509e-13,5.096840653707875e-10,0.0,9.810000000886987,5.0000006817395085e-09,0.0,True,7.068193710780266e-28
0.753,sdf_ncp,0.0001,0.0,5.096848003042861e-10,0.0,7.349334986078949e-13,5.096848003042861e-10,0.0,9.809999999996014,5.000007890983015e-09,0.0,True,5.127595883936577e-29
0.754,sdf_ncp,0.0001,0.0,5.096850141097551e-10,0.0,2.1380546898988499e-13,5.096850141097551e-10,0.0,9.809999999478872,5.000009988151087e-09,0.0,True,2.2214323091023692e-27
0.755,sdf_ncp,0.0001,0.0,5.096834533134252e-10,0.0,-1.5607963298530374e-12,5.096834533134252e-10,0.0,9.809999998225399,4.999994676100216e-09,0.0,True,6.058451752097371e-28
0.756,sdf_ncp,0.0001,0.0,5.096836214327726e-10,0.0,1.6811934743735e-13,5.096836214327726e-10,0.0,9.810000001728916,4.9999963271366995e-09,0.0,True,6.058451752097371e-28
0.757,sdf_ncp,0.0001,0.0,5.096838216633226e-10,0.0,2.0023055002319012e-13,5.096838216633226e-10,0.0,9.810000000032112,4.999998290533562e-09,0.0,True,1.7859810894203707e-27
0.758,sdf_ncp,0.0001,0.0,5.096845479051071e-10,0.0,7.262417845927123e-13,5.096845479051071e-10,0.0,9.810000000526012,5.000005415217201e-09,0.0,True,1.1107161545511846e-27
0.759,sdf_ncp,0.0001,0.0,5.09682985375053e-10,0.0,-1.5625300541282832e-12,5.09682985375053e-10,0.0,9.809999997711229,4.9999900853627225e-09,0.0,True,8.885729236409477e-27
0.76,sdf_ncp,0.0001,0.0,5.096837369334753e-10,0.0,7.515584222678533e-13,5.096837369334753e-10,0.0,9.810000002314089,4.999997460496846e-09,0.0,True,4.0389678347315804e-28
0.761,sdf_ncp,0.0001,0.0,5.096826869907271e-10,0.0,-1.049942748194108e-12,5.096826869907271e-10,0.0,9.8099999981985,4.999987158460839e-09,0.0,True,4.0389678347315804e-28
0.762,sdf_ncp,0.0001,0.0,5.096834385615839e-10,0.0,7.515708567657282e-13,5.096834385615839e-10,0.0,9.810000001801514,4.999994533207339e-09,0.0,True,6.058451752097371e-28
0.763,sdf_ncp,0.0001,0.0,5.096823908996779e-10,0.0,-1.0476619060123194e-12,5.096823908996779e-10,0.0,9.809999998200768,4.999984253808803e-09,0.0,True,6.058451752097371e-28
0.764,sdf_ncp,0.0001,0.0,5.096831424652056e-10,0.0,7.515655276952092e-13,5.096831424652056e-10,0.0,9.810000001799228,4.999991628500703e-09,0.0,True,0.0
0.765,sdf_ncp,0.0001,0.0,5.09683341059731e-10,0.0,1.9859452537411132e-13,5.09683341059731e-10,0.0,9.80999999944703,4.999993575514121e-09,0.0,True,3.130200071916975e-27
0.766,sdf_ncp,0.0001,0.0,5.096839844877597e-10,0.0,6.434280287398827e-13,5.096839844877597e-10,0.0,9.810000000444834,4.9999998880516474e-09,0.0,True,0.0
0.767,sdf_ncp,0.0001,0.0,5.096829345432352e-10,0.0,-1.0499445245509456e-12,5.096829345432352e-10,0.0,9.809999998306628,4.999989587006055e-09,0.0,True,2.0194839173657902e-28
0.768,sdf_ncp,0.0001,0.0,5.096831044655848e-10,0.0,1.699223496293493e-13,5.096831044655848e-10,0.0,9.810000001219867,4.999991255429133e-09,0.0,True,2.8272774843121063e-27
0.769,sdf_ncp,0.0001,0.0,5.096856267924279e-10,0.0,2.5223268430513497e-12,5.096856267924279e-10,0.0,9.810000002352405,5.0000160000327045e-09,0.0,True,0.0
0.77,sdf_ncp,0.0001,0.0,5.096827815462182e-10,0.0,-2.845246209643405e-12,5.096827815462182e-10,0.0,9.809999994632427,4.999988084232642e-09,0.0,True,2.4233807008389483e-27
0.771,sdf_ncp,0.0001,0.0,5.096829210342462e-10,0.0,1.3948802789992455e-13,5.096829210342462e-10,0.0,9.810000002984735,4.999989456867223e-09,0.0,True,2.2214323091023692e-26
0.772,sdf_ncp,0.0001,0.0,5.096836599503368e-10,0.0,7.389160906418616e-13,5.096836599503368e-10,0.0,9.810000000599429,4.999996704418323e-09,0.0,True,1.4136387421560532e-27
0.773,sdf_ncp,0.0001,0.0,5.096826100058123e-10,0.0,-1.0499445245509292e-12,5.096826100058123e-10,0.0,9.80999999821114,4.999986403245268e-09,0.0,True,2.0194839173657902e-27
0.774,sdf_ncp,0.0001,0.0,5.096833615748927e-10,0.0,7.515690804089072e-13,5.096833615748927e-10,0.0,9.810000001801514,4.9999937779678986e-09,0.0,True,4.0389678347315804e-28
0.775,sdf_ncp,0.0001,0.0,5.096823116303681e-10,0.0,-1.049944524550929e-12,5.096823116303681e-10,0.0,9.809999998198487,4.999983476175712e-09,0.0,True,6.058451752097371e-28
0.776,sdf_ncp,0.0001,0.0,5.096830654838434e-10,0.0,7.538534753043784e-13,5.096830654838434e-10,0.0,9.810000001803798,4.9999908733158695e-09,0.0,True,1.8175355256292112e-27
0.777,sdf_ncp,0.0001,0.0,5.096832640748161e-10,0.0,1.9859097266044522e-13,5.096832640748161e-10,0.0,9.809999999444738,4.9999928202909376e-09,0.0,True,5.957477556229081e-27
0.778,sdf_ncp,0.0001,0.0,5.096843515920547e-10,0.0,1.087517238589958e-12,5.096843515920547e-10,0.0,9.810000000888927,5.000003489571128e-09,0.0,True,1.0097419586828951e-28
0.779,sdf_ncp,0.0001,0.0,5.096827891028567e-10,0.0,-1.5624891979209642e-12,5.096827891028567e-10,0.0,9.809999997349994,4.999988159748362e-09,0.0,True,1.2116903504194741e-27
0.78,sdf_ncp,0.0001,0.0,5.096835406701607e-10,0.0,7.515673040520629e-13,5.096835406701607e-10,0.0,9.810000002314057,4.999995535153714e-09,0.0,True,4.0389678347315804e-28
0.781,sdf_ncp,0.0001,0.0,5.096834385678051e-10,0.0,-1.0210235562412467e-13,5.096834385678051e-10,0.0,9.809999999146331,4.999994531915067e-09,0.0,True,5.242950909598753e-19
0.782,sdf_ncp,0.0001,0.0,5.096824035779045e-10,0.0,-1.0349899006151148e-12,5.096824035779045e-10,0.0,9.809999999067113,4.999984378623767e-09,0.0,True,0.0
0.783,sdf_ncp,0.0001,0.0,5.096831551464606e-10,0.0,7.515685561138135e-13,5.096831551464606e-10,0.0,9.810000001786559,4.999991752897358e-09,0.0,True,2.2214323091023692e-27
0.784,sdf_ncp,0.0001,0.0,5.096833537333563e-10,0.0,1.9858689565168483e-13,5.096833537333563e-10,0.0,9.809999999447019,4.9999936998423805e-09,0.0,True,8.582806648804608e-27
0.785,sdf_ncp,0.0001,0.0,5.096853284159669e-10,0.0,1.9746826105965436e-12,5.096853284159669e-10,0.0,9.810000001776096,5.0000130726658855e-09,0.0,True,0.0
0.786,sdf_ncp,0.0001,0.0,5.096837979823803e-10,0.0,-1.530433586692223e-12,5.096837979823803e-10,0.0,9.809999996494884,4.99999805642065e-09,0.0,True,4.8467614016778965e-27
0.787,sdf_ncp,0.0001,0.0,5.09684536874854e-10,0.0,7.388924737078582e-13,5.09684536874854e-10,0.0,9.810000002269327,5.000005307898958e-09,0.0,True,8.481832452936319e-27
0.788,sdf_ncp,0.0001,0.0,5.096829761170797e-10,0.0,-1.5607577742976294e-12,5.096829761170797e-10,0.0,9.80999999770035,4.999989994536459e-09,0.0,True,3.6350710512584224e-27
0.789,sdf_ncp,0.0001,0.0,5.096855038754976e-10,0.0,2.5277584179711745e-12,5.096855038754976e-10,0.0,9.810000004088517,5.000014795102489e-09,0.0,True,4.8467614016778965e-27
0.79,sdf_ncp,0.0001,0.0,5.096826586269873e-10,0.0,-2.845248510295314e-12,5.096826586269873e-10,0.0,9.809999994626994,4.999986878392217e-09,0.0,True,1.1309109937248425e-26
0.791,sdf_ncp,0.0001,0.0,5.096835143131468e-10,0.0,8.556861595415909e-13,5.096835143131468e-10,0.0,9.810000003700935,4.9999952772982765e-09,0.0,True,7.270142102516845e-27
0.792,sdf_ncp,0.0001,0.0,5.096824666507165e-10,0.0,-1.0476624303073764e-12,5.096824666507165e-10,0.0,9.809999998096652,4.999984996873426e-09,0.0,True,6.866245319043687e-27
0.793,sdf_ncp,0.0001,0.0,5.096832180895986e-10,0.0,7.514388820645548e-13,5.096832180895986e-10,0.0,9.810000001799102,4.999992370375934e-09,0.0,True,0.0
0.794,sdf_ncp,0.0001,0.0,5.096821681481025e-10,0.0,-1.0499414961323243e-12,5.096821681481025e-10,0.0,9.80999999819862,4.9999820686147536e-09,0.0,True,2.6253290925755273e-27
0.795,sdf_ncp,0.0001,0.0,5.096829135153968e-10,0.0,7.453672943874903e-13,5.096829135153968e-10,0.0,9.81000000179531,4.999989382501081e-09,0.0,True,3.0292258760486853e-27
0.796,sdf_ncp,0.0001,0.0,5.096831120916344e-10,0.0,1.9857623751066174e-13,5.096831120916344e-10,0.0,9.80999999945321,4.999991329340243e-09,0.0,True,1.0097419586828951e-27
0.797,sdf_ncp,0.0001,0.0,5.096820770946283e-10,0.0,-1.0349970060424482e-12,5.096820770946283e-10,0.0,9.809999998766427,4.999981175669573e-09,0.0,True,2.0194839173657902e-28
0.798,sdf_ncp,0.0001,0.0,5.096845986606663e-10,0.0,2.521566038029039e-12,5.096845986606663e-10,0.0,9.810000003556564,5.000005914673863e-09,0.0,True,5.2506581851510546e-27
0.799,sdf_ncp,0.0001,0.0,5.096835068646503e-10,0.0,-1.0917960159822656e-12,5.096835068646503e-10,0.0,9.809999996386638,4.999995200500549e-09,0.0,True,0.0
0.8,sdf_ncp,0.0001,0.0,5.096824695690386e-10,0.0,-1.0372956117926268e-12,5.096824695690386e-10,0.0,9.810000000054501,4.9999850265000464e-09,0.0,True,3.34477023813709e-28
0.801,sdf_ncp,0.0001,0.0,5.096849997575127e-10,0.0,2.530188474127487e-12,5.096849997575127e-10,0.0,9.810000003567485,5.000009849439493e-09,0.0,True,4.0389678347315804e-28
0.802,sdf_ncp,0.0001,0.0,5.09682154501897e-10,0.0,-2.8452556157226503e-12,5.09682154501897e-10,0.0,9.809999994624556,4.9999819329238416e-09,0.0,True,2.4233807008389483e-27
0.803,sdf_ncp,0.0001,0.0,5.096829125150757e-10,0.0,7.580131787271826e-13,5.096829125150757e-10,0.0,9.81000000360327,4.999989373609417e-09,0.0,True,8.077935669463161e-28
0.804,sdf_ncp,0.0001,0.0,5.096831110842078e-10,0.0,1.9856913208330736e-13,5.096831110842078e-10,0.0,9.809999999440556,4.999991319450939e-09,0.0,True,3.0292258760486853e-28
0.805,sdf_ncp,0.0001,0.0,5.096838564941347e-10,0.0,7.454099269516381e-13,5.096838564941347e-10,0.0,9.810000000546841,4.999998632486178e-09,0.0,True,0.0
0.806,sdf_ncp,0.0001,0.0,5.096836958768085e-10,0.0,-1.606173262707809e-13,5.096836958768085e-10,0.0,9.809999999093973,4.9999970560897045e-09,0.0,True,0.0
0.807,sdf_ncp,0.0001,0.0,5.096821180589031e-10,0.0,-1.577817905383214e-12,5.096821180589031e-10,0.0,9.8099999985828,4.999981577435518e-09,0.0,True,1.0097419586828951e-27
0.808,sdf_ncp,0.0001,0.0,5.096828634119866e-10,0.0,7.45353083532775e-13,5.096828634119866e-10,0.0,9.810000002323171,4.999988891255669e-09,0.0,True,1.2116903504194741e-27
0.809,sdf_ncp,0.0001,0.0,5.096830637503701e-10,0.0,2.0033838349534152e-13,5.096830637503701e-10,0.0,9.809999999454986,4.9999908551133465e-09,0.0,True,6.15942594796566e-27
0.81,sdf_ncp,0.0001,0.0,5.096838057692319e-10,0.0,7.420188617452145e-13,5.096838057692319e-10,0.0,9.810000000541681,4.999998134872251e-09,0.0,True,0.0
0.811,sdf_ncp,0.0001,0.0,5.096845320282557e-10,0.0,7.262590238660547e-13,5.096845320282557e-10,0.0,9.80999999998424,5.000005259189156e-09,0.0,True,8.330371159133885e-28
0.812,sdf_ncp,0.0001,0.0,5.096838584967738e-10,0.0,-6.735314818634156e-13,5.096838584967738e-10,0.0,9.80999999860021,4.999998651139901e-09,0.0,True,0.0
0.8130000000000001,sdf_ncp,0.0001,0.0,5.096828212118202e-10,0.0,-1.0372849536516016e-12,5.096828212118202e-10,0.0,9.809999999636247,4.999988475902558e-09,0.0,True,3.534096855390133e-28
0.8140000000000001,sdf_ncp,0.0001,0.0,5.096829893608414e-10,0.0,1.681490212085659e-13,5.096829893608414e-10,0.0,9.810000001205434,4.999990126244243e-09,0.0,True,3.2311742677852644e-27
0.8150000000000001,sdf_ncp,0.0001,0.0,5.096837282859135e-10,0.0,7.389250720867308e-13,5.096837282859135e-10,0.0,9.810000000570776,4.999997374775726e-09,1.7763568394002505e-15,False,1.7763569489843058e-15
0.8160000000000001,sdf_ncp,0.0001,0.0,5.096826806241071e-10,0.0,-1.0476618063516257e-12,5.096826806241071e-10,0.0,9.809999998213414,4.9999870960118985e-09,0.0,True,0.0
0.8170000000000001,sdf_ncp,0.0001,0.0,5.096843214304156e-10,0.0,1.6408063084459895e-12,5.096843214304156e-10,0.0,9.810000002688469,5.000003194602647e-09,0.0,True,0.0
0.8180000000000001,sdf_ncp,0.0001,0.0,5.096832650307099e-10,0.0,-1.0563997056446264e-12,5.096832650307099e-10,0.0,9.809999997302794,4.9999928285765436e-09,0.0,True,9.289626019882635e-27
0.8190000000000001,sdf_ncp,0.0001,0.0,5.096822300112352e-10,0.0,-1.0350194747256055e-12,5.096822300112352e-10,0.0,9.81000000002138,4.999982676421115e-09,0.0,True,5.017155357205635e-28
0.8200000000000001,sdf_ncp,0.0001,0.0,5.096829838648102e-10,0.0,7.538535749650566e-13,5.096829838648102e-10,0.0,9.810000001788874,4.9999900726255465e-09,0.0,True,2.6253290925755273e-27
0.8210000000000001,sdf_ncp,0.0001,0.0,5.09683184205594e-10,0.0,2.0034078380793902e-13,5.09683184205594e-10,0.0,9.809999999446488,4.999992036774761e-09,0.0,True,5.048709793414476e-28
0.8220000000000001,sdf_ncp,0.0001,0.0,5.096830361672745e-10,0.0,-1.4803831953523803e-13,5.096830361672745e-10,0.0,9.809999999651621,4.9999905846234e-09,0.0,True,1.0097419586828951e-28
0.8230000000000001,sdf_ncp,0.0001,0.0,5.096837773518725e-10,0.0,7.411845979864523e-13,5.096837773518725e-10,0.0,9.810000000889223,4.999997856275092e-09,0.0,True,2.3224065049706588e-27
0.8240000000000001,sdf_ncp,0.0001,0.0,5.096836723973117e-10,0.0,-1.0495456075242651e-13,5.096836723973117e-10,0.0,9.809999999153861,4.999996825786365e-09,0.0,True,1.0097419586828951e-28
0.8250000000000001,sdf_ncp,0.0001,0.0,5.096820963599399e-10,0.0,-1.5760373718743885e-12,5.096820963599399e-10,0.0,9.809999998528918,4.999981364541226e-09,0.0,True,2.0194839173657902e-27
0.8260000000000001,sdf_ncp,0.0001,0.0,5.09682841711871e-10,0.0,7.453519311316847e-13,5.09682841711871e-10,0.0,9.81000000232139,4.9999886783766276e-09,0.0,True,1.6155871338926322e-27
0.8270000000000001,sdf_ncp,0.0001,0.0,5.096830402745216e-10,0.0,1.9856265061169812e-13,5.096830402745216e-10,0.0,9.809999999453211,4.999990624814368e-09,0.0,True,1.5146129380243427e-27
0.8280000000000001,sdf_ncp,0.0001,0.0,5.096837814804359e-10,0.0,7.412059142685254e-13,5.096837814804359e-10,0.0,9.810000000542644,4.999997896599653e-09,0.0,True,6.058451752097371e-28
0.8290000000000001,sdf_ncp,0.0001,0.0,5.096827315377874e-10,0.0,-1.0499426485334116e-12,5.096827315377874e-10,0.0,9.809999998208852,4.999987595472777e-09,0.0,True,6.058451752097371e-28
0.8300000000000001,sdf_ncp,0.0001,0.0,5.096828996661162e-10,0.0,1.681283288822439e-13,5.096828996661162e-10,0.0,9.810000001218071,4.999989246345431e-09,0.0,True,8.481832452936319e-27
0.8310000000000001,sdf_ncp,0.0001,0.0,5.09685414789932e-10,0.0,2.5151238157282703e-12,5.09685414789932e-10,0.0,9.810000002346996,5.0000139202854626e-09,0.0,True,0.0
0.8320000000000001,sdf_ncp,0.0001,0.0,5.09682569549151e-10,0.0,-2.8452407809121952e-12,5.09682569549151e-10,0.0,9.809999994639636,4.9999860045450876e-09,0.0,True,0.0
0.833,sdf_ncp,0.0001,0.0,5.09683333751781e-10,0.0,7.642026299113902e-13,5.09683333751781e-10,0.0,9.810000003609444,4.999993505944645e-09,0.0,True,2.4233807008389483e-27
0.834,sdf_ncp,0.0001,0.0,5.096822838055797e-10,0.0,-1.049946201247101e-12,5.096822838055797e-10,0.0,9.809999998185852,4.999983203208098e-09,0.0,True,4.0389678347315804e-28
0.835,sdf_ncp,0.0001,0.0,5.096830353800889e-10,0.0,7.51574509140092e-13,5.096830353800889e-10,0.0,9.810000001801521,4.999990577996877e-09,0.0,True,1.4136387421560532e-27
0.836,sdf_ncp,0.0001,0.0,5.096832339587267e-10,0.0,1.985786378232398e-13,5.096832339587267e-10,0.0,9.809999999447005,4.999992524853256e-09,0.0,True,4.0389678347315804e-28
0.837,sdf_ncp,0.0001,0.0,5.096839728891279e-10,0.0,7.38930401157239e-13,5.096839728891279e-10,0.0,9.810000000540352,4.9999997743177535e-09,0.0,True,2.4233807008389483e-27
0.838,sdf_ncp,0.0001,0.0,5.096829229606903e-10,0.0,-1.0499284376787102e-12,5.096829229606903e-10,0.0,9.809999998211142,4.999989473332621e-09,0.0,True,2.0194839173657902e-28
0.839,sdf_ncp,0.0001,0.0,5.096848674067787e-10,0.0,1.944446088432021e-12,5.096848674067787e-10,0.0,9.810000002994375,5.000008550786686e-09,0.0,True,1.2116903504194741e-27
0.84,sdf_ncp,0.0001,0.0,5.096838157623803e-10,0.0,-1.0516443983855723e-12,5.096838157623803e-10,0.0,9.80999999700391,4.999998231101892e-09,0.0,True,0.0
0.841,sdf_ncp,0.0001,0.0,5.096827784691688e-10,0.0,-1.037293211480058e-12,5.096827784691688e-10,0.0,9.810000000014352,4.999988056789861e-09,0.0,True,2.9030081312133234e-28
0.842,sdf_ncp,0.0001,0.0,5.096829483720782e-10,0.0,1.6990290936483442e-13,5.096829483720782e-10,0.0,9.810000001207197,4.999989724145375e-09,0.0,True,3.675460729605738e-26
0.843,sdf_ncp,0.0001,0.0,5.096836872953739e-10,0.0,7.389232957299174e-13,5.096836872953739e-10,0.0,9.81000000056902,4.999996972657638e-09,0.0,True,8.077935669463161e-28
0.844,sdf_ncp,0.0001,0.0,5.096835265903381e-10,0.0,-1.6070503584390524e-13,5.096835265903381e-10,0.0,9.809999999100372,4.999995395392691e-09,0.0,True,4.843130766423063e-19
0.845,sdf_ncp,0.0001,0.0,5.096824915908876e-10,0.0,-1.0349994504872779e-12,5.096824915908876e-10,0.0,9.809999999125706,4.999985242060995e-09,0.0,True,3.0292258760486853e-28
0.846,sdf_ncp,0.0001,0.0,5.096835205830814e-10,0.0,1.028992193776019e-12,5.096835205830814e-10,0.0,9.810000002063992,4.999995337972011e-09,0.0,True,0.0
0.847,sdf_ncp,0.0001,0.0,5.096824729412992e-10,0.0,-1.047641782113289e-12,5.096824729412992e-10,0.0,9.809999997923367,4.999985058495722e-09,0.0,True,4.0389678347315804e-28
0.848,sdf_ncp,0.0001,0.0,5.096832245109636e-10,0.0,7.515696643826872e-13,5.096832245109636e-10,0.0,9.810000001799212,4.999992433369581e-09,0.0,True,2.0194839173657902e-27
0.849,sdf_ncp,0.0001,0.0,5.096837540573394e-10,0.0,5.295463757397287e-13,5.096837540573394e-10,0.0,9.809999999777977,4.999997627189338e-09,0.0,True,0.0
0.85,sdf_ncp,0.0001,0.0,5.096827041133989e-10,0.0,-1.049943940577148e-12,5.096827041133989e-10,0.0,9.80999999842051,4.999987326547404e-09,0.0,True,1.6155871338926322e-27
0.851,sdf_ncp,0.0001,0.0,5.096834556848396e-10,0.0,7.515714407395273e-13,5.096834556848396e-10,0.0,9.810000001801516,4.999994701186479e-09,0.0,True,1.0097419586828951e-27
0.852,sdf_ncp,0.0001,0.0,5.096832950615162e-10,0.0,-1.6062332342928944e-13,5.096832950615162e-10,0.0,9.809999999087806,4.999993124088544e-09,0.0,True,2.0194839173657902e-28
0.853,sdf_ncp,0.0001,0.0,5.096822577776708e-10,0.0,-1.0372838453827445e-12,5.096822577776708e-10,0.0,9.80999999912334,4.999982948352133e-09,0.0,True,1.0097419586828951e-27
0.854,sdf_ncp,0.0001,0.0,5.096830093420061e-10,0.0,7.515643353121655e-13,5.096830093420061e-10,0.0,9.810000001788849,4.999990322556825e-09,0.0,True,3.0292258760486853e-27
0.855,sdf_ncp,0.0001,0.0,5.096849875517933e-10,0.0,1.9782097871916145e-12,5.096849875517933e-10,0.0,9.810000001226646,5.000009728508295e-09,0.0,True,0.0
0.856,sdf_ncp,0.0001,0.0,5.096821549662628e-10,0.0,-2.8325855304751973e-12,5.096821549662628e-10,0.0,9.809999995189205,4.999981937767063e-09,0.0,True,4.8467614016778965e-27
0.857,sdf_ncp,0.0001,0.0,5.09682912971668e-10,0.0,7.580054052118395e-13,5.09682912971668e-10,0.0,9.810000003590591,4.999989378082127e-09,0.0,True,4.0389678347315804e-27
0.858,sdf_ncp,0.0001,0.0,5.096831115401321e-10,0.0,1.985684639953189e-13,5.096831115401321e-10,0.0,9.809999999440564,4.99999132392356e-09,0.0,True,2.7263032884438168e-27
0.859,sdf_ncp,0.0001,0.0,5.096829635715748e-10,0.0,-1.4796855730540017e-13,5.096829635715748e-10,0.0,9.809999999653463,4.999989872460525e-09,0.0,True,0.0
0.86,sdf_ncp,0.0001,0.0,5.096837024793677e-10,0.0,7.389077928314445e-13,5.096837024793677e-10,0.0,9.810000000886877,4.999997121774624e-09,0.0,True,2.0194839173657902e-28
0.861,sdf_ncp,0.0001,0.0,5.096836198647549e-10,0.0,-8.261461282702572e-14,5.096836198647549e-10,0.0,9.809999999178478,4.999996310454529e-09,0.0,True,0.0
0.862,sdf_ncp,0.0001,0.0,5.096838183586119e-10,0.0,1.9849385700806514e-13,5.096838183586119e-10,0.0,9.810000000281109,4.999998258241259e-09,0.0,True,1.2116903504194741e-27
0.863,sdf_ncp,0.0001,0.0,5.096827622098569e-10,0.0,-1.05614875501717e-12,5.096827622098569e-10,0.0,9.809999998745358,4.999987896639227e-09,0.0,True,1.2116903504194741e-27
0.864,sdf_ncp,0.0001,0.0,5.096829303404464e-10,0.0,1.6813058955218544e-13,5.096829303404464e-10,0.0,9.81000000122428,4.9999895472637735e-09,0.0,True,1.231885189593132e-26
0.865,sdf_ncp,0.0001,0.0,5.09683669257121e-10,0.0,7.389166746156305e-13,5.09683669257121e-10,0.0,9.810000000570787,4.999996795703278e-09,0.0,True,1.1107161545511846e-27
0.866,sdf_ncp,0.0001,0.0,5.096826193131805e-10,0.0,-1.0499439405771578e-12,5.096826193131805e-10,0.0,9.80999999821114,4.99998649455055e-09,0.0,True,4.0389678347315804e-28
0.867,sdf_ncp,0.0001,0.0,5.096851495134211e-10,0.0,2.530200240537366e-12,5.096851495134211e-10,0.0,9.810000003580145,5.0000113185514075e-09,0.0,True,4.0389678347315804e-27
0.868,sdf_ncp,0.0001,0.0,5.096823661720549e-10,0.0,-2.783341366173343e-12,5.096823661720549e-10,0.0,9.809999994686459,4.99998400943964e-09,0.0,True,5.6545549686242126e-27
0.869,sdf_ncp,0.0001,0.0,5.096831303787218e-10,0.0,7.642066669381977e-13,5.096831303787218e-10,0.0,9.810000003547549,4.999991510823386e-09,0.0,True,1.5348077771980006e-26
0.87,sdf_ncp,0.0001,0.0,5.096833238934506e-10,0.0,1.9351472878723982e-13,5.096833238934506e-10,0.0,9.809999999429309,4.999993407103878e-09,0.0,True,0.0
0.871,sdf_ncp,0.0001,0.0,5.096835224068475e-10,0.0,1.9851339693331075e-13,5.096835224068475e-10,0.0,9.810000000005,4.9999953548137224e-09,0.0,True,1.3757734187054446e-27
0.872,sdf_ncp,0.0001,0.0,5.096837227019304e-10,0.0,2.002950828432293e-13,5.096837227019304e-10,0.0,9.810000000001782,4.999997319706846e-09,0.0,True,1.0097419586828951e-28
0.873,sdf_ncp,0.0001,0.0,5.096839212437491e-10,0.0,1.9854181864274016e-13,5.096839212437491e-10,0.0,9.809999999998247,4.999999267400285e-09,0.0,True,1.1014470389148377e-27
0.874,sdf_ncp,0.0001,0.0,5.096828712873741e-10,0.0,-1.049956375075012e-12,5.096828712873741e-10,0.0,9.809999998751502,4.999988966692802e-09,0.0,True,1.2116903504194741e-27
0.875,sdf_ncp,0.0001,0.0,5.09683928425942e-10,0.0,1.0571385678963319e-12,5.09683928425942e-10,0.0,9.810000002107095,4.999999338932443e-09,0.0,True,0.0
0.876,sdf_ncp,0.0001,0.0,5.096828807770544e-10,0.0,-1.0476488875406424e-12,5.096828807770544e-10,0.0,9.809999997895213,4.99998905935013e-09,0.0,True,1.1309109937248425e-26
0.877,sdf_ncp,0.0001,0.0,5.096830489165258e-10,0.0,1.6813947133638574e-13,5.096830489165258e-10,0.0,9.810000001215789,4.9999907104907856e-09,0.0,True,6.462348535570529e-27
0.878,sdf_ncp,0.0001,0.0,5.096837878349768e-10,0.0,7.389184509724676e-13,5.096837878349768e-10,0.0,9.81000000057078,4.99999795895204e-09,0.0,True,6.563322731438818e-27
0.879,sdf_ncp,0.0001,0.0,5.096827378963653e-10,0.0,-1.0499386115066406e-12,5.096827378963653e-10,0.0,9.809999998211143,4.9999876578515945e-09,0.0,True,2.0194839173657902e-27
0.88,sdf_ncp,0.0001,0.0,5.096829060251784e-10,0.0,1.6812881319534603e-13,5.096829060251784e-10,0.0,9.810000001218068,4.999989308727829e-09,0.0,True,1.4136387421560532e-27
0.881,sdf_ncp,0.0001,0.0,5.096854283490528e-10,0.0,2.5223238743114617e-12,5.096854283490528e-10,0.0,9.810000002354196,5.000014053304107e-09,0.0,True,0.0
0.882,sdf_ncp,0.0001,0.0,5.096834723405555e-10,0.0,-1.956008497293204e-12,5.096834723405555e-10,0.0,9.809999995521668,4.999994861378318e-09,0.0,True,0.0
0.883,sdf_ncp,0.0001,0.0,5.096824476990417e-10,0.0,-1.0246415137567404e-12,5.096824476990417e-10,0.0,9.810000000931367,4.999984812402301e-09,0.0,True,0.0
0.884,sdf_ncp,0.0001,0.0,5.096832015459955e-10,0.0,7.53846953850793e-13,5.096832015459955e-10,0.0,9.810000001778489,4.999992208072682e-09,0.0,True,2.6253290925755273e-27
0.885,sdf_ncp,0.0001,0.0,5.096834019121326e-10,0.0,2.0036613711678195e-13,5.096834019121326e-10,0.0,9.80999999944652,4.9999941724759215e-09,0.0,True,2.2214323091023692e-27
0.886,sdf_ncp,0.0001,0.0,5.096836021983337e-10,0.0,2.0028620105900878e-13,5.096836021983337e-10,0.0,9.80999999999992,4.999996137565612e-09,0.0,True,1.5449347790687753e-28
0.887,sdf_ncp,0.0001,0.0,5.096855787294636e-10,0.0,1.976531129978376e-12,5.096855787294636e-10,0.0,9.810000001776245,5.000015528241365e-09,0.0,True,1.0097419586828951e-27
0.888,sdf_ncp,0.0001,0.0,5.096827334660743e-10,0.0,-2.845263389238e-12,5.096827334660743e-10,0.0,9.809999995178206,4.999987612844604e-09,0.0,True,6.462348535570529e-27
0.889,sdf_ncp,0.0001,0.0,5.096834976816231e-10,0.0,7.6421554872238e-13,5.096834976816231e-10,0.0,9.81000000360948,4.999995114096414e-09,0.0,True,4.4428646182047385e-27
0.89,sdf_ncp,0.0001,0.0,5.096824477394589e-10,0.0,-1.049942164220308e-12,5.096824477394589e-10,0.0,9.809999998185843,4.999984811399447e-09,0.0,True,2.0194839173657902e-28
0.891,sdf_ncp,0.0001,0.0,5.096831993144524e-10,0.0,7.515749934532079e-13,5.096831993144524e-10,0.0,9.810000001801518,4.999992186192981e-09,0.0,True,4.0389678347315804e-28
0.892,sdf_ncp,0.0001,0.0,5.09685174206005e-10,0.0,1.974891552615621e-12,5.09685174206005e-10,0.0,9.810000001223317,5.000011559584416e-09,0.0,True,2.0194839173657902e-28
0.893,sdf_ncp,0.0001,0.0,5.096836420674374e-10,0.0,-1.532138567650033e-12,5.096836420674374e-10,0.0,9.809999996492971,4.999996526894085e-09,1.7763568394002505e-15,False,1.7763570135868907e-15
0.894,sdf_ncp,0.0001,0.0,5.09683811893661e-10,0.0,1.6982622367296603e-13,5.09683811893661e-10,0.0,9.810000001701965,4.999998195544279e-09,0.0,True,8.481832452936319e-27
0.895,sdf_ncp,0.0001,0.0,5.096836512517874e-10,0.0,-1.6064187365853845e-13,5.096836512517874e-10,0.0,9.809999999669532,4.9999966186116e-09,0.0,True,5.048709793414476e-29
0.896,sdf_ncp,0.0001,0.0,5.096832599237782e-10,0.0,-3.9132800920960257e-13,5.096832599237782e-10,0.0,9.809999999769314,4.999992779734687e-09,0.0,True,4.453976494235455e-19
0.897,sdf_ncp,0.0001,0.0,5.096822226324861e-10,0.0,-1.0372912920733074e-12,5.096822226324861e-10,0.0,9.809999999354037,4.999982603695453e-09,0.0,True,8.077935669463161e-28
0.898,sdf_ncp,0.0001,0.0,5.096829741982565e-10,0.0,7.515657704058021e-13,5.096829741982565e-10,0.0,9.810000001788858,4.999989977796646e-09,0.0,True,6.058451752097371e-28
0.899,sdf_ncp,0.0001,0.0,5.096831745356306e-10,0.0,2.0033737414415338e-13,5.096831745356306e-10,0.0,9.809999999448772,4.999991941913585e-09,0.0,True,6.058451752097371e-28
0.9,sdf_ncp,0.0001,0.0,5.096830265664319e-10,0.0,-1.479691987941198e-13,5.096830265664319e-10,0.0,9.809999999651694,4.9999904904391714e-09,0.0,True,3.002255114488801e-19
0.901,sdf_ncp,0.0001,0.0,5.096826495928621e-10,0.0,-3.769735698159237e-13,5.096826495928621e-10,0.0,9.809999999770996,4.999986792389258e-09,0.0,True,2.4233807008389483e-27
0.902,sdf_ncp,0.0001,0.0,5.096833907701974e-10,0.0,7.411773353834779e-13,5.096833907701974e-10,0.0,9.810000001118151,4.99999406402554e-09,0.0,True,1.8175355256292112e-27
0.903,sdf_ncp,0.0001,0.0,5.096823408256154e-10,0.0,-1.0499445820658678e-12,5.096823408256154e-10,0.0,9.809999998208879,4.999983762586384e-09,0.0,True,2.0194839173657902e-28
0.904,sdf_ncp,0.0001,0.0,5.096835382442177e-10,0.0,1.1974186023718772e-12,5.096835382442177e-10,0.0,9.810000002247364,4.99999551132122e-09,0.0,True,4.0389678347315804e-28
0.905,sdf_ncp,0.0001,0.0,5.096824883138466e-10,0.0,-1.0499303712111525e-12,5.096824883138466e-10,0.0,9.809999997752652,4.999985209213401e-09,0.0,True,0.0
0.906,sdf_ncp,0.0001,0.0,5.096832421619353e-10,0.0,7.53848088718929e-13,5.096832421619353e-10,0.0,9.810000001803779,4.999992606527941e-09,0.0,True,9.289626019882635e-27
0.907,sdf_ncp,0.0001,0.0,5.096821922120241e-10,0.0,-1.0499499111363761e-12,5.096821922120241e-10,0.0,9.809999998196202,4.9999823046805935e-09,0.0,True,4.0389678347315804e-28
0.908,sdf_ncp,0.0001,0.0,5.096829375797853e-10,0.0,7.453677611676324e-13,5.096829375797853e-10,0.0,9.810000001795318,4.999989618572737e-09,0.0,True,2.0194839173657902e-28
0.909,sdf_ncp,0.0001,0.0,5.096831361476079e-10,0.0,1.985678225066116e-13,5.096831361476079e-10,0.0,9.8099999994532,4.999991565329339e-09,0.0,True,3.8370194429950014e-27
0.91,sdf_ncp,0.0001,0.0,5.096820988702265e-10,0.0,-1.037277381444094e-12,5.096820988702265e-10,0.0,9.809999998764155,4.999981389287034e-09,0.0,True,2.6253290925755273e-27
0.911,sdf_ncp,0.0001,0.0,5.09682844239764e-10,0.0,7.453695375244775e-13,5.09682844239764e-10,0.0,9.810000001782647,4.99998870290067e-09,0.0,True,4.6448130099413175e-27
0.912,sdf_ncp,0.0001,0.0,5.096848191129116e-10,0.0,1.9748731475585193e-12,5.096848191129116e-10,0.0,9.810000001229504,5.000008076124322e-09,0.0,True,2.2214323091023692e-27
0.913,sdf_ncp,0.0001,0.0,5.096842850649883e-10,0.0,-5.340479233398762e-13,5.096842850649883e-10,0.0,9.80999999749108,5.0000028352087775e-09,0.0,True,0.0
0.914,sdf_ncp,0.0001,0.0,5.096835962763173e-10,0.0,-6.887886710317621e-13,5.096835962763173e-10,0.0,9.80999999984526,4.999996079391804e-09,0.0,True,5.270548906959935e-19
0.915,sdf_ncp,0.0001,0.0,5.096825589877506e-10,0.0,-1.037288566640021e-12,5.096825589877506e-10,0.0,9.8099999996515,4.99998590349221e-09,0.0,True,2.5748419946413825e-27
0.916,sdf_ncp,0.0001,0.0,5.096850891868226e-10,0.0,2.530199071993772e-12,5.096850891868226e-10,0.0,9.810000003567488,5.0000107267410256e-09,0.0,True,4.0389678347315804e-28
0.917,sdf_ncp,0.0001,0.0,5.096840201281139e-10,0.0,-1.0690587087126869e-12,5.096840201281139e-10,0.0,9.809999996400743,5.000000235622313e-09,0.0,True,7.270142102516845e-27
0.918,sdf_ncp,0.0001,0.0,5.096829890337036e-10,0.0,-1.0310944103410258e-12,5.096829890337036e-10,0.0,9.810000000037965,4.999990122439982e-09,0.0,True,1.0854726055841122e-27
0.919,sdf_ncp,0.0001,0.0,5.096831571950989e-10,0.0,1.6816139543170298e-13,5.096831571950989e-10,0.0,9.810000001199256,4.999991772695162e-09,0.0,True,7.674038885990003e-27
0.92,sdf_ncp,0.0001,0.0,5.09683009158282e-10,0.0,-1.4803681690651814e-13,5.09683009158282e-10,0.0,9.809999999683802,4.999990319681586e-09,0.0,True,4.1050238102069394e-19
0.921,sdf_ncp,0.0001,0.0,5.096837479427482e-10,0.0,7.387844661683053e-13,5.096837479427482e-10,0.0,9.810000000886822,4.999997567770358e-09,0.0,True,0.0
0.922,sdf_ncp,0.0001,0.0,5.096844742021223e-10,0.0,7.262593740936923e-13,5.096844742021223e-10,0.0,9.809999999987475,5.000004691916436e-09,0.0,True,1.795447420283023e-27
0.923,sdf_ncp,0.0001,0.0,5.096834304764489e-10,0.0,-1.0437256733236302e-12,5.096834304764489e-10,0.0,9.809999998230015,4.999994452071832e-09,0.0,True,8.077935669463161e-28
0.924,sdf_ncp,0.0001,0.0,5.096823931723055e-10,0.0,-1.0373041433491977e-12,5.096823931723055e-10,0.0,9.810000000006422,4.99998427702359e-09,0.0,True,6.216223933141573e-28
0.925,sdf_ncp,0.0001,0.0,5.096831904966113e-10,0.0,7.973243058107226e-13,5.096831904966113e-10,0.0,9.810000001834629,4.9999920997068365e-09,0.0,True,1.6155871338926322e-26
0.926,sdf_ncp,0.0001,0.0,5.096822044918772e-10,0.0,-9.860047341841742e-13,5.096822044918772e-10,0.0,9.809999998216671,4.999982425156384e-09,0.0,True,2.0194839173657902e-28
0.927,sdf_ncp,0.0001,0.0,5.096829521439166e-10,0.0,7.476520395105672e-13,5.096829521439166e-10,0.0,9.810000001733657,4.9999897614154375e-09,0.0,True,5.856503360360792e-27
0.928,sdf_ncp,0.0001,0.0,5.096831507151753e-10,0.0,1.985712586677565e-13,5.096831507151753e-10,0.0,9.80999999945092,4.999991708236013e-09,0.0,True,3.736045247126712e-27
0.929,sdf_ncp,0.0001,0.0,5.096838896346446e-10,0.0,7.389194692880797e-13,5.096838896346446e-10,0.0,9.810000000540349,4.99999895759127e-09,0.0,True,4.0389678347315804e-28
0.93,sdf_ncp,0.0001,0.0,5.096846183294039e-10,0.0,7.286947593204927e-13,5.096846183294039e-10,0.0,9.809999999989776,5.000006105806241e-09,0.0,True,8.582806648804608e-28
0.931,sdf_ncp,0.0001,0.0,5.096830558062811e-10,0.0,-1.5625231227683692e-12,5.096830558062811e-10,0.0,9.809999997708783,4.999990776291823e-09,0.0,True,3.2311742677852644e-27
0.932,sdf_ncp,0.0001,0.0,5.096838073716347e-10,0.0,7.515653536277675e-13,5.096838073716347e-10,0.0,9.810000002314089,4.99999815149519e-09,0.0,True,4.0389678347315804e-28
0.933,sdf_ncp,0.0001,0.0,5.096836467386714e-10,0.0,-1.6063296325472858e-13,5.096836467386714e-10,0.0,9.809999999087802,4.999996574041434e-09,0.0,True,6.058451752097371e-28
0.934,sdf_ncp,0.0001,0.0,5.096838452211123e-10,0.0,1.9848244082577636e-13,5.096838452211123e-10,0.0,9.810000000359116,4.999998521802147e-09,0.0,True,7.32062920045099e-27
0.935,sdf_ncp,0.0001,0.0,5.096836845774909e-10,0.0,-1.6064362139577233e-13,5.096836845774909e-10,0.0,9.809999999640874,4.999996945522145e-09,0.0,True,0.0
0.936,sdf_ncp,0.0001,0.0,5.096821067617121e-10,0.0,-1.5778157787987749e-12,5.096821067617121e-10,0.0,9.809999998582828,4.999981466610089e-09,0.0,True,8.077935669463161e-28
0.937,sdf_ncp,0.0001,0.0,5.096835254059023e-10,0.0,1.4186441902414259e-12,5.096835254059023e-10,0.0,9.81000000299646,4.999995385759148e-09,0.0,True,1.25208002876679e-26
0.9380000000000001,sdf_ncp,0.0001,0.0,5.096824754789673e-10,0.0,-1.0499269350499865e-12,5.096824754789673e-10,0.0,9.80999999753143,4.999985083190482e-09,0.0,True,6.462348535570529e-27
0.9390000000000001,sdf_ncp,0.0001,0.0,5.096850032501699e-10,0.0,2.5277712026966832e-12,5.096850032501699e-10,0.0,9.810000003577699,5.000009883707666e-09,0.0,True,4.0389678347315804e-27
0.9400000000000001,sdf_ncp,0.0001,0.0,5.096821579966808e-10,0.0,-2.8452534891381866e-12,5.096821579966808e-10,0.0,9.809999994626976,4.999981967208904e-09,0.0,True,1.6155871338926322e-27
0.9410000000000001,sdf_ncp,0.0001,0.0,5.096829160031044e-10,0.0,7.580064235274504e-13,5.096829160031044e-10,0.0,9.81000000360326,4.999989407826974e-09,0.0,True,1.6155871338926322e-27
0.9420000000000001,sdf_ncp,0.0001,0.0,5.0968489086903e-10,0.0,1.9748659255786412e-12,5.0968489086903e-10,0.0,9.81000000121686,5.000008780045399e-09,0.0,True,2.2214323091023692e-27
0.9430000000000001,sdf_ncp,0.0001,0.0,5.096838369079885e-10,0.0,-1.053961041432253e-12,5.096838369079885e-10,0.0,9.809999996971174,4.999998438523624e-09,0.0,True,6.058451752097371e-27
0.9440000000000001,sdf_ncp,0.0001,0.0,5.096827996109506e-10,0.0,-1.0372970379218396e-12,5.096827996109506e-10,0.0,9.810000000016665,4.999988264191919e-09,0.0,True,4.543838814073028e-28
0.9450000000000001,sdf_ncp,0.0001,0.0,5.096847440514362e-10,0.0,1.9444404856334084e-12,5.096847440514362e-10,0.0,9.810000002981738,5.000007340664335e-09,0.0,True,8.885729236409477e-27
0.9460000000000001,sdf_ncp,0.0001,0.0,5.096836876603386e-10,0.0,-1.056391097588544e-12,5.096836876603386e-10,0.0,9.809999996999169,4.999996974418447e-09,0.0,True,4.0389678347315804e-28
0.9470000000000001,sdf_ncp,0.0001,0.0,5.09683539669707e-10,0.0,-1.4799063162868647e-13,5.09683539669707e-10,0.0,9.810000000908401,4.999995524622822e-09,0.0,True,1.0097419586828951e-28
0.9480000000000001,sdf_ncp,0.0001,0.0,5.096825023886563e-10,0.0,-1.0372810507102751e-12,5.096825023886563e-10,0.0,9.80999999911071,4.999985347979463e-09,0.0,True,1.2116903504194741e-27
0.9490000000000001,sdf_ncp,0.0001,0.0,5.096832539557863e-10,0.0,7.515671299846319e-13,5.096832539557863e-10,0.0,9.810000001788849,4.9999927222180095e-09,0.0,True,6.058451752097371e-27
0.9500000000000001,sdf_ncp,0.0001,0.0,5.09682204007535e-10,0.0,-1.0499482513320417e-12,5.09682204007535e-10,0.0,9.809999998198485,4.999982420395718e-09,0.0,True,2.6253290925755273e-27
0.9510000000000001,sdf_ncp,0.0001,0.0,5.09683838686915e-10,0.0,1.6346793799787905e-12,5.09683838686915e-10,0.0,9.810000002684628,4.999998458886948e-09,0.0,True,4.0389678347315804e-28
0.9520000000000001,sdf_ncp,0.0001,0.0,5.096822930747093e-10,0.0,-1.545612205657253e-12,5.096822930747093e-10,0.0,9.809999996819709,4.9999832934419605e-09,0.0,True,2.0194839173657902e-27
0.9530000000000001,sdf_ncp,0.0001,0.0,5.096830446276285e-10,0.0,7.515529191299207e-13,5.096830446276285e-10,0.0,9.810000002297166,4.9999906689678615e-09,0.0,True,2.8272774843121063e-27
0.9540000000000001,sdf_ncp,0.0001,0.0,5.096850212095147e-10,0.0,1.976581886285512e-12,5.096850212095147e-10,0.0,9.81000000122503,5.0000100586897185e-09,0.0,True,3.2311742677852644e-27
0.9550000000000001,sdf_ncp,0.0001,0.0,5.09684378054085e-10,0.0,-6.431554296820297e-13,5.09684378054085e-10,0.0,9.809999997380263,5.000003747375335e-09,0.0,True,1.2116903504194741e-27
0.9560000000000001,sdf_ncp,0.0001,0.0,5.096845614694671e-10,0.0,1.834153821140145e-13,5.096845614694671e-10,0.0,9.810000000826571,5.000005548436763e-09,0.0,True,1.5146129380243427e-27
0.9570000000000001,sdf_ncp,0.0001,0.0,5.096835177189248e-10,0.0,-1.0437505423193792e-12,5.096835177189248e-10,0.0,9.809999998772835,4.999995308197186e-09,0.0,True,6.058451752097371e-28
0.9580000000000001,sdf_ncp,0.0001,0.0,5.096833697282932e-10,0.0,-1.4799063162869367e-13,5.096833697282932e-10,0.0,9.81000000089576,4.99999385749111e-09,0.0,True,0.0
0.9590000000000001,sdf_ncp,0.0001,0.0,5.096823324436897e-10,0.0,-1.0372846034239627e-12,5.096823324436897e-10,0.0,9.809999999110707,4.999983680819339e-09,0.0,True,5.048709793414476e-28
0.96,sdf_ncp,0.0001,0.0,5.096833614297964e-10,0.0,1.0289861066642848e-12,5.096833614297964e-10,0.0,9.810000002066271,4.9999937766794465e-09,0.0,True,4.0389678347315804e-28
0.961,sdf_ncp,0.0001,0.0,5.096840876909469e-10,0.0,7.262611504505323e-13,5.096840876909469e-10,0.0,9.809999999697276,5.000000900093895e-09,0.0,True,1.2621774483536189e-27
0.962,sdf_ncp,0.0001,0.0,5.096830439599445e-10,0.0,-1.0437310023941426e-12,5.096830439599445e-10,0.0,9.809999998230008,4.999990660344921e-09,0.0,True,4.6448130099413175e-27
0.963,sdf_ncp,0.0001,0.0,5.096831399394903e-10,0.0,9.597954576506636e-14,5.096831399394903e-10,0.0,9.810000001139711,4.999991603387291e-09,0.0,True,8.27988406119974e-27
0.964,sdf_ncp,0.0001,0.0,5.096821026584396e-10,0.0,-1.0372810507102733e-12,5.096821026584396e-10,0.0,9.80999999886674,4.99998142650169e-09,0.0,True,1.2116903504194741e-27
0.965,sdf_ncp,0.0001,0.0,5.096846242212751e-10,0.0,2.521562835542994e-12,5.096846242212751e-10,0.0,9.810000003558844,5.000006165424597e-09,0.0,True,4.0389678347315804e-27
0.966,sdf_ncp,0.0001,0.0,5.096848684253646e-10,0.0,2.44204089515147e-13,5.096848684253646e-10,0.0,9.809999997722642,5.000008558092092e-09,0.0,True,1.0501316370302109e-26
0.967,sdf_ncp,0.0001,0.0,5.096856104623402e-10,0.0,7.420369755412663e-13,5.096856104623402e-10,0.0,9.810000000497833,5.000015838889296e-09,0.0,True,2.1204581132340797e-27
0.968,sdf_ncp,0.0001,0.0,5.096845540623609e-10,0.0,-1.056399979372733e-12,5.096845540623609e-10,0.0,9.809999998201564,5.000005474435125e-09,0.0,True,3.6350710512584224e-27
0.969,sdf_ncp,0.0001,0.0,5.096829611155745e-10,0.0,-1.5929467863567408e-12,5.096829611155745e-10,0.0,9.809999999463454,4.9999898482703175e-09,0.0,True,1.6155871338926322e-27
0.97,sdf_ncp,0.0001,0.0,5.096854960863515e-10,0.0,2.534970776966794e-12,5.096854960863515e-10,0.0,9.810000004127918,5.000014718711049e-09,0.0,True,8.077935669463161e-28
0.971,sdf_ncp,0.0001,0.0,5.096826508417441e-10,0.0,-2.8452446073539704e-12,5.096826508417441e-10,0.0,9.809999994619785,4.999986802015307e-09,0.0,True,8.077935669463161e-28
0.972,sdf_ncp,0.0001,0.0,5.096851936800056e-10,0.0,2.542838261408496e-12,5.096851936800056e-10,0.0,9.810000005388083,5.000011752747081e-09,0.0,True,8.077935669463161e-28
0.973,sdf_ncp,0.0001,0.0,5.096823507180167e-10,0.0,-2.8429619888153417e-12,5.096823507180167e-10,0.0,9.8099999946142,4.999983857798697e-09,0.0,True,8.077935669463161e-28
0.974,sdf_ncp,0.0001,0.0,5.096831172083205e-10,0.0,7.664903037924341e-13,5.096831172083205e-10,0.0,9.810000003609453,4.999991381653302e-09,0.0,True,8.481832452936319e-27
0.975,sdf_ncp,0.0001,0.0,5.09683317555936e-10,0.0,2.003476155071799e-13,5.09683317555936e-10,0.0,9.809999999433858,4.999993344935179e-09,0.0,True,3.0292258760486853e-28
0.976,sdf_ncp,0.0001,0.0,5.0968518756707e-10,0.0,1.8700111340625353e-12,5.0968518756707e-10,0.0,9.810000001669664,5.00001169088396e-09,0.0,True,2.2214323091023692e-27
0.977,sdf_ncp,0.0001,0.0,5.096836554214256e-10,0.0,-1.5321456444577584e-12,5.096836554214256e-10,0.0,9.809999996597844,4.999996657950161e-09,0.0,True,0.0
0.978,sdf_ncp,0.0001,0.0,5.096838322909327e-10,0.0,1.7686950716082855e-13,5.096838322909327e-10,0.0,9.810000001709016,4.999998395645107e-09,0.0,True,0.0
0.979,sdf_ncp,0.0001,0.0,5.096827846217472e-10,0.0,-1.0476691855070915e-12,5.096827846217472e-10,0.0,9.809999998775462,4.999988116515214e-09,0.0,True,2.0194839173657902e-28
0.98,sdf_ncp,0.0001,0.0,5.096838417915314e-10,0.0,1.057169784278214e-12,5.096838417915314e-10,0.0,9.81000000210484,4.999998489047726e-09,0.0,True,0.0
0.981,sdf_ncp,0.0001,0.0,5.096836811745554e-10,0.0,-1.6061697604314576e-13,5.096836811745554e-10,0.0,9.809999998782214,4.999996911701703e-09,0.0,True,2.0194839173657902e-28
0.982,sdf_ncp,0.0001,0.0,5.096821033570002e-10,0.0,-1.5778175551555753e-12,5.096821033570002e-10,0.0,9.8099999985828,4.999981433209851e-09,0.0,True,2.4233807008389483e-27
0.983,sdf_ncp,0.0001,0.0,5.096837380292748e-10,0.0,1.6346722745514361e-12,5.096837380292748e-10,0.0,9.81000000321249,4.99999747170454e-09,0.0,True,8.077935669463161e-28
0.984,sdf_ncp,0.0001,0.0,5.096830712571809e-10,0.0,-6.6677209386185e-13,5.096830712571809e-10,0.0,9.809999997698556,4.999990927859937e-09,0.0,True,4.0389678347315804e-28
0.985,sdf_ncp,0.0001,0.0,5.096838101624393e-10,0.0,7.389052584333903e-13,5.096838101624393e-10,0.0,9.810000001405678,4.999998178409981e-09,0.0,True,2.4233807008389483e-27
0.986,sdf_ncp,0.0001,0.0,5.09682760219517e-10,0.0,-1.0499429222615198e-12,5.09682760219517e-10,0.0,9.809999998211152,4.999987876841717e-09,0.0,True,3.0292258760486853e-27
0.987,sdf_ncp,0.0001,0.0,5.096847046546736e-10,0.0,1.9444351565628903e-12,5.096847046546736e-10,0.0,9.810000002994379,5.000006954188537e-09,0.0,True,8.077935669463161e-28
0.988,sdf_ncp,0.0001,0.0,5.09683648263576e-10,0.0,-1.0563910975885429e-12,5.09683648263576e-10,0.0,9.809999996999174,4.999996587936209e-09,0.0,True,8.077935669463161e-28
0.989,sdf_ncp,0.0001,0.0,5.096835002729444e-10,0.0,-1.4799063162868519e-13,5.096835002729444e-10,0.0,9.810000000908401,4.999995138140582e-09,0.0,True,0.0
0.99,sdf_ncp,0.0001,0.0,5.09682462988341e-10,0.0,-1.0372846034239534e-12,5.09682462988341e-10,0.0,9.809999999110707,4.999984961462368e-09,0.0,True,3.0292258760486853e-28
0.991,sdf_ncp,0.0001,0.0,5.096832145625763e-10,0.0,7.515742354119984e-13,5.096832145625763e-10,0.0,9.81000000178886,4.999992335770626e-09,0.0,True,2.4233807008389483e-27
0.992,sdf_ncp,0.0001,0.0,5.096839432360194e-10,0.0,7.286734430384528e-13,5.096839432360194e-10,0.0,9.8099999999771,4.999999483133678e-09,0.0,True,2.4296915880807164e-27
0.993,sdf_ncp,0.0001,0.0,5.096837826048325e-10,0.0,-1.6063118689785227e-13,5.096837826048325e-10,0.0,9.809999999110696,4.999997906900143e-09,0.0,True,1.0097419586828951e-28
0.994,sdf_ncp,0.0001,0.0,5.09683982797905e-10,0.0,2.0019307246216254e-13,5.09683982797905e-10,0.0,9.810000000360825,4.999999871431355e-09,0.0,True,4.543838814073028e-28
0.995,sdf_ncp,0.0001,0.0,5.096829351287195e-10,0.0,-1.0476691855070847e-12,5.096829351287195e-10,0.0,9.809999998752138,4.999989592976725e-09,0.0,True,1.6155871338926322e-27
0.996,sdf_ncp,0.0001,0.0,5.096839922771875e-10,0.0,1.0571484679961478e-12,5.096839922771875e-10,0.0,9.810000002104818,4.999999965312002e-09,0.0,True,0.0
0.997,sdf_ncp,0.0001,0.0,5.096838316584351e-10,0.0,-1.6061875239997855e-13,5.096838316584351e-10,0.0,9.809999998782233,4.999998387948573e-09,0.0,True,2.0194839173657902e-28
0.998,sdf_ncp,0.0001,0.0,5.096822556190132e-10,0.0,-1.5760394219593302e-12,5.096822556190132e-10,0.0,9.80999999858458,4.999982926901105e-09,0.0,True,1.4136387421560532e-27
0.999,sdf_ncp,0.0001,0.0,5.096830094456691e-10,0.0,7.538266558843771e-13,5.096830094456691e-10,0.0,9.810000002329867,4.999990323849507e-09,0.0,True,1.7771458472818954e-26
1.0,sdf_ncp,0.0001,0.0,5.096832097915082e-10,0.0,2.0034583915037115e-13,5.096832097915082e-10,0.0,9.80999999944652,4.999992287772596e-09,0.0,True,2.8272774843121063e-27
0.0,sdf_ncp,1e-06,0.0,1.0,0.0,0.0,1.0,0.0,0.0,0.0,5.000444502911705e-13,True,0.0
0.001,sdf_ncp,1e-06,0.0,0.99999019,0.0,-0.009809999999999501,0.99999019,0.0,5.00044454016792e-13,5.000395485806981e-13,3.725621478938837e-21,True,1.73472747668343e-18
0.002,sdf_ncp,1e-06,0.0,0.99997057,0.0,-0.019619999999999003,0.99997057,0.0,5.00044453826903e-13,5.000297375186269e-13,3.535732536389003e-21,True,1.734727079257606e-18
0.003,sdf_ncp,1e-06,0.0,0.99994114,0.0,-0.029429999999998502,0.99994114,0.0,5.00044454016792e-13,5.000150214002286e-13,3.725621478938837e-21,True,3.725621478938837e-21
0.004,sdf_ncp,1e-06,0.0,0.9999019,0.0,-0.039239999999998006,0.9999019,0.0,5.00044454016792e-13,4.999953996558529e-13,3.725621478938837e-21,True,3.469448952308655e-18
0.005,sdf_ncp,1e-06,0.0,0.99985285,0.0,-0.049049999999997505,0.99985285,0.0,5.00044454016792e-13,4.999708724753834e-13,3.725621478938837e-21,True,3.725621478938837e-21
0.006,sdf_ncp,1e-06,0.0,0.99979399,0.0,-0.058859999999997005,0.99979399,0.0,5.00044454016792e-13,4.9994143985882e-13,3.725621478938837e-21,True,3.725621478938837e-21
0.007,sdf_ncp,1e-06,0.0,0.99972532,0.0,-0.06866999999999651,0.99972532,0.0,5.001554763200817e-13,5.000180936138461e-13,3.72644865955139e-21,True,6.938894904529143e-18
0.008,sdf_ncp,1e-06,0.0,0.99964684,0.0,-0.07847999999999601,0.99964684,0.0,5.001554763200817e-13,4.999788414120645e-13,3.72644865955139e-21,True,3.72644865955139e-21
0.009000000000000001,sdf_ncp,1e-06,0.0,0.99955855,0.0,-0.08828999999999551,0.99955855,0.0,5.002664985813015e-13,5.000456559355028e-13,3.6852059511973786e-21,True,3.6852059511973786e-21
0.01,sdf_ncp,1e-06,0.0,0.9994604500000001,0.0,-0.09809999999999501,0.9994604500000001,0.0,5.002664986233714e-13,4.999965798340392e-13,3.727275840163943e-21,True,3.727275840163943e-21
0.011,sdf_ncp,1e-06,0.0,0.9993525400000001,0.0,-0.10790999999999451,0.9993525400000001,0.0,5.002664986233714e-13,4.999425960761727e-13,3.727275840163943e-21,True,3.727275840163943e-21
0.012,sdf_ncp,1e-06,0.0,0.9992348200000001,0.0,-0.11771999999999401,0.9992348200000001,0.0,5.003775209266611e-13,4.999946420551984e-13,3.728103020776496e-21,True,3.728103020776496e-21
0.013000000000000001,sdf_ncp,1e-06,0.0,0.9991072900000001,0.0,-0.1275299999999935,0.9991072900000001,0.0,5.003775209557929e-13,4.999308289390606e-13,3.757234884078064e-21,True,3.757234884078064e-21
0.014,sdf_ncp,1e-06,0.0,0.9989699500000001,0.0,-0.13733999999999302,0.9989699500000001,0.0,5.004885432299508e-13,4.999730150059968e-13,3.728930201389049e-21,True,1.3877788308792004e-17
0.015,sdf_ncp,1e-06,0.0,0.9988228000000001,0.0,-0.14714999999999254,0.9988228000000001,0.0,5.005995655332405e-13,5.000102597246948e-13,3.729757382001602e-21,True,1.387778830901429e-17
0.016,sdf_ncp,1e-06,0.0,0.9986658400000001,0.0,-0.15695999999999205,0.9986658400000001,0.0,5.007105878365302e-13,5.000425597986622e-13,3.730584562614155e-21,True,1.3877788309236626e-17
0.017,sdf_ncp,1e-06,0.0,0.9984990700000002,0.0,-0.16676999999999156,0.9984990700000002,0.0,5.007105878365302e-13,4.999590562939288e-13,3.730584562614155e-21,True,1.3877788309236626e-17
0.018000000000000002,sdf_ncp,1e-06,0.0,0.9983224900000002,0.0,-0.17657999999999108,0.9983224900000002,0.0,5.008216101398199e-13,4.999814768805943e-13,3.731411743226708e-21,True,1.387778830945901e-17
0.019,sdf_ncp,1e-06,0.0,0.9981361000000002,0.0,-0.1863899999999906,0.9981361000000002,0.0,5.009326324431096e-13,4.999989441094989e-13,3.732238923839261e-21,True,1.3877788309681445e-17
0.02,sdf_ncp,1e-06,0.0,0.9979399000000002,0.0,-0.1961999999999901,0.9979399000000002,0.0,5.010436547463993e-13,5.000114547132563e-13,3.733066104451814e-21,True,1.3877788309903928e-17
0.021,sdf_ncp,1e-06,0.0,0.9977338900000002,0.0,-0.20600999999998962,0.9977338900000002,0.0,5.011546770496889e-13,5.0001900542448e-13,3.733893285064367e-21,True,1.387778831012646e-17
0.022,sdf_ncp,1e-06,0.0,0.9975180700000003,0.0,-0.21581999999998913,0.9975180700000003,0.0,5.012656993529786e-13,5.000215929757836e-13,3.73472046567692e-21,True,1.3877788310349043e-17
0.023,sdf_ncp,1e-06,0.0,0.9972924400000003,0.0,-0.22562999999998862,0.9972924400000003,0.0,5.013767216562683e-13,5.000192140997808e-13,3.735547646289473e-21,True,1.3877788310571674e-17
0.024,sdf_ncp,1e-06,0.0,0.9970570000000003,0.0,-0.2354399999999881,0.9970570000000003,0.0,5.01487743959558e-13,5.000118655290852e-13,3.736374826902026e-21,True,1.3877788310794355e-17
0.025,sdf_ncp,1e-06,0.0,0.9968117500000003,0.0,-0.2452499999999876,0.9968117500000003,0.0,5.015987662628477e-13,4.999995439963103e-13,3.737202007514579e-21,True,1.3877788311017085e-17
0.026000000000000002,sdf_ncp,1e-06,0.0,0.9965566900000004,0.0,-0.2550599999999871,0.9965566900000004,0.0,5.017097885661374e-13,4.9998224623407e-13,3.738029188127132e-21,True,1.3877788311239864e-17
0.027,sdf_ncp,1e-06,0.0,0.9962918200000004,0.0,-0.26486999999998656,0.9962918200000004,0.0,5.018208108694271e-13,4.999599689749775e-13,3.738856368739685e-21,True,1.214306490743563e-17
0.028,sdf_ncp,1e-06,0.0,0.9960171400000004,0.0,-0.27467999999998605,0.9960171400000004,0.0,5.019318331859081e-13,4.999327089647855e-13,3.7528748183004715e-21,True,1.2143064911760011e-17
0.029,sdf_ncp,1e-06,0.0,0.9957326500000004,0.0,-0.28448999999998553,0.9957326500000004,0.0,5.021538777792962e-13,5.00011011428955e-13,3.741337910577344e-21,True,1.2143064908199951e-17
0.03,sdf_ncp,1e-06,0.0,0.9954383500000005,0.0,-0.294299999999985,0.9954383500000005,0.0,5.022649000825859e-13,4.999737434011244e-13,3.742165091189897e-21,True,1.2143064908454838e-17
0.031,sdf_ncp,1e-06,0.0,0.9951342400000005,0.0,-0.3041099999999845,0.9951342400000005,0.0,5.024869446772371e-13,5.000419638013046e-13,3.731891269682886e-21,True,1.214306490529307e-17
0.032,sdf_ncp,1e-06,0.0,0.9948203200000005,0.0,-0.313919999999984,0.9948203200000005,0.0,5.02597966992455e-13,4.999946703547837e-13,3.744646633027556e-21,True,1.2143064909219836e-17
0.033,sdf_ncp,1e-06,0.0,0.9944965900000006,0.0,-0.3237299999999835,0.9944965900000006,0.0,5.028200115878214e-13,5.000527869078491e-13,3.7350880117498805e-21,True,1.2143064906275936e-17
0.034,sdf_ncp,1e-06,0.0,0.9941630500000006,0.0,-0.33353999999998296,0.9941630500000006,0.0,5.029310339023241e-13,4.999954506039882e-13,3.747128174865215e-21,True,1.214306490998534e-17
0.035,sdf_ncp,1e-06,0.0,0.9938197000000006,0.0,-0.34334999999998245,0.9938197000000006,0.0,5.030420562161909e-13,4.999331053961583e-13,3.7585325034691676e-21,True,1.2143064913509865e-17
0.036000000000000004,sdf_ncp,1e-06,0.0,0.9934665400000007,0.0,-0.35315999999998193,0.9934665400000007,0.0,5.032641008121932e-13,4.999760449401011e-13,3.7496097167028745e-21,True,1.2143064910751354e-17
0.037,sdf_ncp,1e-06,0.0,0.9931035700000007,0.0,-0.3629699999999814,0.9931035700000007,0.0,5.034861454187726e-13,5.000138884609226e-13,3.7512640779279805e-21,True,1.214306491126231e-17
0.038,sdf_ncp,1e-06,0.0,0.9927307900000008,0.0,-0.3727799999999809,0.9927307900000008,0.0,5.035971677318155e-13,4.999364141641681e-13,3.7618444570936475e-21,True,1.040834153567492e-17
0.039,sdf_ncp,1e-06,0.0,0.9923482000000008,0.0,-0.3825899999999804,0.9923482000000008,0.0,5.038192123286417e-13,4.999640884797457e-13,3.7537456197656396e-21,True,1.040834153275094e-17
0.04,sdf_ncp,1e-06,0.0,0.9919558000000008,0.0,-0.3923999999999799,0.9919558000000008,0.0,5.04041256935221e-13,4.999866482561832e-13,3.755399980990746e-21,True,1.0408341533347714e-17
0.041,sdf_ncp,1e-06,0.0,0.9915535900000009,0.0,-0.40220999999997936,0.9915535900000009,0.0,5.042633015418004e-13,5.000040869490252e-13,3.757054342215852e-21,True,1.040834153394475e-17
0.042,sdf_ncp,1e-06,0.0,0.9911415700000009,0.0,-0.41201999999997885,0.9911415700000009,0.0,5.044853461483798e-13,5.000163980234991e-13,3.758708703440958e-21,True,1.0408341534542049e-17
0.043000000000000003,sdf_ncp,1e-06,0.0,0.990719740000001,0.0,-0.42182999999997833,0.990719740000001,0.0,5.047073907549592e-13,5.000235749448321e-13,3.760363064666064e-21,True,1.0408341535139611e-17
0.044,sdf_ncp,1e-06,0.0,0.990288100000001,0.0,-0.4316399999999778,0.990288100000001,0.0,5.049294353615386e-13,5.000256111782514e-13,3.76201742589117e-21,True,1.0408341535737437e-17
0.045,sdf_ncp,1e-06,0.0,0.989846650000001,0.0,-0.4414499999999773,0.989846650000001,0.0,5.05151479968118e-13,5.000225001889843e-13,3.763671787116276e-21,True,1.0408341536335524e-17
0.046,sdf_ncp,1e-06,0.0,0.9893953900000011,0.0,-0.4512599999999768,0.9893953900000011,0.0,5.053735245746974e-13,5.000142354422579e-13,3.765326148341382e-21,True,8.673618197171662e-18
0.047,sdf_ncp,1e-06,0.0,0.9889343200000011,0.0,-0.4610699999999763,0.9889343200000011,0.0,5.055955691812768e-13,5.000008104032996e-13,3.766980509566488e-21,True,8.67361819789e-18
0.048,sdf_ncp,1e-06,0.0,0.9884634400000012,0.0,-0.47087999999997576,0.9884634400000012,0.0,5.058176137878562e-13,4.999822185373364e-13,3.768634870791594e-21,True,8.673618198608652e-18
0.049,sdf_ncp,1e-06,0.0,0.9879827500000012,0.0,-0.48068999999997525,0.9879827500000012,0.0,5.060396583944356e-13,4.999584533095957e-13,3.7702892320167e-21,True,8.673618199327619e-18
0.05,sdf_ncp,1e-06,0.0,0.9874922500000013,0.0,-0.49049999999997473,0.9874922500000013,0.0,5.063727253043047e-13,5.000391418493805e-13,3.772770773854359e-21,True,8.673618200406662e-18
0.051000000000000004,sdf_ncp,1e-06,0.0,0.9869919400000013,0.0,-0.5003099999999743,0.9869919400000013,0.0,5.065947699108841e-13,5.000049547481978e-13,3.774425135079465e-21,True,4.683753400345572e-17
0.052000000000000005,sdf_ncp,1e-06,0.0,0.9864818200000014,0.0,-0.5101199999999738,0.9864818200000014,0.0,5.068168145174635e-13,4.999655735917904e-13,3.776079496304571e-21,True,4.683753400358907e-17
0.053,sdf_ncp,1e-06,0.0,0.9859618900000015,0.0,-0.5199299999999734,0.9859618900000015,0.0,5.071498814202889e-13,5.000304555984246e-13,3.771517381161046e-21,True,4.8572257473775163e-17
0.054,sdf_ncp,1e-06,0.0,0.9854321500000015,0.0,-0.5297399999999729,0.9854321500000015,0.0,5.073719260339119e-13,4.999806079212396e-13,3.7802153993673365e-21,True,4.857225747445132e-17
0.055,sdf_ncp,1e-06,0.0,0.9848926000000016,0.0,-0.5395499999999724,0.9848926000000016,0.0,5.07704992943781e-13,5.000348905333829e-13,3.7826969412049956e-21,True,4.857225747464452e-17
0.056,sdf_ncp,1e-06,0.0,0.9843432400000016,0.0,-0.549359999999972,0.9843432400000016,0.0,5.079270375503604e-13,4.999745458259243e-13,3.7843513024301016e-21,True,4.857225747477338e-17
0.057,sdf_ncp,1e-06,0.0,0.9837840700000017,0.0,-0.5591699999999715,0.9837840700000017,0.0,5.082601044536654e-13,5.000181941780529e-13,3.780268713742755e-21,True,4.857225747445547e-17
0.058,sdf_ncp,1e-06,0.0,0.9832150900000017,0.0,-0.5689799999999711,0.9832150900000017,0.0,5.084821490668089e-13,4.999473219581168e-13,3.788487205492867e-21,True,4.8572257475095797e-17
0.059000000000000004,sdf_ncp,1e-06,0.0,0.9826363000000018,0.0,-0.5787899999999706,0.9826363000000018,0.0,5.08815215976678e-13,4.999803012110247e-13,3.790968747330526e-21,True,4.857225747528941e-17
0.06,sdf_ncp,1e-06,0.0,0.9820477000000019,0.0,-0.5885999999999701,0.9820477000000019,0.0,5.091482828865471e-13,5.000079001676838e-13,3.793450289168185e-21,True,5.0306980946351943e-17
0.061,sdf_ncp,1e-06,0.0,0.9814492900000019,0.0,-0.5984099999999697,0.9814492900000019,0.0,5.094813497964162e-13,5.000301090259352e-13,3.795931831005844e-21,True,5.0306980946539125e-17
0.062,sdf_ncp,1e-06,0.0,0.980841070000002,0.0,-0.6082199999999692,0.980841070000002,0.0,5.097033944029956e-13,4.999380227488672e-13,3.79758619223095e-21,True,5.030698094666398e-17
0.063,sdf_ncp,1e-06,0.0,0.980223040000002,0.0,-0.6180299999999688,0.980223040000002,0.0,5.100364613128646e-13,4.999494906189396e-13,3.800067734068609e-21,True,5.030698094685137e-17
0.064,sdf_ncp,1e-06,0.0,0.9795952000000021,0.0,-0.6278399999999683,0.9795952000000021,0.0,5.103695282227337e-13,4.999555400732556e-13,3.802549275906268e-21,True,5.030698094703888e-17
0.065,sdf_ncp,1e-06,0.0,0.9789575500000022,0.0,-0.6376499999999679,0.9789575500000022,0.0,5.107025951326028e-13,4.999561613096559e-13,3.805030817743927e-21,True,5.204170441840669e-17
0.066,sdf_ncp,1e-06,0.0,0.9783100900000022,0.0,-0.6474599999999674,0.9783100900000022,0.0,5.110356620424719e-13,4.999513445259814e-13,3.8075123595815864e-21,True,5.204170441858818e-17
0.067,sdf_ncp,1e-06,0.0,0.9776528200000023,0.0,-0.6572699999999669,0.9776528200000023,0.0,5.113687289579607e-13,4.999410799255671e-13,3.815613620290295e-21,True,5.204170441918152e-17
0.068,sdf_ncp,1e-06,0.0,0.9769857400000024,0.0,-0.6670799999999665,0.9769857400000024,0.0,5.117017958622101e-13,4.999253576897715e-13,3.8124754432569046e-21,True,5.204170441895153e-17
0.069,sdf_ncp,1e-06,0.0,0.9763088500000024,0.0,-0.676889999999966,0.9763088500000024,0.0,5.121458850753689e-13,5.000125600901668e-13,3.815784165707117e-21,True,5.2041704419194026e-17
0.07,sdf_ncp,1e-06,0.0,0.9756221500000025,0.0,-0.6866999999999656,0.9756221500000025,0.0,5.12478951985238e-13,4.999858169655859e-13,3.818265707544776e-21,True,5.37764278908344e-17
0.07100000000000001,sdf_ncp,1e-06,0.0,0.9749256400000026,0.0,-0.6965099999999651,0.9749256400000026,0.0,5.128120188951071e-13,4.999535857210057e-13,3.820747249382435e-21,True,5.377642789101065e-17
0.07200000000000001,sdf_ncp,1e-06,0.0,0.9742193200000027,0.0,-0.7063199999999646,0.9742193200000027,0.0,5.132561081082658e-13,5.000240166270826e-13,3.824055971832647e-21,True,5.377642789124583e-17
0.073,sdf_ncp,1e-06,0.0,0.9735031900000027,0.0,-0.7161299999999642,0.9735031900000027,0.0,5.135891750181349e-13,4.999807002296241e-13,3.826537513670306e-21,True,5.377642789142236e-17
0.074,sdf_ncp,1e-06,0.0,0.9727772500000028,0.0,-0.7259399999999637,0.9727772500000028,0.0,5.139222419331185e-13,4.999318652215351e-13,3.83413349950289e-21,True,5.377642789196339e-17
0.075,sdf_ncp,1e-06,0.0,0.9720415000000029,0.0,-0.7357499999999633,0.9720415000000029,0.0,5.143663311411628e-13,4.999854200719541e-13,3.832327777958177e-21,True,5.551115136354418e-17
0.076,sdf_ncp,1e-06,0.0,0.971295940000003,0.0,-0.7455599999999628,0.971295940000003,0.0,5.146993980560195e-13,4.999254356522572e-13,3.8397969402007505e-21,True,5.551115136406033e-17
0.077,sdf_ncp,1e-06,0.0,0.970540570000003,0.0,-0.7553699999999623,0.970540570000003,0.0,5.151434872641907e-13,4.999676537611769e-13,3.8381180422460484e-21,True,5.551115136394423e-17
0.078,sdf_ncp,1e-06,0.0,0.9697753900000031,0.0,-0.7651799999999618,0.9697753900000031,0.0,5.155875764773495e-13,5.00004143057478e-13,3.8414267646962605e-21,True,5.55111513641731e-17
0.079,sdf_ncp,1e-06,0.0,0.9690004000000032,0.0,-0.7749899999999612,0.9690004000000032,0.0,5.160316656905082e-13,5.000348904667704e-13,3.844735487146473e-21,True,5.3776427892720336e-17
0.08,sdf_ncp,1e-06,0.0,0.9682156000000033,0.0,-0.7847999999999606,0.9682156000000033,0.0,5.163647326003773e-13,4.999523893935155e-13,3.847217028984132e-21,True,5.377642789289781e-17
0.081,sdf_ncp,1e-06,0.0,0.9674209900000034,0.0,-0.7946099999999601,0.9674209900000034,0.0,5.168088218135361e-13,4.999717020395865e-13,3.850525751434344e-21,True,5.3776427893134623e-17
0.082,sdf_ncp,1e-06,0.0,0.9666165700000034,0.0,-0.8044199999999595,0.9666165700000034,0.0,5.172529110266949e-13,4.999852346791408e-13,3.853834473884556e-21,True,5.377642789337164e-17
0.083,sdf_ncp,1e-06,0.0,0.9658023400000035,0.0,-0.8142299999999589,0.9658023400000035,0.0,5.176970002398537e-13,4.999929742426331e-13,3.857143196334768e-21,True,5.377642789360885e-17
0.084,sdf_ncp,1e-06,0.0,0.9649783000000036,0.0,-0.8240399999999584,0.9649783000000036,0.0,5.181410894530125e-13,4.999949076605178e-13,3.86045191878498e-21,True,5.204170442248831e-17
0.085,sdf_ncp,1e-06,0.0,0.9641444500000037,0.0,-0.8338499999999578,0.9641444500000037,0.0,5.185851786661713e-13,4.999910218632494e-13,3.863760641235192e-21,True,5.2041704422733855e-17
0.08600000000000001,sdf_ncp,1e-06,0.0,0.9633007900000038,0.0,-0.8436599999999572,0.9633007900000038,0.0,5.1902926787933e-13,4.999813037812822e-13,3.8670693636854044e-21,True,5.2041704422979616e-17
0.08700000000000001,sdf_ncp,1e-06,0.0,0.9624473200000039,0.0,-0.8534699999999567,0.9624473200000039,0.0,5.194733570924888e-13,4.999657403450709e-13,3.8703780861356165e-21,True,5.204170442322558e-17
0.088,sdf_ncp,1e-06,0.0,0.961584040000004,0.0,-0.8632799999999561,0.961584040000004,0.0,5.199174463056476e-13,4.999443184850698e-13,3.8736868085858286e-21,True,5.0306980952466244e-17
0.089,sdf_ncp,1e-06,0.0,0.9607109500000041,0.0,-0.8730899999999555,0.9607109500000041,0.0,5.204725578220961e-13,5.00023685474198e-13,3.877822711648594e-21,True,5.030698095278488e-17
0.09,sdf_ncp,1e-06,0.0,0.9598280500000042,0.0,-0.8828999999999549,0.9598280500000042,0.0,5.209166470352549e-13,4.999904095363892e-13,3.881131434098806e-21,True,5.030698095304004e-17
0.091,sdf_ncp,1e-06,0.0,0.9589353400000042,0.0,-0.8927099999999544,0.9589353400000042,0.0,5.213607362484137e-13,4.999512348770251e-13,3.884440156549018e-21,True,4.8572257482674605e-17
0.092,sdf_ncp,1e-06,0.0,0.9580328200000043,0.0,-0.9025199999999538,0.9580328200000043,0.0,5.219158477648621e-13,5.000125114368638e-13,3.888576059611783e-21,True,4.857225748300554e-17
0.093,sdf_ncp,1e-06,0.0,0.9571204900000044,0.0,-0.9123299999999532,0.9571204900000044,0.0,5.223599369780209e-13,4.999613988367749e-13,3.891884782061995e-21,True,4.857225748327054e-17
0.094,sdf_ncp,1e-06,0.0,0.9561983500000045,0.0,-0.9221399999999527,0.9561983500000045,0.0,5.229150484944694e-13,5.00010506560584e-13,3.89602068512476e-21,True,4.857225748360211e-17
0.095,sdf_ncp,1e-06,0.0,0.9552664000000046,0.0,-0.9319499999999521,0.9552664000000046,0.0,5.234701600068578e-13,5.000534552571774e-13,3.8960965167458574e-21,True,4.68375340134187e-17
0.096,sdf_ncp,1e-06,0.0,0.9543246400000047,0.0,-0.9417599999999515,0.9543246400000047,0.0,5.239142492240767e-13,4.999842772816397e-13,3.9034653106377376e-21,True,4.6837534014032245e-17
0.097,sdf_ncp,1e-06,0.0,0.9533730700000048,0.0,-0.951569999999951,0.9533730700000048,0.0,5.244693607405252e-13,5.000149645701344e-13,3.907601213700503e-21,True,4.683753401437711e-17
0.098,sdf_ncp,1e-06,0.0,0.9524116900000049,0.0,-0.9613799999999504,0.9524116900000049,0.0,5.249134499536839e-13,4.999337059741211e-13,3.910909936150715e-21,True,4.510281054495645e-17
0.099,sdf_ncp,1e-06,0.0,0.951440500000005,0.0,-0.9711899999999498,0.951440500000005,0.0,5.254685614740439e-13,4.999520708631477e-13,3.91895727663883e-21,True,4.5102810545654954e-17
0.1,sdf_ncp,1e-06,0.0,0.9504595000000051,0.0,-0.9809999999999492,0.9504595000000051,0.0,5.260236729865809e-13,4.999641972149919e-13,3.919181742276245e-21,True,4.510281054567446e-17
0.101,sdf_ncp,1e-06,0.0,0.9494686900000052,0.0,-0.9908099999999487,0.9494686900000052,0.0,5.265787845030294e-13,4.999700687038864e-13,3.92331764533901e-21,True,4.510281054603404e-17
0.10200000000000001,sdf_ncp,1e-06,0.0,0.9484680700000053,0.0,-1.000619999999948,0.9484680700000053,0.0,5.271338960194779e-13,4.999696689891776e-13,3.9274535484017754e-21,True,4.3368087077257066e-17
0.10300000000000001,sdf_ncp,1e-06,0.0,0.9474576400000054,0.0,-1.0104299999999475,0.9474576400000054,0.0,5.276890075359264e-13,4.999629817339339e-13,3.9315894514645405e-21,True,4.336808707763181e-17
0.10400000000000001,sdf_ncp,1e-06,0.0,0.9464374000000055,0.0,-1.020239999999947,0.9464374000000055,0.0,5.282441190523748e-13,4.99949990601223e-13,3.935725354527306e-21,True,4.336808707800696e-17
0.105,sdf_ncp,1e-06,0.0,0.9454073500000056,0.0,-1.0300499999999464,0.9454073500000056,0.0,5.28910252872113e-13,5.000356405556572e-13,3.940688438202624e-21,True,4.163336360994074e-17
0.106,sdf_ncp,1e-06,0.0,0.9443674900000057,0.0,-1.0398599999999458,0.9443674900000057,0.0,5.294653643885615e-13,5.000098772095642e-13,3.944824341265389e-21,True,4.1633363610332413e-17
0.107,sdf_ncp,1e-06,0.0,0.9433178200000059,0.0,-1.0496699999999453,0.9433178200000059,0.0,5.3002047590501e-13,4.999777598860797e-13,3.948960244328154e-21,True,4.16333636107245e-17
0.108,sdf_ncp,1e-06,0.0,0.942258340000006,0.0,-1.0594799999999447,0.942258340000006,0.0,5.305755874258606e-13,4.999392722524195e-13,3.957498319408189e-21,True,3.989864014373632e-17
0.109,sdf_ncp,1e-06,0.0,0.9411890500000061,0.0,-1.0692899999999441,0.9411890500000061,0.0,5.312417212411966e-13,4.999988909353699e-13,3.9580592310662374e-21,True,3.989864014379196e-17
0.11,sdf_ncp,1e-06,0.0,0.9401099500000062,0.0,-1.0790999999999435,0.9401099500000062,0.0,5.317968327576451e-13,4.999474938539514e-13,3.9621951341290026e-21,True,3.989864014420247e-17
0.111,sdf_ncp,1e-06,0.0,0.9390210400000063,0.0,-1.088909999999943,0.9390210400000063,0.0,5.324629665773833e-13,4.99993928636983e-13,3.967158217804321e-21,True,3.81639166776838e-17
0.112,sdf_ncp,1e-06,0.0,0.9379223200000063,0.0,-1.0987199999999424,0.9379223200000063,0.0,5.331291003971215e-13,5.000336827039844e-13,3.972121301479639e-21,True,3.816391667820003e-17
0.113,sdf_ncp,1e-06,0.0,0.9368137900000063,0.0,-1.1085299999999418,0.9368137900000063,0.0,5.3368421191357e-13,4.99962729225918e-13,3.976257204542404e-21,True,3.8163916678630726e-17
0.114,sdf_ncp,1e-06,0.0,0.9356954500000063,0.0,-1.1183399999999413,0.9356954500000063,0.0,5.343503457333081e-13,4.999891872085867e-13,3.981220288217722e-21,True,3.642919321305983e-17
0.115,sdf_ncp,1e-06,0.0,0.9345673000000063,0.0,-1.1281499999999407,0.9345673000000063,0.0,5.350164795530463e-13,5.000089067513991e-13,3.98618337189304e-21,True,3.642919321360257e-17
0.116,sdf_ncp,1e-06,0.0,0.9334293400000063,0.0,-1.1379599999999401,0.9334293400000063,0.0,5.356826133727845e-13,5.000218682500368e-13,3.9911464555683585e-21,True,3.469446974910083e-17
0.117,sdf_ncp,1e-06,0.0,0.9322815700000063,0.0,-1.1477699999999396,0.9322815700000063,0.0,5.363487471925227e-13,5.000280521001815e-13,3.996109539243677e-21,True,3.469446974967212e-17
0.11800000000000001,sdf_ncp,1e-06,0.0,0.9311239900000063,0.0,-1.157579999999939,0.9311239900000063,0.0,5.370148810081904e-13,5.000274386937248e-13,3.9970021511351524e-21,True,3.469446974977494e-17
0.11900000000000001,sdf_ncp,1e-06,0.0,0.9299566000000064,0.0,-1.1673899999999384,0.9299566000000064,0.0,5.376810148279584e-13,5.000200084339612e-13,4.0019951231724476e-21,True,3.295974628652184e-17
0.12,sdf_ncp,1e-06,0.0,0.9287794000000064,0.0,-1.1771999999999379,0.9287794000000064,0.0,5.383471486517372e-13,5.000057417164747e-13,4.010998790269631e-21,True,3.29597462876163e-17
0.121,sdf_ncp,1e-06,0.0,0.9275923900000064,0.0,-1.1870099999999373,0.9275923900000064,0.0,5.390132824714754e-13,4.999846189294644e-13,4.015961873944949e-21,True,3.295974628822065e-17
0.122,sdf_ncp,1e-06,0.0,0.9263955700000064,0.0,-1.1968199999999367,0.9263955700000064,0.0,5.396794162912136e-13,4.999566204723696e-13,4.0209249576202675e-21,True,3.1225022826474856e-17
0.123,sdf_ncp,1e-06,0.0,0.9251889400000064,0.0,-1.2066299999999361,0.9251889400000064,0.0,5.404565724142414e-13,5.000244433479687e-13,4.026715221908139e-21,True,3.122502282722102e-17
0.124,sdf_ncp,1e-06,0.0,0.9239725000000064,0.0,-1.2164399999999356,0.9239725000000064,0.0,5.411227062339796e-13,4.999824996857792e-13,4.031678305583457e-21,True,2.949029936719516e-17
0.125,sdf_ncp,1e-06,0.0,0.9227462500000064,0.0,-1.226249999999935,0.9227462500000064,0.0,5.417888400575893e-13,4.999336204549939e-13,4.040512941876757e-21,True,2.949029936840428e-17
0.126,sdf_ncp,1e-06,0.0,0.9215101900000064,0.0,-1.2360599999999344,0.9215101900000064,0.0,5.425659961767457e-13,4.999800942243757e-13,4.042431653546646e-21,True,2.949029936866723e-17
0.127,sdf_ncp,1e-06,0.0,0.9202643200000065,0.0,-1.2458699999999339,0.9202643200000065,0.0,5.433431522959537e-13,5.000193165742958e-13,4.04440206400482e-21,True,2.6020852453961334e-17
0.128,sdf_ncp,1e-06,0.0,0.9190086400000065,0.0,-1.2556799999999333,0.9190086400000065,0.0,5.440092861195117e-13,4.999492341840669e-13,4.0531850015098356e-21,True,2.6020852455327943e-17
0.129,sdf_ncp,1e-06,0.0,0.9177431500000065,0.0,-1.2654899999999327,0.9177431500000065,0.0,5.447864422425396e-13,4.999740255809649e-13,4.058975265797707e-21,True,2.4286129002866454e-17
0.13,sdf_ncp,1e-06,0.0,0.9164678500000065,0.0,-1.2752999999999322,0.9164678500000065,0.0,5.455635983655675e-13,4.999914980323587e-13,4.064765530085578e-21,True,2.428612900383488e-17
0.131,sdf_ncp,1e-06,0.0,0.9151827400000065,0.0,-1.2851099999999316,0.9151827400000065,0.0,5.463407544885953e-13,5.000016286665435e-13,4.070555794373449e-21,True,2.25514055550686e-17
0.132,sdf_ncp,1e-06,0.0,0.9138878200000066,0.0,-1.294919999999931,0.9138878200000066,0.0,5.471179106116232e-13,5.000043946118148e-13,4.0763460586613204e-21,True,2.2551405556114494e-17
0.133,sdf_ncp,1e-06,0.0,0.9125830900000066,0.0,-1.3047299999999304,0.9125830900000066,0.0,5.478950667346511e-13,4.999997729964677e-13,4.0821363229491916e-21,True,2.2551405557161873e-17
0.134,sdf_ncp,1e-06,0.0,0.9112685500000066,0.0,-1.3145399999999299,0.9112685500000066,0.0,5.48672222857679e-13,4.999877409487976e-13,4.087926587237063e-21,True,2.0816682113109953e-17
0.135,sdf_ncp,1e-06,0.0,0.9099442000000066,0.0,-1.3243499999999293,0.9099442000000066,0.0,5.494493789807068e-13,4.999682755970998e-13,4.093716851524934e-21,True,2.0816682114247835e-17
0.136,sdf_ncp,1e-06,0.0,0.9086100400000067,0.0,-1.3341599999999287,0.9086100400000067,0.0,5.503375574070244e-13,5.000422300491024e-13,4.100334296425358e-21,True,1.9081958676285123e-17
0.137,sdf_ncp,1e-06,0.0,0.9072660700000067,0.0,-1.3439699999999282,0.9072660700000067,0.0,5.511147135300523e-13,5.0000768026359e-13,4.1061245607132294e-21,True,1.9081958677530216e-17
0.138,sdf_ncp,1e-06,0.0,0.9059122900000067,0.0,-1.3537799999999276,0.9059122900000067,0.0,5.518918696530801e-13,4.999656274698071e-13,4.1119148250011006e-21,True,1.7347235247103474e-17
0.139,sdf_ncp,1e-06,0.0,0.9045487000000068,0.0,-1.363589999999927,0.9045487000000068,0.0,5.526690298973543e-13,4.999160525239167e-13,8.238951343627044e-21,True,1.7347236716284954e-17
0.14,sdf_ncp,1e-06,0.0,0.9031753000000068,0.0,-1.3733999999999265,0.9031753000000068,0.0,5.535572083267482e-13,4.999591976976771e-13,8.248645169352988e-21,True,1.5612513462817468e-17
0.14100000000000001,sdf_ncp,1e-06,0.0,0.9017920900000068,0.0,-1.3832099999999259,0.9017920900000068,0.0,5.544453826287432e-13,4.999944603916277e-13,4.13093997908982e-21,True,1.5612511830297348e-17
0.14200000000000002,sdf_ncp,1e-06,0.0,0.9003990700000069,0.0,-1.3930199999999253,0.9003990700000069,0.0,5.553335610550607e-13,5.000218219137687e-13,4.1375574239902444e-21,True,1.3877788424605163e-17
0.14300000000000002,sdf_ncp,1e-06,0.0,0.8989962400000069,0.0,-1.4028299999999247,0.8989962400000069,0.0,5.561107171780886e-13,4.999414437668089e-13,4.1433476882781156e-21,True,1.3877788426332695e-17
0.14400000000000002,sdf_ncp,1e-06,0.0,0.8975836000000069,0.0,-1.4126399999999242,0.8975836000000069,0.0,5.569988956078472e-13,4.999530739157195e-13,4.1534061318253394e-21,True,1.2143065042151847e-17
0.145,sdf_ncp,1e-06,0.0,0.896161150000007,0.0,-1.4224499999999236,0.896161150000007,0.0,5.578870740307237e-13,4.999567218335124e-13,4.156582578078964e-21,True,1.2143065043238733e-17
0.146,sdf_ncp,1e-06,0.0,0.894728890000007,0.0,-1.432259999999923,0.894728890000007,0.0,5.587752566202414e-13,4.999523651152977e-13,8.326400146932972e-21,True,1.0408344186311357e-17
0.147,sdf_ncp,1e-06,0.0,0.893286820000007,0.0,-1.4420699999999225,0.893286820000007,0.0,5.596634350531764e-13,4.999399701689325e-13,8.339635036733821e-21,True,1.0408344196907334e-17
0.148,sdf_ncp,1e-06,0.0,0.8918349400000071,0.0,-1.451879999999922,0.8918349400000071,0.0,5.606626316129661e-13,5.000185244247957e-13,4.17726209339279e-21,True,8.673618385780239e-18
0.149,sdf_ncp,1e-06,0.0,0.8903732500000071,0.0,-1.4616899999999213,0.8903732500000071,0.0,5.615508100392837e-13,4.999898197748136e-13,4.183879538293214e-21,True,8.67361838896976e-18
0.15,sdf_ncp,1e-06,0.0,0.8889017500000072,0.0,-1.4714999999999208,0.8889017500000072,0.0,5.625500107655596e-13,5.000516890320288e-13,4.1879928231361046e-21,True,6.938895167745711e-18
0.151,sdf_ncp,1e-06,0.0,0.8874204400000072,0.0,-1.4813099999999202,0.8874204400000072,0.0,5.634381891952086e-13,5.000065657684192e-13,4.1979416087066154e-21,True,6.938895173757466e-18
0.152,sdf_ncp,1e-06,0.0,0.8859293200000072,0.0,-1.4911199999999196,0.8859293200000072,0.0,5.643263718260853e-13,4.999532788499549e-13,8.409118208188275e-21,True,5.204177221830032e-18
0.153,sdf_ncp,1e-06,0.0,0.8844283900000073,0.0,-1.500929999999919,0.8844283900000073,0.0,5.653255683511334e-13,4.999899822426319e-13,4.212003679120017e-21,True,5.204172132426107e-18
0.154,sdf_ncp,1e-06,0.0,0.8829176500000073,0.0,-1.5107399999999185,0.8829176500000073,0.0,5.663247690807407e-13,5.000181342535644e-13,4.219448304632994e-21,True,3.4694495177425795e-18
0.155,sdf_ncp,1e-06,0.0,0.8813971000000074,0.0,-1.520549999999918,0.8813971000000074,0.0,5.673239698103479e-13,5.000377017513323e-13,4.2268929301459714e-21,True,3.469449526804514e-18
0.156,sdf_ncp,1e-06,0.0,0.8798667400000074,0.0,-1.5303599999999173,0.8798667400000074,0.0,5.682121482366655e-13,4.999509704973959e-13,4.233510375046396e-21,True,1.7347286418097648e-18
0.157,sdf_ncp,1e-06,0.0,0.8783265700000075,0.0,-1.5401699999999168,0.8783265700000075,0.0,5.692113489662728e-13,4.999534517426237e-13,4.240955000559373e-21,True,1.7347286599939404e-18
0.158,sdf_ncp,1e-06,0.0,0.8767765900000075,0.0,-1.5499799999999162,0.8767765900000075,0.0,5.703215719959696e-13,5.000446030980701e-13,4.246026732469445e-21,True,4.246026732469445e-21
0.159,sdf_ncp,1e-06,0.0,0.8752168000000076,0.0,-1.5597899999999156,0.8752168000000076,0.0,5.71320772728777e-13,5.000295384812118e-13,4.2566714321978804e-21,True,1.7347286984876736e-18
0.16,sdf_ncp,1e-06,0.0,0.8736472000000076,0.0,-1.569599999999915,0.8736472000000076,0.0,5.723199734583843e-13,5.00005742315996e-13,4.264116057710858e-21,True,1.734728716771245e-18
0.161,sdf_ncp,1e-06,0.0,0.8720677900000077,0.0,-1.5794099999999145,0.8720677900000077,0.0,5.733191741879915e-13,4.999731851987512e-13,4.271560683223835e-21,True,3.469449581511582e-18
0.162,sdf_ncp,1e-06,0.0,0.8704785700000077,0.0,-1.589219999999914,0.8704785700000077,0.0,5.744293972208885e-13,5.000284802588055e-13,4.279832489349365e-21,True,3.4694495917056294e-18
0.163,sdf_ncp,1e-06,0.0,0.8688795400000078,0.0,-1.5990299999999134,0.8688795400000078,0.0,5.754285979504957e-13,4.999781354900762e-13,4.2872771148623424e-21,True,5.204172193893142e-18
0.164,sdf_ncp,1e-06,0.0,0.8672707000000078,0.0,-1.6088399999999128,0.8672707000000078,0.0,5.764278029779363e-13,4.999189441881414e-13,8.59255500059632e-21,True,6.938899224061576e-18
0.165,sdf_ncp,1e-06,0.0,0.8656520500000079,0.0,-1.6186499999999122,0.8656520500000079,0.0,5.776490440131917e-13,5.000430791305642e-13,4.300722737809968e-21,True,6.938895236699929e-18
0.166,sdf_ncp,1e-06,0.0,0.864023590000008,0.0,-1.6284599999999116,0.864023590000008,0.0,5.786482447458969e-13,4.999657337725531e-13,4.31126535262638e-21,True,8.673618451352084e-18
0.167,sdf_ncp,1e-06,0.0,0.862385320000008,0.0,-1.638269999999911,0.862385320000008,0.0,5.797584677787939e-13,4.999751917581295e-13,4.3195371587519105e-21,True,8.673618455467572e-18
0.168,sdf_ncp,1e-06,0.0,0.8607372400000081,0.0,-1.6480799999999105,0.8607372400000081,0.0,5.808686951394999e-13,4.999753174567792e-13,8.655618030729077e-21,True,1.0408344454883568e-17
0.169,sdf_ncp,1e-06,0.0,0.8590793500000081,0.0,-1.65788999999991,0.8590793500000081,0.0,5.82089936144833e-13,5.000614439848493e-13,4.3338633776617034e-21,True,1.2143065105216207e-17
0.17,sdf_ncp,1e-06,0.0,0.8574116500000082,0.0,-1.6676999999999094,0.8574116500000082,0.0,5.832001591777428e-13,5.000426107608559e-13,4.342148108484305e-21,True,1.2143065108175856e-17
0.171,sdf_ncp,1e-06,0.0,0.8557341400000082,0.0,-1.6775099999999088,0.8557341400000082,0.0,5.843103822136715e-13,5.000143424166923e-13,4.353451563866585e-21,True,1.3877788490651677e-17
0.17200000000000001,sdf_ncp,1e-06,0.0,0.8540468200000083,0.0,-1.6873199999999082,0.8540468200000083,0.0,5.854206052465684e-13,4.999766062733119e-13,4.361723369992115e-21,True,1.5612511893066416e-17
0.17300000000000001,sdf_ncp,1e-06,0.0,0.8523496900000084,0.0,-1.6971299999999077,0.8523496900000084,0.0,5.866418505827551e-13,5.000239994852425e-13,4.370822356730198e-21,True,1.5612511895611084e-17
0.17400000000000002,sdf_ncp,1e-06,0.0,0.8506427500000084,0.0,-1.706939999999907,0.8506427500000084,0.0,5.87752073615652e-13,4.999670402186257e-13,4.3790941628557285e-21,True,1.7347235312492055e-17
0.17500000000000002,sdf_ncp,1e-06,0.0,0.8489260000000085,0.0,-1.7167499999999065,0.8489260000000085,0.0,5.889733189518387e-13,4.999947637645136e-13,4.388193149593812e-21,True,1.908195874031151e-17
0.176,sdf_ncp,1e-06,0.0,0.8471994400000086,0.0,-1.726559999999906,0.8471994400000086,0.0,5.901945642880254e-13,5.000125043558642e-13,4.397292136331895e-21,True,1.9081958742406134e-17
0.177,sdf_ncp,1e-06,0.0,0.8454630700000086,0.0,-1.7363699999999054,0.8454630700000086,0.0,5.91304791729433e-13,4.999263645212822e-13,8.814074614872875e-21,True,2.0816683577722927e-17
0.178,sdf_ncp,1e-06,0.0,0.8437168900000087,0.0,-1.7461799999999048,0.8437168900000087,0.0,5.926370549603987e-13,5.000178929099518e-13,4.415490109808062e-21,True,2.2551405619967626e-17
0.179,sdf_ncp,1e-06,0.0,0.8419609000000088,0.0,-1.7559899999999042,0.8419609000000088,0.0,5.938583002965853e-13,5.000054689901884e-13,4.424589096546145e-21,True,2.2551405621751012e-17
0.18,sdf_ncp,1e-06,0.0,0.8401951000000089,0.0,-1.7657999999999037,0.8401951000000089,0.0,5.95079545632772e-13,4.999829183508867e-13,4.433688083284228e-21,True,2.428612906838348e-17
0.181,sdf_ncp,1e-06,0.0,0.8384194900000089,0.0,-1.775609999999903,0.8384194900000089,0.0,5.963007909689586e-13,4.999502050507962e-13,4.442787070022312e-21,True,2.6020852518931706e-17
0.182,sdf_ncp,1e-06,0.0,0.836634070000009,0.0,-1.7854199999999025,0.836634070000009,0.0,5.97633058608435e-13,5.000001781901289e-13,4.452713237372948e-21,True,2.6020852520628388e-17
0.183,sdf_ncp,1e-06,0.0,0.8348388400000091,0.0,-1.795229999999902,0.8348388400000091,0.0,5.989653262450296e-13,5.000395181626274e-13,4.459757601173503e-21,True,2.7755575973925173e-17
0.184,sdf_ncp,1e-06,0.0,0.8330338000000092,0.0,-1.8050399999999014,0.8330338000000092,0.0,6.00186571584098e-13,4.999757004356787e-13,4.4717383914616676e-21,True,2.9490299430639994e-17
0.185,sdf_ncp,1e-06,0.0,0.8312189500000092,0.0,-1.8148499999999008,0.8312189500000092,0.0,6.015188392235744e-13,4.999938579446438e-13,4.481664558812304e-21,True,3.122502288920467e-17
0.186,sdf_ncp,1e-06,0.0,0.8293942900000093,0.0,-1.8246599999999003,0.8293942900000093,0.0,6.028511068630507e-13,5.000012657523997e-13,4.49159072616294e-21,True,3.122502289063093e-17
0.187,sdf_ncp,1e-06,0.0,0.8275598200000094,0.0,-1.8344699999998997,0.8275598200000094,0.0,6.041833745025271e-13,4.999978846503096e-13,4.5015168935135766e-21,True,3.2959746350959374e-17
0.188,sdf_ncp,1e-06,0.0,0.8257155400000095,0.0,-1.8442799999998991,0.8257155400000095,0.0,6.055156421420034e-13,4.999836754297368e-13,4.511443060864213e-21,True,3.469446981285549e-17
0.189,sdf_ncp,1e-06,0.0,0.8238614500000095,0.0,-1.8540899999998985,0.8238614500000095,0.0,6.068479143028491e-13,4.999586026070268e-13,9.042738557403894e-21,True,3.64291941178425e-17
0.19,sdf_ncp,1e-06,0.0,0.8219975500000096,0.0,-1.863899999999898,0.8219975500000096,0.0,6.081801819550642e-13,4.999226195256228e-13,9.065403427356882e-21,True,3.64291941234756e-17
0.191,sdf_ncp,1e-06,0.0,0.8201238400000097,0.0,-1.8737099999998974,0.8201238400000097,0.0,6.09623471905771e-13,4.99966742733499e-13,9.084097588031546e-21,True,3.816391755262654e-17
0.192,sdf_ncp,1e-06,0.0,0.8182403200000098,0.0,-1.8835199999998968,0.8182403200000098,0.0,6.110667573064883e-13,4.999994590398293e-13,4.552802091491864e-21,True,3.9898640207224876e-17
0.193,sdf_ncp,1e-06,0.0,0.8163469900000099,0.0,-1.8933299999998963,0.8163469900000099,0.0,6.125100472492543e-13,5.000207334166926e-13,4.563555439455054e-21,True,4.163336367355574e-17
0.194,sdf_ncp,1e-06,0.0,0.81444385000001,0.0,-1.9031399999998957,0.81444385000001,0.0,6.138423194622124e-13,4.999401019557403e-13,9.146963314585576e-21,True,4.336808786403428e-17
0.195,sdf_ncp,1e-06,0.0,0.81253090000001,0.0,-1.9129499999998951,0.81253090000001,0.0,6.153966271347864e-13,5.000287753027986e-13,4.5850621353814324e-21,True,4.33680871417965e-17
0.196,sdf_ncp,1e-06,0.0,0.8106081400000101,0.0,-1.9227599999998946,0.8106081400000101,0.0,6.168399170775525e-13,5.000154578599953e-13,4.595815483344622e-21,True,4.6837534076850225e-17
0.197,sdf_ncp,1e-06,0.0,0.8086755700000102,0.0,-1.932569999999894,0.8086755700000102,0.0,6.182832070203185e-13,4.999905248585904e-13,4.606568831307811e-21,True,4.857225754579295e-17
0.198,sdf_ncp,1e-06,0.0,0.8067331900000103,0.0,-1.9423799999998934,0.8067331900000103,0.0,6.197264969630846e-13,4.999539338225609e-13,4.6173221792710005e-21,True,5.030698101522309e-17
0.199,sdf_ncp,1e-06,0.0,0.8047810000000104,0.0,-1.9521899999998928,0.8047810000000104,0.0,6.212808092091403e-13,4.999949909161476e-13,4.628902707846743e-21,True,5.204170448516546e-17
0.2,sdf_ncp,1e-06,0.0,0.8028190000000105,0.0,-1.9619999999998923,0.8028190000000105,0.0,6.227241037942896e-13,4.999347422840343e-13,9.282039323676071e-21,True,5.377642855634068e-17
0.201,sdf_ncp,1e-06,0.0,0.8008471900000106,0.0,-1.9718099999998917,0.8008471900000106,0.0,6.243894336985321e-13,5.000405234431673e-13,4.649344025032515e-21,True,5.551115142596105e-17
0.202,sdf_ncp,1e-06,0.0,0.7988655700000107,0.0,-1.9816199999998911,0.7988655700000107,0.0,6.259437459473076e-13,5.000449073941378e-13,4.66364429357397e-21,True,5.551115142716061e-17
0.203,sdf_ncp,1e-06,0.0,0.7968741400000108,0.0,-1.9914299999998906,0.7968741400000108,0.0,6.274980581933633e-13,5.000369754745131e-13,4.6752248221497124e-21,True,5.724587489814557e-17
0.20400000000000001,sdf_ncp,1e-06,0.0,0.7948729000000109,0.0,-2.00123999999989,0.7948729000000109,0.0,6.290523704375486e-13,5.000166819415753e-13,4.6849349047211906e-21,True,5.898059836927784e-17
0.20500000000000002,sdf_ncp,1e-06,0.0,0.792861850000011,0.0,-2.0110499999998894,0.792861850000011,0.0,6.306066826854748e-13,4.999839810563754e-13,4.698385879301197e-21,True,6.071532184097787e-17
0.20600000000000002,sdf_ncp,1e-06,0.0,0.7908409900000111,0.0,-2.020859999999889,0.7908409900000111,0.0,6.321609996433608e-13,4.999388307973521e-13,9.421796698435412e-21,True,6.245004584589514e-17
0.20700000000000002,sdf_ncp,1e-06,0.0,0.7888103200000112,0.0,-2.0306699999998883,0.7888103200000112,0.0,6.338263342032502e-13,4.999687535072998e-13,9.444748335104666e-21,True,6.418476930603625e-17
0.20800000000000002,sdf_ncp,1e-06,0.0,0.7867698400000113,0.0,-2.0404799999998877,0.7867698400000113,0.0,6.354916687650034e-13,4.999856785555818e-13,9.469563753481257e-21,True,6.591949276728651e-17
0.209,sdf_ncp,1e-06,0.0,0.7847195500000114,0.0,-2.050289999999887,0.7847195500000114,0.0,6.371570033267565e-13,4.999895569299281e-13,9.494379171857848e-21,True,6.765421622930108e-17
0.21,sdf_ncp,1e-06,0.0,0.7826594500000115,0.0,-2.0600999999998866,0.7826594500000115,0.0,6.388223331289123e-13,4.999803358943987e-13,4.759597244630121e-21,True,6.938893920230987e-17
0.211,sdf_ncp,1e-06,0.0,0.7805895400000116,0.0,-2.069909999999886,0.7805895400000116,0.0,6.404876676801074e-13,4.999579738900953e-13,4.773854599138332e-21,True,7.11236626752608e-17
0.212,sdf_ncp,1e-06,0.0,0.7785098200000117,0.0,-2.0797199999998854,0.7785098200000117,0.0,6.422640245308929e-13,5.000088501300286e-13,4.785239843619265e-21,True,7.285838614816992e-17
0.213,sdf_ncp,1e-06,0.0,0.7764202900000118,0.0,-2.089529999999885,0.7764202900000118,0.0,6.43929363877886e-13,4.999598234415913e-13,9.595295206589317e-21,True,7.459311008414878e-17
0.214,sdf_ncp,1e-06,0.0,0.7743209500000119,0.0,-2.0993399999998843,0.7743209500000119,0.0,6.45705720743756e-13,4.999834671067476e-13,9.621764986191014e-21,True,7.632783354943169e-17
0.215,sdf_ncp,1e-06,0.0,0.772211800000012,0.0,-2.1091499999998837,0.772211800000012,0.0,6.474820727855086e-13,4.999932968934364e-13,4.8241173324092574e-21,True,7.806255656801695e-17
0.216,sdf_ncp,1e-06,0.0,0.7700928400000121,0.0,-2.118959999999883,0.7700928400000121,0.0,6.492584296381438e-13,4.999892679739862e-13,4.837352222210106e-21,True,7.979728004155452e-17
0.217,sdf_ncp,1e-06,0.0,0.7679640700000122,0.0,-2.1287699999998826,0.7679640700000122,0.0,6.510347913413661e-13,4.999713280701243e-13,9.701174324996104e-21,True,8.153200394806233e-17
0.218,sdf_ncp,1e-06,0.0,0.7658254900000123,0.0,-2.138579999999882,0.7658254900000123,0.0,6.529221656467037e-13,5.000244374382561e-13,4.864649182424356e-21,True,8.326672698898919e-17
0.219,sdf_ncp,1e-06,0.0,0.7636771000000124,0.0,-2.1483899999998815,0.7636771000000124,0.0,6.546985224993389e-13,4.999782690365881e-13,4.877884072225204e-21,True,8.500145046282441e-17
0.22,sdf_ncp,1e-06,0.0,0.7615189000000125,0.0,-2.158199999999881,0.7615189000000125,0.0,6.565859016552637e-13,5.000025735840329e-13,4.891946142638606e-21,True,8.673617393679397e-17
0.221,sdf_ncp,1e-06,0.0,0.7593508900000127,0.0,-2.1680099999998803,0.7593508900000127,0.0,6.584732808093609e-13,5.000122718238165e-13,4.904180580106791e-21,True,8.847089741074315e-17
0.222,sdf_ncp,1e-06,0.0,0.7571730700000128,0.0,-2.1778199999998797,0.7571730700000128,0.0,6.603606599671134e-13,5.000073082145338e-13,4.9200702834654086e-21,True,9.020562088497126e-17
0.223,sdf_ncp,1e-06,0.0,0.7549854400000129,0.0,-2.187629999999879,0.7549854400000129,0.0,6.622480391230382e-13,4.999876272064528e-13,4.93413235387881e-21,True,9.194034435917001e-17
0.224,sdf_ncp,1e-06,0.0,0.752788000000013,0.0,-2.1974399999998786,0.752788000000013,0.0,6.641354232271576e-13,4.999531769803341e-13,9.896388949558619e-21,True,9.367506822550415e-17
0.225,sdf_ncp,1e-06,0.0,0.7505807500000131,0.0,-2.207249999999878,0.7505807500000131,0.0,6.661338197381776e-13,4.999872220194549e-13,4.963083675318166e-21,True,9.540979130781072e-17
0.226,sdf_ncp,1e-06,0.0,0.7483636900000132,0.0,-2.2170599999998775,0.7483636900000132,0.0,6.681322211973921e-13,5.000058944631855e-13,4.9779729263441205e-21,True,9.714451478224424e-17
0.227,sdf_ncp,1e-06,0.0,0.7461368200000134,0.0,-2.226869999999877,0.7461368200000134,0.0,6.701306226547883e-13,5.000091317722727e-13,4.991043834050879e-21,True,9.887923825664236e-17
0.228,sdf_ncp,1e-06,0.0,0.7439001400000135,0.0,-2.2366799999998763,0.7439001400000135,0.0,6.721290241158212e-13,4.999968751378318e-13,5.0077514283960295e-21,True,1.0061396173127755e-16
0.229,sdf_ncp,1e-06,0.0,0.7416536500000136,0.0,-2.2464899999998758,0.7416536500000136,0.0,6.741274305976765e-13,4.999690694678977e-13,1.0045281459818164e-20,True,1.0408340904335273e-16
0.23,sdf_ncp,1e-06,0.0,0.7393973500000137,0.0,-2.256299999999875,0.7393973500000137,0.0,6.7623684933754e-13,5.000077343725355e-13,5.0383571110604916e-21,True,1.0581813215453179e-16
0.231,sdf_ncp,1e-06,0.0,0.7371312400000138,0.0,-2.2661099999998746,0.7371312400000138,0.0,6.783462731000442e-13,5.000302294396236e-13,5.054073542698999e-21,True,1.0755285562931137e-16
0.232,sdf_ncp,1e-06,0.0,0.734855320000014,0.0,-2.275919999999874,0.734855320000014,0.0,6.803446796282216e-13,4.999549072585038e-13,1.0137925688424103e-20,True,1.0928757945675485e-16
0.233,sdf_ncp,1e-06,0.0,0.7325695900000141,0.0,-2.2857299999998735,0.7325695900000141,0.0,6.825651206250526e-13,5.00026450564605e-13,5.085506405976014e-21,True,1.1102230257898944e-16
0.234,sdf_ncp,1e-06,0.0,0.7302740500000142,0.0,-2.295539999999873,0.7302740500000142,0.0,6.846745443875569e-13,5.000000524618156e-13,5.101222837614522e-21,True,1.1275702605388427e-16
0.23500000000000001,sdf_ncp,1e-06,0.0,0.7279687000000143,0.0,-2.3053499999998723,0.7279687000000143,0.0,6.868949904515401e-13,5.000380532355299e-13,5.115955780585272e-21,True,1.1622647300304093e-16
0.23600000000000002,sdf_ncp,1e-06,0.0,0.7256535400000145,0.0,-2.3151599999998718,0.7256535400000145,0.0,6.890044193493381e-13,4.999784959765017e-13,1.0266965964956571e-20,True,1.1796119681322485e-16
0.23700000000000002,sdf_ncp,1e-06,0.0,0.7233285700000146,0.0,-2.324969999999871,0.7233285700000146,0.0,6.912248654316757e-13,4.999826934611464e-13,1.0300053189458692e-20,True,1.2143064375521473e-16
0.23800000000000002,sdf_ncp,1e-06,0.0,0.7209937900000147,0.0,-2.3347799999998706,0.7209937900000147,0.0,6.935563286489235e-13,5.000498059710832e-13,5.1655882329255876e-21,True,1.2316536690267638e-16
0.23900000000000002,sdf_ncp,1e-06,0.0,0.7186492000000149,0.0,-2.34458999999987,0.7186492000000149,0.0,6.957767747147179e-13,5.000194225273226e-13,5.182132249073432e-21,True,1.2663481385233816e-16
0.24,sdf_ncp,1e-06,0.0,0.716294800000015,0.0,-2.3543999999998695,0.716294800000015,0.0,6.979972259828051e-13,4.999717833859186e-13,1.0400969224190162e-20,True,1.28369537643646e-16
0.241,sdf_ncp,1e-06,0.0,0.7139305900000151,0.0,-2.364209999999869,0.7139305900000151,0.0,7.003286943692596e-13,4.999860779649857e-13,1.0435710809917389e-20,True,1.3010426111678664e-16
0.242,sdf_ncp,1e-06,0.0,0.7115565700000153,0.0,-2.3740199999998683,0.7115565700000153,0.0,7.026601575204877e-13,4.999824515609486e-13,5.235226096848112e-21,True,1.3357370775280765e-16
0.243,sdf_ncp,1e-06,0.0,0.7091727400000154,0.0,-2.3838299999998678,0.7091727400000154,0.0,7.049916311421684e-13,4.999608467341717e-13,1.0505193981371843e-20,True,1.3530843153399667e-16
0.244,sdf_ncp,1e-06,0.0,0.7067791000000155,0.0,-2.393639999999867,0.7067791000000155,0.0,7.074341165619446e-13,4.999996482129573e-13,5.270794863187892e-21,True,1.3704315470352736e-16
0.245,sdf_ncp,1e-06,0.0,0.7043756500000157,0.0,-2.4034499999998666,0.7043756500000157,0.0,7.098766072343179e-13,5.000197966404786e-13,5.288992836664059e-21,True,1.4051260165366206e-16
0.246,sdf_ncp,1e-06,0.0,0.7019623900000158,0.0,-2.413259999999866,0.7019623900000158,0.0,7.123190979048831e-13,5.00021216407967e-13,5.305382665214812e-21,True,1.4224732512903532e-16
0.247,sdf_ncp,1e-06,0.0,0.699539320000016,0.0,-2.4230699999998655,0.699539320000016,0.0,7.147615885790646e-13,5.0000383563673e-13,5.325388783616392e-21,True,1.4398204860455868e-16
0.248,sdf_ncp,1e-06,0.0,0.6971064400000161,0.0,-2.432879999999865,0.6971064400000161,0.0,7.172040845950248e-13,4.999675861655081e-13,1.068717371613351e-20,True,1.4745149584532778e-16
0.249,sdf_ncp,1e-06,0.0,0.6946637500000162,0.0,-2.4426899999998644,0.6946637500000162,0.0,7.197575922271009e-13,4.999895081074604e-13,5.3626119111812784e-21,True,1.4918621903038698e-16
0.25,sdf_ncp,1e-06,0.0,0.6922112500000164,0.0,-2.452499999999864,0.6922112500000164,0.0,7.223111052027639e-13,4.999918730212985e-13,5.381637065269998e-21,True,1.5265566598081962e-16
0.251,sdf_ncp,1e-06,0.0,0.6897489400000165,0.0,-2.462309999999863,0.6897489400000165,0.0,7.248646235790893e-13,4.999746057571878e-13,1.0801324640665827e-20,True,1.5439038973977223e-16
0.252,sdf_ncp,1e-06,0.0,0.6872768200000167,0.0,-2.4721199999998626,0.6872768200000167,0.0,7.275291534573796e-13,5.00013923045492e-13,5.42051455405999e-21,True,1.5785983640695294e-16
0.253,sdf_ncp,1e-06,0.0,0.6847948900000168,0.0,-2.481929999999862,0.6847948900000168,0.0,7.30082671874394e-13,4.999568829771441e-13,1.0880891095319689e-20,True,1.5959456016078675e-16
0.254,sdf_ncp,1e-06,0.0,0.682303150000017,0.0,-2.4917399999998615,0.682303150000017,0.0,7.327472071713876e-13,4.999557276067527e-13,1.0918784287648357e-20,True,1.6306400710738139e-16
0.255,sdf_ncp,1e-06,0.0,0.6798016000000171,0.0,-2.501549999999861,0.6798016000000171,0.0,7.355227592942378e-13,5.000095486046503e-13,5.480071558163808e-21,True,1.6479873030891142e-16
0.256,sdf_ncp,1e-06,0.0,0.6772902400000173,0.0,-2.5113599999998604,0.6772902400000173,0.0,7.381873000731146e-13,4.999670536314845e-13,1.0999847987678554e-20,True,1.6826817752928545e-16
0.257,sdf_ncp,1e-06,0.0,0.6747690700000174,0.0,-2.52116999999986,0.6747690700000174,0.0,7.409628576760365e-13,4.999788183786144e-13,1.1041207018306205e-20,True,1.7000290100427466e-16
0.258,sdf_ncp,1e-06,0.0,0.6722380900000176,0.0,-2.5309799999998592,0.6722380900000176,0.0,7.437384152789584e-13,4.999692917467669e-13,1.1082566048933857e-20,True,1.7347234795169469e-16
0.259,sdf_ncp,1e-06,0.0,0.6696973000000177,0.0,-2.5407899999998587,0.6696973000000177,0.0,7.466249896232074e-13,5.000127396632032e-13,5.562789619419111e-21,True,1.7520707116196625e-16
0.26,sdf_ncp,1e-06,0.0,0.6671467000000179,0.0,-2.550599999999858,0.6671467000000179,0.0,7.494005527907383e-13,4.999601057725303e-13,1.1168757622527028e-20,True,1.7867651837468092e-16
0.261,sdf_ncp,1e-06,0.0,0.664586290000018,0.0,-2.5604099999998575,0.664586290000018,0.0,7.522871326959579e-13,4.999597145331579e-13,1.1209951863267023e-20,True,1.8214596532251617e-16
0.262,sdf_ncp,1e-06,0.0,0.6620160700000182,0.0,-2.570219999999857,0.6620160700000182,0.0,7.552847292798037e-13,5.000106282088433e-13,5.627309707198247e-21,True,1.8388068853964796e-16
0.263,sdf_ncp,1e-06,0.0,0.6594360400000183,0.0,-2.5800299999998564,0.6594360400000183,0.0,7.581713148141524e-13,4.999654894826519e-13,1.1297633008197644e-20,True,1.8735013574613144e-16
0.264,sdf_ncp,1e-06,0.0,0.6568462000000185,0.0,-2.589839999999856,0.6568462000000185,0.0,7.611689170253081e-13,4.99970910706203e-13,1.1342300761275507e-20,True,1.9081958269454152e-16
0.265,sdf_ncp,1e-06,0.0,0.6542465500000186,0.0,-2.5996499999998552,0.6542465500000186,0.0,7.641665192364638e-13,4.999533088359792e-13,1.138696851435337e-20,True,1.9255430617011776e-16
0.266,sdf_ncp,1e-06,0.0,0.6516370900000188,0.0,-2.6094599999998547,0.6516370900000188,0.0,7.672751437517363e-13,4.999849419037275e-13,1.143329062865634e-20,True,1.977584765918605e-16
0.267,sdf_ncp,1e-06,0.0,0.649017820000019,0.0,-2.619269999999854,0.649017820000019,0.0,7.703837682670089e-13,4.999927938440539e-13,1.147961274295931e-20,True,2.0122792354075302e-16
0.268,sdf_ncp,1e-06,0.0,0.6463887400000191,0.0,-2.6290799999998535,0.6463887400000191,0.0,7.734923927822814e-13,4.999767731701388e-13,1.152593485726228e-20,True,2.0296264701655645e-16
0.269,sdf_ncp,1e-06,0.0,0.6437498500000193,0.0,-2.638889999999853,0.6437498500000193,0.0,7.767120338147151e-13,5.000082552614327e-13,5.7869555654209816e-21,True,2.0643209372235353e-16
0.27,sdf_ncp,1e-06,0.0,0.6411011500000194,0.0,-2.6486999999998524,0.6411011500000194,0.0,7.799316806101163e-13,5.000150973605934e-13,5.8109438031850194e-21,True,2.0990154067362915e-16
0.271,sdf_ncp,1e-06,0.0,0.6384426400000196,0.0,-2.658509999999852,0.6384426400000196,0.0,7.831513274055175e-13,4.999972009882983e-13,5.834932040949057e-21,True,2.133709876249295e-16
0.272,sdf_ncp,1e-06,0.0,0.6357743200000198,0.0,-2.6683199999998513,0.6357743200000198,0.0,7.863709800616812e-13,4.999544751164645e-13,1.1719682831629807e-20,True,2.1684043481381064e-16
0.273,sdf_ncp,1e-06,0.0,0.6330961900000199,0.0,-2.6781299999998507,0.6330961900000199,0.0,7.897016491833454e-13,4.999571053347084e-13,1.1767471596127763e-20,True,2.2030988176332406e-16
0.274,sdf_ncp,1e-06,0.0,0.6304082500000201,0.0,-2.6879399999998497,0.6304082500000201,0.0,7.931433406109686e-13,5.000041053537306e-13,1.1818756794106051e-20,True,2.2030988176606937e-16
0.275,sdf_ncp,1e-06,0.0,0.6277105000000203,0.0,-2.6977499999998487,0.6277105000000203,0.0,7.964740097363248e-13,4.999550988886095e-13,1.187023747812754e-20,True,2.1857515829539825e-16
0.276,sdf_ncp,1e-06,0.0,0.6250029400000204,0.0,-2.7075599999998476,0.6250029400000204,0.0,8.000267175055513e-13,5.000190505195353e-13,5.9606634940571174e-21,True,2.1510571110371022e-16
0.277,sdf_ncp,1e-06,0.0,0.6222855700000206,0.0,-2.7173699999998466,0.6222855700000206,0.0,8.034684148938382e-13,4.999868005392252e-13,1.1972612388040914e-20,True,2.1163626440782567e-16
0.278,sdf_ncp,1e-06,0.0,0.6195583900000208,0.0,-2.7271799999998456,0.6195583900000208,0.0,8.070211226128022e-13,4.999967074219971e-13,6.012775872647958e-21,True,2.0816681720405459e-16
0.279,sdf_ncp,1e-06,0.0,0.616821400000021,0.0,-2.7369899999998446,0.616821400000021,0.0,8.105738423573183e-13,4.999792922462374e-13,1.2078491506447702e-20,True,2.0469737052161846e-16
0.28,sdf_ncp,1e-06,0.0,0.6140746000000211,0.0,-2.7467999999998436,0.6140746000000211,0.0,8.142375783931752e-13,5.00002615256775e-13,1.2133085426876202e-20,True,2.0122792357909326e-16
0.281,sdf_ncp,1e-06,0.0,0.6113179900000213,0.0,-2.7566099999998426,0.6113179900000213,0.0,8.179013144290322e-13,4.999977875551313e-13,1.2187679347304701e-20,True,1.9775847663691393e-16
0.28200000000000003,sdf_ncp,1e-06,0.0,0.6085515700000215,0.0,-2.7664199999998416,0.6085515700000215,0.0,8.215650504667607e-13,4.99964701318694e-13,1.224414482445362e-20,True,1.9255430622271597e-16
0.28300000000000003,sdf_ncp,1e-06,0.0,0.6057753400000216,0.0,-2.7762299999998405,0.6057753400000216,0.0,8.253398088048629e-13,4.999705032943187e-13,1.2298521549386807e-20,True,1.890848592814343e-16
0.28400000000000003,sdf_ncp,1e-06,0.0,0.6029893000000218,0.0,-2.7860399999998395,0.6029893000000218,0.0,8.292255832707414e-13,5.000141539985342e-13,6.178211995158564e-21,True,1.856154120323393e-16
0.28500000000000003,sdf_ncp,1e-06,0.0,0.600193450000022,0.0,-2.7958499999998385,0.600193450000022,0.0,8.330003477889274e-13,4.999613525906545e-13,1.2412672473919125e-20,True,1.8214596540050695e-16
0.28600000000000003,sdf_ncp,1e-06,0.0,0.5973877900000222,0.0,-2.8056599999998375,0.5973877900000222,0.0,8.369971507352485e-13,5.000118781140455e-13,1.2470342977121536e-20,True,1.786765184607815e-16
0.28700000000000003,sdf_ncp,1e-06,0.0,0.5945723200000224,0.0,-2.8154699999998365,0.5945723200000224,0.0,8.409939474175589e-13,5.000317224220348e-13,6.2640028021683344e-21,True,1.7347234771077578e-16
0.28800000000000003,sdf_ncp,1e-06,0.0,0.5917470400000225,0.0,-2.8252799999998355,0.5917470400000225,0.0,8.448797343294333e-13,4.999550819454476e-13,1.2589689125005473e-20,True,1.6826817764072547e-16
0.289,sdf_ncp,1e-06,0.0,0.5889119500000227,0.0,-2.8350899999998345,0.5889119500000227,0.0,8.489875595817577e-13,4.999789192390534e-13,1.2650900490334397e-20,True,1.6479873070337468e-16
0.29,sdf_ncp,1e-06,0.0,0.5860670500000229,0.0,-2.8448999999998335,0.5860670500000229,0.0,8.530953848340821e-13,4.999710955583448e-13,1.2712111855663321e-20,True,1.6132928376667522e-16
0.291,sdf_ncp,1e-06,0.0,0.5832123400000231,0.0,-2.8547099999998324,0.5832123400000231,0.0,8.573142323905235e-13,4.999962395878008e-13,1.2774977582217351e-20,True,1.5612511336057056e-16
0.292,sdf_ncp,1e-06,0.0,0.5803478200000233,0.0,-2.8645199999998314,0.5803478200000233,0.0,8.615330799469648e-13,4.999888448051267e-13,1.2837843308771381e-20,True,1.526556664257694e-16
0.293,sdf_ncp,1e-06,0.0,0.5774734900000235,0.0,-2.8743299999998304,0.5774734900000235,0.0,8.658629433563412e-13,5.00012895761679e-13,6.451181597301063e-21,True,1.4918621907348795e-16
0.294,sdf_ncp,1e-06,0.0,0.5745893500000236,0.0,-2.8841399999998294,0.5745893500000236,0.0,8.701928196680812e-13,5.000035266277706e-13,1.2966883484329654e-20,True,1.4398204908996745e-16
0.295,sdf_ncp,1e-06,0.0,0.5716954000000238,0.0,-2.8939499999998284,0.5716954000000238,0.0,8.745226895305648e-13,4.999605988002728e-13,1.3033328948075606e-20,True,1.4051260215857843e-16
0.296,sdf_ncp,1e-06,0.0,0.568791640000024,0.0,-2.9037599999998274,0.568791640000024,0.0,8.79074597447815e-13,5.000102819647036e-13,6.549616090194873e-21,True,1.353084312847083e-16
0.297,sdf_ncp,1e-06,0.0,0.5658780700000242,0.0,-2.9135699999998264,0.5658780700000242,0.0,8.835154961640419e-13,4.999620437844218e-13,1.3167342304728784e-20,True,1.3183898483177768e-16
0.298,sdf_ncp,1e-06,0.0,0.5629546900000244,0.0,-2.9233799999998253,0.5629546900000244,0.0,8.881784329350152e-13,5.00004214377639e-13,1.3234890002796835e-20,True,1.26634814437911e-16
0.299,sdf_ncp,1e-06,0.0,0.5600215000000246,0.0,-2.9331899999998243,0.5600215000000246,0.0,8.928413697079241e-13,5.000103631259082e-13,1.3304373174251289e-20,True,1.2143064404721372e-16
0.3,sdf_ncp,1e-06,0.0,0.5570785000000248,0.0,-2.9429999999998233,0.5570785000000248,0.0,8.975043064808329e-13,4.99980352797905e-13,1.3373856345705743e-20,True,1.1796119712455369e-16
0.301,sdf_ncp,1e-06,0.0,0.554125690000025,0.0,-2.9528099999998223,0.554125690000025,0.0,9.022782655578586e-13,4.999755664742742e-13,1.3444993878385304e-20,True,1.1275702674007382e-16
0.302,sdf_ncp,1e-06,0.0,0.5511630700000252,0.0,-2.9626199999998213,0.5511630700000252,0.0,9.071632469390012e-13,4.999948801740908e-13,1.351778577228997e-20,True,1.0755285636005381e-16
0.303,sdf_ncp,1e-06,0.0,0.5481906400000254,0.0,-2.9724299999998203,0.5481906400000254,0.0,9.120482283201438e-13,4.999763019937089e-13,1.3590577666194636e-20,True,1.0408340944589585e-16
0.304,sdf_ncp,1e-06,0.0,0.5452084000000256,0.0,-2.9822399999998193,0.5452084000000256,0.0,9.170442320054032e-13,4.999802184609181e-13,1.366502392132441e-20,True,9.71445156158099e-17
0.305,sdf_ncp,1e-06,0.0,0.5422163500000258,0.0,-2.9920499999998182,0.5422163500000258,0.0,9.221512511242172e-13,5.000054855325302e-13,6.870562167865448e-21,True,9.194034448348411e-17
0.306,sdf_ncp,1e-06,0.0,0.539214490000026,0.0,-3.0018599999998172,0.539214490000026,0.0,9.272582839841559e-13,4.999911026968159e-13,1.3817225154034166e-20,True,8.673617489939449e-17
0.307,sdf_ncp,1e-06,0.0,0.5362028200000262,0.0,-3.011669999999816,0.5362028200000262,0.0,9.324763322776491e-13,4.999964389505569e-13,1.389498013161415e-20,True,8.153200455492641e-17
0.308,sdf_ncp,1e-06,0.0,0.5331813400000264,0.0,-3.021479999999815,0.5331813400000264,0.0,9.376943805711423e-13,4.999611463434164e-13,1.3972735109194135e-20,True,7.632783422191878e-17
0.309,sdf_ncp,1e-06,0.0,0.5301500500000266,0.0,-3.031289999999814,0.5301500500000266,0.0,9.431344734728693e-13,5.000027882683904e-13,1.4053798809224332e-20,True,7.112366390354099e-17
0.31,sdf_ncp,1e-06,0.0,0.5271089500000268,0.0,-3.041099999999813,0.5271089500000268,0.0,9.485745663745963e-13,5.000021436784441e-13,1.413486250925453e-20,True,6.591949360256069e-17
0.311,sdf_ncp,1e-06,0.0,0.524058040000027,0.0,-3.050909999999812,0.524058040000027,0.0,9.541256815784192e-13,5.000172346016762e-13,1.4215559672953723e-20,True,6.071532332336566e-17
0.312,sdf_ncp,1e-06,0.0,0.5209973200000272,0.0,-3.060719999999811,0.5209973200000272,0.0,9.59676796786284e-13,4.999890391918647e-13,1.4300298631765134e-20,True,5.55111530732169e-17
0.313,sdf_ncp,1e-06,0.0,0.5179267900000274,0.0,-3.07052999999981,0.5179267900000274,0.0,9.653389342962447e-13,4.999748955021014e-13,1.4384671054245543e-20,True,5.030698285988848e-17
0.314,sdf_ncp,1e-06,0.0,0.5148464500000276,0.0,-3.080339999999809,0.5148464500000276,0.0,9.711120941103223e-13,4.999736142047921e-13,1.4470697837951058e-20,True,4.3368089313650375e-17
0.315,sdf_ncp,1e-06,0.0,0.5117563000000278,0.0,-3.090149999999808,0.5117563000000278,0.0,9.769962762285167e-13,4.999839994365108e-13,1.455837898288168e-20,True,3.816391924828012e-17
0.316,sdf_ncp,1e-06,0.0,0.508656340000028,0.0,-3.099959999999807,0.508656340000028,0.0,9.82991480650828e-13,5.000048487990586e-13,1.4647714489037406e-20,True,3.295974929837096e-17
0.317,sdf_ncp,1e-06,0.0,0.5055465700000282,0.0,-3.109769999999806,0.5055465700000282,0.0,9.889866850731394e-13,4.999788264144238e-13,1.4737049995193133e-20,True,2.4286133134964767e-17
0.318,sdf_ncp,1e-06,0.0,0.5024269900000284,0.0,-3.119579999999805,0.5024269900000284,0.0,9.950929117995677e-13,4.999615364458206e-13,1.4828039862573966e-20,True,1.908196399696525e-17
0.319,sdf_ncp,1e-06,0.0,0.49929760000002865,0.0,-3.129389999999804,0.49929760000002865,0.0,1.0014211831342297e-12,5.0000719332811e-13,1.492233845240501e-20,True,1.2143073500697122e-17
0.32,sdf_ncp,1e-06,0.0,0.49615840000002887,0.0,-3.139199999999803,0.49615840000002887,0.0,1.0077494544688916e-12,5.000033569301872e-13,1.5016637042236056e-20,True,6.938910152831563e-18
0.321,sdf_ncp,1e-06,0.0,0.4930093900000291,0.0,-3.149009999999802,0.4930093900000291,0.0,1.0141887481076705e-12,5.000045760494558e-13,1.5112589993292207e-20,True,1.5112589993292207e-20
0.322,sdf_ncp,1e-06,0.0,0.4898505700000293,0.0,-3.158819999999801,0.4898505700000293,0.0,1.0207390640505662e-12,5.000096123464663e-13,1.5210197305573465e-20,True,6.938910574418939e-18
0.323,sdf_ncp,1e-06,0.0,0.4866819400000295,0.0,-3.1686299999998,0.4866819400000295,0.0,1.0273448949726785e-12,4.999902065344298e-13,1.9135789899545387e-20,True,1.214307940950741e-17
0.324,sdf_ncp,1e-06,0.0,0.48350350000002973,0.0,-3.178439999999799,0.48350350000002973,0.0,1.0341172516966499e-12,4.99999310605742e-13,1.5409547833198744e-20,True,1.9081964457698693e-17
0.325,sdf_ncp,1e-06,0.0,0.48031525000002995,0.0,-3.188249999999798,0.48031525000002995,0.0,1.0410006345518963e-12,5.000084800349839e-13,1.551211822915532e-20,True,2.6020856763362915e-17
0.326,sdf_ncp,1e-06,0.0,0.47711719000003017,0.0,-3.198059999999797,0.47711719000003017,0.0,1.0479950397112595e-12,5.000164484810062e-13,1.5616342986337e-20,True,3.2959749743074406e-17
0.327,sdf_ncp,1e-06,0.0,0.4739093200000304,0.0,-3.207869999999796,0.4739093200000304,0.0,1.0550449560226812e-12,4.999956376781708e-13,1.5721394924131236e-20,True,3.9898643044843433e-17
0.328,sdf_ncp,1e-06,0.0,0.4706916400000306,0.0,-3.217679999999795,0.4706916400000306,0.0,1.0622614057902782e-12,4.999975632001641e-13,1.582892840376313e-20,True,4.8572259906548905e-17
0.329,sdf_ncp,1e-06,0.0,0.46746415000003083,0.0,-3.227489999999794,0.46746415000003083,0.0,1.069588877861992e-12,4.99994455639243e-13,1.593811624462013e-20,True,5.551115351929851e-17
0.33,sdf_ncp,1e-06,0.0,0.46422685000003105,0.0,-3.237299999999793,0.46422685000003105,0.0,1.0770828833898812e-12,5.000107941450353e-13,1.6049785627314788e-20,True,6.245004719757841e-17
0.331,sdf_ncp,1e-06,0.0,0.4609797400000313,0.0,-3.247109999999792,0.4609797400000313,0.0,1.0846324041103996e-12,4.999935636424209e-13,2.0202852889738793e-20,True,7.112366538438429e-17
0.332,sdf_ncp,1e-06,0.0,0.4577228200000315,0.0,-3.256919999999791,0.4577228200000315,0.0,1.092348454275267e-12,4.999928149135507e-13,2.0346575521169882e-20,True,7.806255907056772e-17
0.333,sdf_ncp,1e-06,0.0,0.45445609000003173,0.0,-3.26672999999979,0.45445609000003173,0.0,1.10023103379825e-12,5.000066937166455e-13,1.63947199427494e-20,True,8.500145190393563e-17
0.334,sdf_ncp,1e-06,0.0,0.45117955000003196,0.0,-3.276539999999789,0.45117955000003196,0.0,1.1082246396946652e-12,5.000082942363866e-13,1.6513833950957036e-20,True,9.36750691583468e-17
0.335,sdf_ncp,1e-06,0.0,0.4478932000000322,0.0,-3.286349999999788,0.4478932000000322,0.0,1.1163292678951972e-12,4.99996288051273e-13,1.6634602320389778e-20,True,1.0061396298176215e-16
0.336,sdf_ncp,1e-06,0.0,0.4445970400000324,0.0,-3.296159999999787,0.4445970400000324,0.0,1.1246559407028351e-12,5.000187022549325e-13,1.6757551530504884e-20,True,1.0928758027129386e-16
0.337,sdf_ncp,1e-06,0.0,0.44129107000003265,0.0,-3.305969999999786,0.44129107000003265,0.0,1.1330381288856833e-12,4.999996082467981e-13,2.1104479757421593e-20,True,1.1796119825432788e-16
0.338,sdf_ncp,1e-06,0.0,0.4379752900000329,0.0,-3.315779999999785,0.4379752900000329,0.0,1.1416423532338452e-12,5.000111407339134e-13,1.701179667971396e-20,True,1.2836953834950297e-16
0.339,sdf_ncp,1e-06,0.0,0.4346497000000331,0.0,-3.3255899999997838,0.4346497000000331,0.0,1.15035760410702e-12,5.000025875178731e-13,1.7141664035884784e-20,True,1.3704315567422658e-16
0.34,sdf_ncp,1e-06,0.0,0.43131430000003335,0.0,-3.3353999999997828,0.43131430000003335,0.0,1.1592393927548735e-12,4.99996527218532e-13,2.159251631882788e-20,True,1.457167735818565e-16
0.341,sdf_ncp,1e-06,0.0,0.4279690900000336,0.0,-3.3452099999997817,0.4279690900000336,0.0,1.1682877105741066e-12,4.99991028352623e-13,2.176105436863556e-20,True,1.5439039089552704e-16
0.342,sdf_ncp,1e-06,0.0,0.4246140700000338,0.0,-3.3550199999997807,0.4246140700000338,0.0,1.1775580730024006e-12,5.000077260389462e-13,2.1933728321506004e-20,True,1.6306400821697199e-16
0.343,sdf_ncp,1e-06,0.0,0.42124924000003405,0.0,-3.3648299999997797,0.42124924000003405,0.0,1.186939457735225e-12,4.999973444970161e-13,2.210847022590783e-20,True,1.7173762554475972e-16
0.34400000000000003,sdf_ncp,1e-06,0.0,0.4178746000000343,0.0,-3.3746399999997787,0.4178746000000343,0.0,1.1965428870771105e-12,5.000048803202337e-13,2.2287348033372423e-20,True,1.821459663411027e-16
0.34500000000000003,sdf_ncp,1e-06,0.0,0.41449015000003453,0.0,-3.3844499999997777,0.41449015000003453,0.0,1.206312845381926e-12,5.00004792229323e-13,1.7975462093338236e-20,True,1.9081958320410516e-16
0.34600000000000003,sdf_ncp,1e-06,0.0,0.41109589000003477,0.0,-3.3942599999997767,0.41109589000003477,0.0,1.2163048572835337e-12,5.000179278163395e-13,2.265544340595852e-20,True,2.0296264795372875e-16
0.34700000000000003,sdf_ncp,1e-06,0.0,0.407691820000035,0.0,-3.4040699999997757,0.407691820000035,0.0,1.2264078869958062e-12,4.999964635117175e-13,2.2843626995314334e-20,True,2.116362653020199e-16
0.34800000000000003,sdf_ncp,1e-06,0.0,0.40427794000003525,0.0,-3.4138799999997747,0.40427794000003525,0.0,1.2367884724694048e-12,5.000062958657213e-13,2.3036980463498604e-20,True,2.2204460612006703e-16
0.34900000000000003,sdf_ncp,1e-06,0.0,0.4008542500000355,0.0,-3.423689999999773,0.4008542500000355,0.0,1.2473355913997992e-12,4.999997729889172e-13,2.3233435858979948e-20,True,2.1163626534445412e-16
0.35000000000000003,sdf_ncp,1e-06,0.0,0.39742075000003574,0.0,-3.4334999999997717,0.39742075000003574,0.0,1.2581047549392545e-12,4.999969352865697e-13,2.3434027157524058e-20,True,2.0122792457781614e-16
0.35100000000000003,sdf_ncp,1e-06,0.0,0.393977440000036,0.0,-3.4433099999997703,0.393977440000036,0.0,1.269151474240036e-12,5.00017048793361e-13,2.3639788334896623e-20,True,1.9081958382176281e-16
0.352,sdf_ncp,1e-06,0.0,0.39052432000003623,0.0,-3.453119999999769,0.39052432000003623,0.0,1.2803647269963686e-12,5.000135643622888e-13,2.384740683162799e-20,True,1.7867651961703124e-16
0.353,sdf_ncp,1e-06,0.0,0.3870613900000365,0.0,-3.4629299999997674,0.3870613900000365,0.0,1.2918000243642513e-12,5.000059130325081e-13,2.4061650447298667e-20,True,1.665334554320519e-16
0.354,sdf_ncp,1e-06,0.0,0.3835886500000367,0.0,-3.472739999999766,0.3835886500000367,0.0,1.3035128774922156e-12,5.000127449349023e-13,2.4279819333859528e-20,True,1.5439039127108843e-16
0.355,sdf_ncp,1e-06,0.0,0.380106100000037,0.0,-3.4825499999997644,0.380106100000037,0.0,1.3154477752279692e-12,5.000097235956286e-13,2.450085245446039e-20,True,1.422473271401265e-16
0.356,sdf_ncp,1e-06,0.0,0.3766137400000372,0.0,-3.492359999999763,0.3766137400000372,0.0,1.32760472252104e-12,4.999941797903605e-13,2.967427790057249e-20,True,1.3183898751377595e-16
0.357,sdf_ncp,1e-06,0.0,0.3731115700000375,0.0,-3.5021699999997615,0.3731115700000375,0.0,1.3400947268350046e-12,5.000048474781799e-13,2.4961209363450085e-20,True,1.1969592244508643e-16
0.358,sdf_ncp,1e-06,0.0,0.3695995900000377,0.0,-3.51197999999976,0.3695995900000377,0.0,1.3528067857433411e-12,4.999968333600078e-13,3.02375878977211e-20,True,1.0581813635478861e-16
0.359,sdf_ncp,1e-06,0.0,0.366077800000038,0.0,-3.5217899999997586,0.366077800000038,0.0,1.365851901486073e-12,5.000080592218902e-13,2.544097411873084e-20,True,9.194034774667902e-17
0.36,sdf_ncp,1e-06,0.0,0.36254620000003823,0.0,-3.531599999999757,0.36254620000003823,0.0,1.3791190720150828e-12,4.999943789066473e-13,3.0825713313246305e-20,True,7.979728584892408e-17
0.361,sdf_ncp,1e-06,0.0,0.3590047900000385,0.0,-3.5414099999997557,0.3590047900000385,0.0,1.3927748103347112e-12,5.000128283015564e-13,2.5942452365091114e-20,True,6.591949719191232e-17
0.362,sdf_ncp,1e-06,0.0,0.35545357000003874,0.0,-3.5512199999997542,0.35545357000003874,0.0,1.406652603641209e-12,4.999996897141172e-13,3.144113568898576e-20,True,5.2041713776926716e-17
0.363,sdf_ncp,1e-06,0.0,0.351892540000039,0.0,-3.561029999999753,0.351892540000039,0.0,1.4209189645331847e-12,5.000107835638077e-13,2.6466678078296595e-20,True,3.816392564880997e-17
0.364,sdf_ncp,1e-06,0.0,0.34832170000003926,0.0,-3.5708399999997513,0.34832170000003926,0.0,1.4354628917741921e-12,5.00002874749759e-13,3.208509599780668e-20,True,2.2551428012282053e-17
0.365,sdf_ncp,1e-06,0.0,0.3447410500000395,0.0,-3.58064999999975,0.3447410500000395,0.0,1.4503953863860237e-12,5.000108284179309e-13,2.7015719209878667e-20,True,6.938946494876965e-18
0.366,sdf_ncp,1e-06,0.0,0.3411505900000398,0.0,-3.5904599999997484,0.3411505900000398,0.0,1.4656054475678928e-12,4.99992163145059e-13,3.2760223607769486e-20,True,6.938971238010122e-18
0.367,sdf_ncp,1e-06,0.0,0.33755032000004004,0.0,-3.600269999999747,0.33755032000004004,0.0,1.4812595925636159e-12,4.999996494729775e-13,3.310873200584105e-20,True,2.2551429491894508e-17
0.368,sdf_ncp,1e-06,0.0,0.3339402400000403,0.0,-3.6100799999997455,0.3339402400000403,0.0,1.4973023156266177e-12,5.000094946329688e-13,3.346590035484707e-20,True,3.8163931144594287e-17
0.369,sdf_ncp,1e-06,0.0,0.33032035000004056,0.0,-3.619889999999744,0.33032035000004056,0.0,1.5136781056072806e-12,4.999986816315954e-13,3.3833342222437505e-20,True,5.551116154175323e-17
0.37,sdf_ncp,1e-06,0.0,0.3266906500000408,0.0,-3.6296999999997426,0.3266906500000408,0.0,1.5304979848063054e-12,4.999993814801245e-13,3.4209295810842856e-20,True,7.285839402219375e-17
0.371,sdf_ncp,1e-06,0.0,0.3230511400000411,0.0,-3.639509999999741,0.3230511400000411,0.0,1.5477619532251063e-12,5.000062634380609e-13,3.4595175566598843e-20,True,8.847090403877097e-17
0.372,sdf_ncp,1e-06,0.0,0.31940182000004136,0.0,-3.6493199999997397,0.31940182000004136,0.0,1.565414505542835e-12,4.999962421248463e-13,4.0821364239233874e-20,True,1.0581813990839516e-16
0.373,sdf_ncp,1e-06,0.0,0.3157426900000416,0.0,-3.659129999999738,0.3157426900000416,0.0,1.5835666465695648e-12,4.999995927822195e-13,3.53954728092439e-20,True,1.2490009528569665e-16
0.374,sdf_ncp,1e-06,0.0,0.3120737500000419,0.0,-3.6689399999997367,0.3120737500000419,0.0,1.6021628886162164e-12,4.999929807613621e-13,4.177965297887656e-20,True,1.4398205456773124e-16
0.375,sdf_ncp,1e-06,0.0,0.30839500000004216,0.0,-3.6787499999997353,0.30839500000004216,0.0,1.6213142302505444e-12,5.00005202038185e-13,3.6239197034047986e-20,True,1.6306401076870297e-16
0.376,sdf_ncp,1e-06,0.0,0.30470644000004243,0.0,-3.688559999999734,0.30470644000004243,0.0,1.640909673187565e-12,4.99995744878616e-13,4.2791583654229093e-20,True,1.821459700040818e-16
0.377,sdf_ncp,1e-06,0.0,0.3010080700000427,0.0,-3.6983699999997324,0.3010080700000427,0.0,1.6610602216084487e-12,4.999925314602023e-13,4.331552078318278e-20,True,2.0296265131140371e-16
0.378,sdf_ncp,1e-06,0.0,0.297299890000043,0.0,-3.7081799999997305,0.297299890000043,0.0,1.6818213927103289e-12,5.000053150524999e-13,4.385691049409874e-20,True,2.2030988581433438e-16
0.379,sdf_ncp,1e-06,0.0,0.29358190000004325,0.0,-3.7179899999997286,0.29358190000004325,0.0,1.7031376753374176e-12,5.000103946872159e-13,4.441119622541421e-20,True,1.9949320468074523e-16
0.38,sdf_ncp,1e-06,0.0,0.2898541000000435,0.0,-3.7277999999997267,0.2898541000000435,0.0,1.7250090694944539e-12,5.000009513302274e-13,4.4983116898089687e-20,True,1.7867652368802495e-16
0.381,sdf_ncp,1e-06,0.0,0.2861164900000438,0.0,-3.7376099999997248,0.2861164900000438,0.0,1.7475465974820564e-12,5.000018985830853e-13,4.557082872330861e-20,True,1.5439039608742048e-16
0.382,sdf_ncp,1e-06,0.0,0.2823690700000441,0.0,-3.747419999999723,0.2823690700000441,0.0,1.7707502593018048e-12,5.000051039213875e-13,4.617591134139115e-20,True,1.3183899226067222e-16
0.383,sdf_ncp,1e-06,0.0,0.27861184000004435,0.0,-3.757229999999721,0.27861184000004435,0.0,1.794620054953699e-12,5.000023956116308e-13,4.6798364752337306e-20,True,1.0928758900637305e-16
0.384,sdf_ncp,1e-06,0.0,0.27484480000004463,0.0,-3.767039999999719,0.27484480000004463,0.0,1.819211495590418e-12,5.000008196633305e-13,4.743963652221904e-20,True,8.32667403608017e-17
0.385,sdf_ncp,1e-06,0.0,0.2710679500000449,0.0,-3.776849999999717,0.2710679500000449,0.0,1.8445800923646406e-12,5.000065442481766e-13,4.8101174217108324e-20,True,5.898061779747993e-17
0.386,sdf_ncp,1e-06,0.0,0.2672812900000452,0.0,-3.7866599999997153,0.2672812900000452,0.0,1.8707258452763666e-12,5.000100171618922e-13,4.878297783700516e-20,True,3.2959782144832997e-17
0.387,sdf_ncp,1e-06,0.0,0.26348482000004547,0.0,-3.7964699999997134,0.26348482000004547,0.0,1.897648761394889e-12,5.000016423194415e-13,5.655434009583764e-20,True,5.204477710234638e-18
0.388,sdf_ncp,1e-06,0.0,0.25967854000004575,0.0,-3.8062799999997114,0.25967854000004575,0.0,1.925459848990584e-12,5.000006024145835e-13,5.738317506961577e-20,True,2.2551478194755562e-17
0.389,sdf_ncp,1e-06,0.0,0.25586245000004604,0.0,-3.8160899999997095,0.25586245000004604,0.0,1.9542146189035337e-12,5.000101402185644e-13,5.0958333197152125e-20,True,5.2041729228055755e-17
0.39,sdf_ncp,1e-06,0.0,0.2520365500000463,0.0,-3.8258999999997076,0.2520365500000463,0.0,1.9838575818262553e-12,5.00004620614924e-13,5.912356307842734e-20,True,8.153202480786173e-17
0.391,sdf_ncp,1e-06,0.0,0.2482008400000466,0.0,-3.8357099999997057,0.2482008400000466,0.0,2.014499738219117e-12,5.000005272058588e-13,6.003677047468588e-20,True,1.1102231869535115e-16
0.392,sdf_ncp,1e-06,0.0,0.2443553200000469,0.0,-3.845519999999704,0.2443553200000469,0.0,2.046196610328144e-12,4.999990274997449e-13,6.479274920803287e-20,True,1.4398206308462898e-16
0.393,sdf_ncp,1e-06,0.0,0.24049999000004718,0.0,-3.855329999999702,0.24049999000004718,0.0,2.0790037017446528e-12,5.0000036947965e-13,6.58315846598229e-20,True,1.752070834413016e-16
0.394,sdf_ncp,1e-06,0.0,0.23663485000004747,0.0,-3.8651399999997,0.23663485000004747,0.0,2.1129487717974365e-12,4.999973156720709e-13,6.690645416704728e-20,True,2.0990155125646342e-16
0.395,sdf_ncp,1e-06,0.0,0.23275990000004776,0.0,-3.8749499999996977,0.23275990000004776,0.0,2.148142842792473e-12,5.000015132741944e-13,6.802087324730934e-20,True,1.9949321133381598e-16
0.396,sdf_ncp,1e-06,0.0,0.22887514000004808,0.0,-3.8847599999996953,0.22887514000004808,0.0,2.184585918798871e-12,4.999974080072253e-13,7.324395053280737e-20,True,1.6132929989232249e-16
0.397,sdf_ncp,1e-06,0.0,0.2249805700000484,0.0,-3.894569999999693,0.2249805700000484,0.0,2.2224167696313513e-12,5.000005916093277e-13,7.451232860458086e-20,True,1.2490011249644142e-16
0.398,sdf_ncp,1e-06,0.0,0.22107619000004872,0.0,-3.9043799999996907,0.22107619000004872,0.0,2.261663154867688e-12,4.999998733416386e-13,7.582816616399959e-20,True,8.500148414528434e-17
0.399,sdf_ncp,1e-06,0.0,0.21716200000004904,0.0,-3.9141899999996883,0.21716200000004904,0.0,2.3024360968140664e-12,5.000016276564492e-13,7.719518552382004e-20,True,4.51028764366053e-17
0.4,sdf_ncp,1e-06,0.0,0.21323800000004936,0.0,-3.923999999999686,0.21323800000004936,0.0,2.3447911109910925e-12,4.999985669256343e-13,8.298276187859722e-20,True,1.736707136184468e-18
0.401,sdf_ncp,1e-06,0.0,0.20930419000004968,0.0,-3.9338099999996836,0.20930419000004968,0.0,2.388866966628567e-12,4.999998654680679e-13,8.454261771871909e-20,True,4.1633449261413865e-17
0.402,sdf_ncp,1e-06,0.0,0.20536057000005,0.0,-3.9436199999996813,0.20536057000005,0.0,2.4347469347438158e-12,5.000010183248646e-13,8.616523184885059e-20,True,8.847093923463473e-17
0.403,sdf_ncp,1e-06,0.0,0.20140714000005033,0.0,-3.953429999999679,0.20140714000005033,0.0,2.4825420376465e-12,5.000016917322788e-13,8.785780292136356e-20,True,1.3704318276480295e-16
0.404,sdf_ncp,1e-06,0.0,0.19744390000005066,0.0,-3.9632399999996766,0.19744390000005066,0.0,2.5323633023566354e-12,4.999996866343016e-13,9.433788454521248e-20,True,1.8561543590283985e-16
0.405,sdf_ncp,1e-06,0.0,0.193470850000051,0.0,-3.973049999999674,0.193470850000051,0.0,2.58437725781062e-12,5.000016647894216e-13,1.0108818079124382e-19,True,2.064321183922841e-16
0.406,sdf_ncp,1e-06,0.0,0.18948799000005132,0.0,-3.982859999999671,0.18948799000005132,0.0,2.638667170754423e-12,4.999957384653778e-13,1.0812781334487757e-19,True,1.5265570418005865e-16
0.40700000000000003,sdf_ncp,1e-06,0.0,0.18549532000005164,0.0,-3.992669999999668,0.18549532000005164,0.0,2.6954828363678185e-12,4.999994512866954e-13,1.1045601657648463e-19,True,9.540985511622682e-17
0.40800000000000003,sdf_ncp,1e-06,0.0,0.18149284000005197,0.0,-4.002479999999665,0.18149284000005197,0.0,2.7549075261972197e-12,4.99995990867051e-13,1.1289235630562132e-19,True,3.642936791914515e-17
0.40900000000000003,sdf_ncp,1e-06,0.0,0.1774805500000523,0.0,-4.012289999999663,0.1774805500000523,0.0,2.817218796005238e-12,5.000015413854948e-13,1.1544328761068109e-19,True,2.6021108224406815e-17
0.41000000000000003,sdf_ncp,1e-06,0.0,0.17345845000005264,0.0,-4.02209999999966,0.17345845000005264,0.0,2.8825276734754275e-12,4.999987823233055e-13,1.2348990229627626e-19,True,9.194042715961826e-17
0.41100000000000003,sdf_ncp,1e-06,0.0,0.16942654000005297,0.0,-4.031909999999657,0.16942654000005297,0.0,2.951139459335344e-12,5.000013476528144e-13,1.2642798401637282e-19,True,1.595946098668634e-16
0.41200000000000003,sdf_ncp,1e-06,0.0,0.1653848200000533,0.0,-4.041719999999654,0.1653848200000533,0.0,3.0232484535065014e-12,4.999994012986122e-13,1.3514973762104073e-19,True,2.324529850693812e-16
0.41300000000000003,sdf_ncp,1e-06,0.0,0.16133329000005364,0.0,-4.0515299999996515,0.16133329000005364,0.0,3.0991877117856113e-12,5.000021498701107e-13,1.3854448685495836e-19,True,3.087808098051034e-16
0.41400000000000003,sdf_ncp,1e-06,0.0,0.157271950000054,0.0,-4.061339999999649,0.157271950000054,0.0,3.179207045784347e-12,5.000000915444152e-13,1.4804336452821633e-19,True,3.885780868201359e-16
0.41500000000000004,sdf_ncp,1e-06,0.0,0.15320080000005437,0.0,-4.071149999999645,0.15320080000005437,0.0,3.2636950279717056e-12,5.000006892414651e-13,1.580567485424823e-19,True,4.1633366423673574e-16
0.41600000000000004,sdf_ncp,1e-06,0.0,0.14911984000005474,0.0,-4.080959999999641,0.14911984000005474,0.0,3.3530124808738066e-12,5.000006846660886e-13,1.6862775568718556e-19,True,3.261280570789718e-16
0.417,sdf_ncp,1e-06,0.0,0.1450290700000551,0.0,-4.090769999999638,0.1450290700000551,0.0,3.447575738173585e-12,4.999987030620685e-13,1.798050862208902e-19,True,2.3071829236844087e-16
0.418,sdf_ncp,1e-06,0.0,0.14092849000005547,0.0,-4.100579999999634,0.14092849000005547,0.0,3.547884400288422e-12,4.999979912273997e-13,1.9164504052793488e-19,True,1.318391234646088e-16
0.419,sdf_ncp,1e-06,0.0,0.13681810000005584,0.0,-4.11038999999963,0.13681810000005584,0.0,3.654465823218186e-12,4.999970704478522e-13,2.0421078968084194e-19,True,2.4286987205398967e-17
0.42,sdf_ncp,1e-06,0.0,0.1326979000000562,0.0,-4.120199999999627,0.1326979000000562,0.0,3.767958378250785e-12,5.000001640814967e-13,2.1055108222403401e-19,True,8.847114781876336e-17
0.421,sdf_ncp,1e-06,0.0,0.12856789000005658,0.0,-4.130009999999623,0.12856789000005658,0.0,3.889000457518124e-12,5.000005830323599e-13,2.245586629223771e-19,True,2.0990166071279479e-16
0.422,sdf_ncp,1e-06,0.0,0.12442807000005697,0.0,-4.139819999999619,0.12442807000005697,0.0,4.0183830919484225e-12,4.999996526520036e-13,2.432567074685104e-19,True,3.3827116528056376e-16
0.423,sdf_ncp,1e-06,0.0,0.12027844000005736,0.0,-4.149629999999615,0.12027844000005736,0.0,4.157022208284199e-12,5.00000146258017e-13,2.5939241789559286e-19,True,4.1112954563525275e-16
0.424,sdf_ncp,1e-06,0.0,0.11611900000005775,0.0,-4.15943999999961,0.11611900000005775,0.0,4.305930888774165e-12,5.000003888738158e-13,2.767045342500906e-19,True,2.6194339102129044e-16
0.425,sdf_ncp,1e-06,0.0,0.11194975000005813,0.0,-4.1692499999996055,0.11194975000005813,0.0,4.4662887496769254e-12,4.99999908954404e-13,2.994879988000227e-19,True,1.0061440733437152e-16
0.426,sdf_ncp,1e-06,0.0,0.10777069000005854,0.0,-4.179059999999601,0.10777069000005854,0.0,4.639483561773778e-12,5.000003446962893e-13,3.1974332717156066e-19,True,7.285908759387938e-17
0.427,sdf_ncp,1e-06,0.0,0.10358182000005894,0.0,-4.188869999999596,0.10358182000005894,0.0,4.827097406060953e-12,4.99999534637357e-13,3.506566580159942e-19,True,2.584740357783779e-16
0.428,sdf_ncp,1e-06,0.0,0.09938314000005935,0.0,-4.198679999999591,0.09938314000005935,0.0,5.0310315267667e-12,4.999997105693672e-13,3.7952657163526044e-19,True,4.2500742107070853e-16
0.429,sdf_ncp,1e-06,0.0,0.09517465000005976,0.0,-4.2084899999995855,0.09517465000005976,0.0,5.253506374573631e-12,5.000006304731281e-13,4.1098642894990214e-19,True,2.0296306279952737e-16
0.43,sdf_ncp,1e-06,0.0,0.09095635000006018,0.0,-4.21829999999958,0.09095635000006018,0.0,5.4971448568673214e-12,5.000002316022548e-13,4.505261291346186e-19,True,4.163580098594892e-17
0.431,sdf_ncp,1e-06,0.0,0.0867282400000606,0.0,-4.228109999999575,0.0867282400000606,0.0,5.765138860664662e-12,5.000003467414007e-13,4.93966764620521e-19,True,3.087811738310565e-16
0.432,sdf_ncp,1e-06,0.0,0.08249032000006104,0.0,-4.237919999999568,0.08249032000006104,0.0,6.061318661661435e-12,5.000001160227935e-13,5.475691612586533e-19,True,2.8276045677198147e-16
0.433,sdf_ncp,1e-06,0.0,0.07824259000006148,0.0,-4.247729999999562,0.07824259000006148,0.0,6.390388825645534e-12,5.000005728259578e-13,6.070543638234797e-19,True,4.684146765718622e-17
0.434,sdf_ncp,1e-06,0.0,0.07398505000006192,0.0,-4.257539999999556,0.07398505000006192,0.0,6.7581225196737805e-12,5.000000325246091e-13,6.797511432668125e-19,True,4.128647468627463e-16
0.435,sdf_ncp,1e-06,0.0,0.06971770000006237,0.0,-4.267349999999548,0.06971770000006237,0.0,7.171777829224139e-12,4.999998551649471e-13,7.681139763028502e-19,True,6.072018019784926e-17
0.436,sdf_ncp,1e-06,0.0,0.06544054000006283,0.0,-4.277159999999541,0.06544054000006283,0.0,7.640527968021845e-12,5.000002761129324e-13,8.681271337021951e-19,True,4.0766094120797494e-16
0.437,sdf_ncp,1e-06,0.0,0.0611535700000633,0.0,-4.286969999999533,0.0611535700000633,0.0,8.17614131404587e-12,5.000002301789137e-13,9.937085601578278e-19,True,5.725449875511039e-17
0.438,sdf_ncp,1e-06,0.0,0.05685679000006378,0.0,-4.296779999999524,0.05685679000006378,0.0,8.794022221705644e-12,4.999998747154121e-13,1.1548010102534882e-18,True,2.133741125145332e-16
0.439,sdf_ncp,1e-06,0.0,0.052550200000064266,0.0,-4.306589999999514,0.052550200000064266,0.0,9.51470981689603e-12,4.999999038204612e-13,5.587550120757847e-18,True,3.816800659723228e-16
0.44,sdf_ncp,1e-06,0.0,0.04823380000006476,0.0,-4.316399999999503,0.04823380000006476,0.0,1.036617480021273e-11,5.000000020791721e-13,1.6026059316614832e-18,True,4.1807142938073625e-16
0.441,sdf_ncp,1e-06,0.0,0.04390759000006527,0.0,-4.326209999999492,0.04390759000006527,0.0,1.1387552560187298e-11,4.999999889168975e-13,1.9355009709380974e-18,True,2.8450123387585173e-16
0.442,sdf_ncp,1e-06,0.0,0.039571570000065795,0.0,-4.336019999999479,0.039571570000065795,0.0,1.2635339598005655e-11,5.00000225377084e-13,9.315943115191069e-18,True,7.517259325100953e-17
0.443,sdf_ncp,1e-06,0.0,0.03522574000006633,0.0,-4.345829999999465,0.03522574000006633,0.0,1.4194169676155704e-11,5.000001305290865e-13,3.0007925974705734e-18,True,1.4227897326882646e-16
0.444,sdf_ncp,1e-06,0.0,0.030870100000066878,0.0,-4.355639999999449,0.030870100000066878,0.0,1.619690536959931e-11,5.000000884511509e-13,3.9106679308915805e-18,True,8.335850960435745e-17
0.445,sdf_ncp,1e-06,0.0,0.026504650000067447,0.0,-4.36544999999943,0.026504650000067447,0.0,1.8864620032899524e-11,5.000001513562628e-13,5.3014597797390314e-18,True,8.689803979986447e-17
0.446,sdf_ncp,1e-06,0.0,0.02212939000006804,0.0,-4.3752599999994075,0.02212939000006804,0.0,2.2594395772911755e-11,5.00000195874653e-13,7.60692550944233e-18,True,2.637876727750662e-16
0.447,sdf_ncp,1e-06,0.0,0.01774432000006866,0.0,-4.385069999999379,0.01774432000006866,0.0,2.8178044652696286e-11,5.000002412936665e-13,1.5298409692712214e-17,True,3.6981266816783653e-16
0.448,sdf_ncp,1e-06,0.0,0.01334944000006932,0.0,-4.3948799999993415,0.01334944000006932,0.0,3.7454775478941434e-11,5.000002779721963e-13,2.0903324900079917e-17,True,3.204317458284825e-17
0.449,sdf_ncp,1e-06,0.0,0.008944750000070036,0.0,-4.4046899999992855,0.008944750000070036,0.0,5.5898757568157336e-11,5.000004117616902e-13,4.65609611021818e-17,True,1.896840285445965e-16
0.45,sdf_ncp,1e-06,0.0,0.00453025000007086,0.0,-4.414499999999175,0.00453025000007086,0.0,1.1036936493041545e-10,5.000008154838354e-13,1.7978507289939338e-16,True,2.0950009347471906e-16
0.451,sdf_ncp,1e-06,0.0,0.00010594000007640471,0.0,-4.424309999994455,0.00010594000007640471,0.0,4.719652635211695e-09,5.000000005349307e-13,5.058291336642407e-18,True,2.550545144163469e-16
0.452,sdf_ncp,1e-06,0.0,-3.434906710193114e-13,0.0,-0.10594000041989537,-3.434906710193114e-13,3.434906710193114e-13,4328.17999957456,1.4870329430172478e-09,0.0,True,0.0
0.453,sdf_ncp,1e-06,0.0,6.125459353488103e-15,0.0,3.496161303727995e-10,6.125459353488103e-15,0.0,115.7500007695115,7.090219248798593e-13,0.0,True,0.0
0.454,sdf_ncp,1e-06,0.0,5.1938757945956654e-14,0.0,4.581329859246855e-11,5.1938757945956654e-14,0.0,9.809999696197169,5.09519199670693e-13,0.0,True,5.169878828456423e-26
0.455,sdf_ncp,1e-06,0.0,5.180359905513445e-14,0.0,-1.3515889082220568e-13,5.180359905513445e-14,0.0,9.809999954051543,5.081933043505735e-13,0.0,True,5.945360652724886e-25
0.456,sdf_ncp,1e-06,0.0,5.2003473498721006e-14,0.0,1.9987444358655739e-13,5.2003473498721006e-14,0.0,9.810000000335034,5.10154075039876e-13,0.0,True,5.048709793414476e-29
0.457,sdf_ncp,1e-06,0.0,5.109724784190665e-14,0.0,-9.062256568143516e-13,5.109724784190665e-14,0.0,9.8099999988939,5.012640012725856e-13,0.0,True,6.058451752097371e-28
0.458,sdf_ncp,1e-06,0.0,5.130287768165286e-14,0.0,2.0562983974620386e-13,5.130287768165286e-14,0.0,9.810000001111856,5.032812301140559e-13,0.0,True,9.895471195092372e-27
0.459,sdf_ncp,1e-06,0.0,5.1502755677953087e-14,0.0,1.9987799630022919e-13,5.1502755677953087e-14,0.0,9.809999999994249,5.052420332004236e-13,0.0,True,3.332937324558775e-27
0.46,sdf_ncp,1e-06,0.0,5.1696260105913545e-14,0.0,1.935044279604602e-13,5.1696260105913545e-14,0.0,9.809999999993627,5.071403116386824e-13,0.0,True,8.977237101415114e-28
0.461,sdf_ncp,1e-06,0.0,5.188288470383501e-14,0.0,1.8662459792146374e-13,5.188288470383501e-14,0.0,9.80999999999312,5.089710989442645e-13,0.0,True,7.241743109928888e-28
0.462,sdf_ncp,1e-06,0.0,5.008808449974534e-14,0.0,-1.7948002040896695e-12,5.008808449974534e-14,0.0,9.809999998018576,4.91364108843256e-13,0.0,True,4.0389678347315804e-28
0.463,sdf_ncp,1e-06,0.0,5.2083271286565375e-14,0.0,1.995186786820036e-12,5.2083271286565375e-14,0.0,9.810000003789987,5.109368915186013e-13,0.0,True,4.8467614016778965e-27
0.464,sdf_ncp,1e-06,0.0,5.0318019002142285e-14,0.0,-1.7652522844230914e-12,5.0318019002142285e-14,0.0,9.809999996239561,4.93619766221798e-13,0.0,True,8.077935669463161e-28
0.465,sdf_ncp,1e-06,0.0,5.203036181849514e-14,0.0,1.7123428163528518e-12,5.203036181849514e-14,0.0,9.810000003477596,5.104178496203778e-13,0.0,True,0.0
0.466,sdf_ncp,1e-06,0.0,5.2211223914829584e-14,0.0,1.8086209633444335e-13,5.2211223914829584e-14,0.0,9.80999999846852,5.121921065245178e-13,0.0,True,6.058451752097371e-28
0.467,sdf_ncp,1e-06,0.0,5.219330635176462e-14,0.0,-1.7917563064961728e-14,5.219330635176462e-14,0.0,9.80999999980122,5.12016335300436e-13,0.0,True,1.1612032524853294e-27
0.468,sdf_ncp,1e-06,0.0,5.039849904224759e-14,0.0,-1.7948073095170334e-12,5.039849904224759e-14,0.0,9.80999999822311,4.944092755148963e-13,0.0,True,1.0097419586828951e-27
0.46900000000000003,sdf_ncp,1e-06,0.0,5.211122377532091e-14,0.0,1.7127247330733217e-12,5.211122377532091e-14,0.0,9.810000003507533,5.112111054186799e-13,0.0,True,8.077935669463161e-28
0.47000000000000003,sdf_ncp,1e-06,0.0,5.034682769489442e-14,0.0,-1.7643960804264918e-12,5.034682769489442e-14,0.0,9.80999999652288,4.939023795118522e-13,0.0,True,9.693522803355793e-27
0.47100000000000003,sdf_ncp,1e-06,0.0,5.205913498411049e-14,0.0,1.7123072892160717e-12,5.205913498411049e-14,0.0,9.810000003476704,5.107001143751181e-13,0.0,True,8.077935669463161e-28
0.47200000000000003,sdf_ncp,1e-06,0.0,5.224637242514154e-14,0.0,1.8723744103105188e-13,5.224637242514154e-14,0.0,9.80999999847493,5.125369134109592e-13,0.0,True,7.472090494253424e-27
0.47300000000000003,sdf_ncp,1e-06,0.0,5.04522365785098e-14,0.0,-1.7941358466317408e-12,5.04522365785098e-14,0.0,9.809999998018627,4.949364407352164e-13,0.0,True,1.6155871338926322e-27
0.47400000000000003,sdf_ncp,1e-06,0.0,5.0388096434126775e-14,0.0,-6.41401443830196e-14,5.0388096434126775e-14,0.0,9.810000001729996,4.943072261059549e-13,0.0,True,2.2214323091023692e-26
0.47500000000000003,sdf_ncp,1e-06,0.0,5.213084870321329e-14,0.0,1.7427522690865194e-12,5.213084870321329e-14,0.0,9.810000001806893,5.114036258727172e-13,0.0,True,1.8175355256292112e-27
0.47600000000000003,sdf_ncp,1e-06,0.0,5.036705303139848e-14,0.0,-1.7637956718148103e-12,5.036705303139848e-14,0.0,9.809999996493453,4.941007900614046e-13,0.0,True,2.0194839173657902e-27
0.47700000000000004,sdf_ncp,1e-06,0.0,5.2079399400464984e-14,0.0,1.7123463690665046e-12,5.2079399400464984e-14,0.0,9.810000003476143,5.108989082995969e-13,0.0,True,1.2116903504194741e-27
0.47800000000000004,sdf_ncp,1e-06,0.0,5.209145075363761e-14,0.0,1.2051353172627356e-14,5.209145075363761e-14,0.0,9.809999998299705,5.110171318046141e-13,0.0,True,9.390600215750925e-26
0.47900000000000004,sdf_ncp,1e-06,0.0,5.207350121614961e-14,0.0,-1.79495374879979e-14,5.207350121614961e-14,0.0,9.80999999997,5.108410469288655e-13,0.0,True,5.5725134344812274e-27
0.48,sdf_ncp,1e-06,0.0,5.0278685024848454e-14,0.0,-1.7948161913011563e-12,5.0278685024848454e-14,0.0,9.809999998223134,4.932339000044248e-13,0.0,True,0.0
0.481,sdf_ncp,1e-06,0.0,5.199138844163977e-14,0.0,1.7127034167913164e-12,5.199138844163977e-14,0.0,9.81000000350752,5.10035520794847e-13,0.0,True,7.270142102516845e-27
0.482,sdf_ncp,1e-06,0.0,5.2172250537974264e-14,0.0,1.8086209633449477e-13,5.2172250537974264e-14,0.0,9.80999999846816,5.118097776976079e-13,0.0,True,1.5550026163716585e-26
0.483,sdf_ncp,1e-06,0.0,5.215392263647946e-14,0.0,-1.83279014948057e-14,5.215392263647946e-14,0.0,9.80999999980081,5.116299810534749e-13,0.0,True,7.2196550045827e-27
0.484,sdf_ncp,1e-06,0.0,5.035974948635415e-14,0.0,-1.7941731501253082e-12,5.035974948635415e-14,0.0,9.809999998224155,4.940291423717031e-13,0.0,True,6.058451752097371e-28
0.485,sdf_ncp,1e-06,0.0,5.118075374418964e-14,0.0,8.210042578354921e-13,5.118075374418964e-14,0.0,9.810000002615178,5.020831943643471e-13,0.0,True,0.0
0.486,sdf_ncp,1e-06,0.0,4.938599617266418e-14,0.0,-1.7947575715254663e-12,4.938599617266418e-14,0.0,9.809999997384239,4.844766223246536e-13,0.0,True,4.8467614016778965e-27
0.487,sdf_ncp,1e-06,0.0,5.1374795180289794e-14,0.0,1.9887990076256157e-12,5.1374795180289794e-14,0.0,9.810000003783557,5.039867409130223e-13,0.0,True,8.077935669463161e-28
0.488,sdf_ncp,1e-06,0.0,5.1555653723910614e-14,0.0,1.8085854362082035e-13,5.1555653723910614e-14,0.0,9.80999999819206,5.057609629383536e-13,0.0,True,8.481832452936319e-27
0.489,sdf_ncp,1e-06,0.0,5.1749159928227965e-14,0.0,1.935062043173487e-13,5.1749159928227965e-14,0.0,9.810000000012648,5.076592588965709e-13,0.0,True,1.4309936820709154e-27
0.49,sdf_ncp,1e-06,0.0,5.105101493522416e-14,0.0,-6.98144993003804e-13,5.105101493522416e-14,0.0,9.80999999910835,5.008104564690293e-13,0.0,True,0.0
0.491,sdf_ncp,1e-06,0.0,5.100232021355979e-14,0.0,-4.869472166437172e-14,5.100232021355979e-14,0.0,9.81000000064945,5.00332761328145e-13,0.0,True,1.454028420503369e-26
0.492,sdf_ncp,1e-06,0.0,4.9425809396036694e-14,0.0,-1.5765108175230979e-12,4.9425809396036694e-14,0.0,9.809999998472184,4.848671900996064e-13,0.0,True,1.0097419586828951e-27
0.493,sdf_ncp,1e-06,0.0,5.141408260203782e-14,0.0,1.988273206001126e-12,5.141408260203782e-14,0.0,9.810000003564785,5.043721505092712e-13,0.0,True,1.6155871338926322e-27
0.494,sdf_ncp,1e-06,0.0,4.981856654268997e-14,0.0,-1.5955160593478463e-12,4.981856654268997e-14,0.0,9.809999996416211,4.887201376052494e-13,0.0,True,3.2311742677852644e-27
0.495,sdf_ncp,1e-06,0.0,5.180684685411845e-14,0.0,1.9882803114284774e-12,5.180684685411845e-14,0.0,9.810000003583797,5.082251678245671e-13,0.0,True,2.8272774843121063e-27
0.496,sdf_ncp,1e-06,0.0,5.004246498454672e-14,0.0,-1.764381869571731e-12,5.004246498454672e-14,0.0,9.809999996247338,4.909165813106109e-13,0.0,True,2.4233807008389483e-26
0.497,sdf_ncp,1e-06,0.0,5.2031274650313363e-14,0.0,1.988809665766643e-12,5.2031274650313363e-14,0.0,9.810000003753192,5.104268045148575e-13,0.0,True,0.0
0.498,sdf_ncp,1e-06,0.0,5.2043729236488265e-14,0.0,1.2454586174900577e-14,5.2043729236488265e-14,0.0,9.809999998023645,5.105489837070931e-13,0.0,True,2.5728225107240167e-25
0.499,sdf_ncp,1e-06,0.0,5.024891659790051e-14,0.0,-1.7948126385877514e-12,5.024891659790051e-14,0.0,9.809999998192733,4.929418717345908e-13,0.0,True,2.4233807008389483e-27
0.5,sdf_ncp,1e-06,0.0,5.196125053246897e-14,0.0,1.7123339345684577e-12,5.196125053246897e-14,0.0,9.810000003507147,5.097398679057564e-13,0.0,True,3.2311742677852644e-27
0.501,sdf_ncp,1e-06,0.0,5.0372109817817505e-14,0.0,-1.589140714651467e-12,5.0372109817817505e-14,0.0,9.809999996698526,4.941503971464875e-13,0.0,True,2.0194839173657902e-27
0.502,sdf_ncp,1e-06,0.0,5.0307994542430096e-14,0.0,-6.411527538740738e-14,5.0307994542430096e-14,0.0,9.810000001525026,4.935214265379602e-13,0.0,True,3.2311742677852644e-26
0.503,sdf_ncp,1e-06,0.0,5.02748891283881e-14,0.0,-3.310541404199886e-14,5.02748891283881e-14,0.0,9.81000000003101,4.931966623510462e-13,0.0,True,1.659763344585009e-27
0.504,sdf_ncp,1e-06,0.0,5.2017639621117634e-14,0.0,1.7427504927295397e-12,5.2017639621117634e-14,0.0,9.810000001775856,5.102930447755399e-13,0.0,True,1.2116903504194741e-27
0.505,sdf_ncp,1e-06,0.0,5.22048806148622e-14,0.0,1.872409937445651e-13,5.22048806148622e-14,0.0,9.809999998444491,5.12129878750593e-13,0.0,True,2.0194839173657902e-28
0.506,sdf_ncp,1e-06,0.0,5.218692574830345e-14,0.0,-1.795486655874811e-14,5.218692574830345e-14,0.0,9.809999999794805,5.119537415801483e-13,0.0,True,6.714784025241252e-27
0.507,sdf_ncp,1e-06,0.0,5.0392081135292635e-14,0.0,-1.7948446130108178e-12,5.0392081135292635e-14,0.0,9.80999999822311,4.943463158476796e-13,0.0,True,1.0097419586828951e-27
0.508,sdf_ncp,1e-06,0.0,5.21043866481517e-14,0.0,1.7123055128590691e-12,5.21043866481517e-14,0.0,9.81000000350715,5.111440332011061e-13,0.0,True,2.0194839173657902e-27
0.509,sdf_ncp,1e-06,0.0,5.211680925990356e-14,0.0,1.2422611751856408e-14,5.211680925990356e-14,0.0,9.809999998300118,5.112658987510614e-13,0.0,True,1.7771458472818954e-26
0.51,sdf_ncp,1e-06,0.0,5.032263610977805e-14,0.0,-1.7941731501255065e-12,5.032263610977805e-14,0.0,9.809999998193405,4.936650601460101e-13,0.0,True,2.0194839173657902e-27
0.511,sdf_ncp,1e-06,0.0,5.0259126572072915e-14,0.0,-6.350953770513802e-14,5.0259126572072915e-14,0.0,9.810000001730664,4.930420317590169e-13,0.0,True,1.0501316370302109e-26
0.512,sdf_ncp,1e-06,0.0,5.223529745892704e-14,0.0,1.976170886854127e-12,5.223529745892704e-14,0.0,9.810000002039681,5.124282681786176e-13,0.0,True,4.0389678347315804e-28
0.513,sdf_ncp,1e-06,0.0,5.0471579946813065e-14,0.0,-1.7637175121139767e-12,5.0471579946813065e-14,0.0,9.809999996260112,4.951261990894781e-13,0.0,True,1.6155871338926322e-27
0.514,sdf_ncp,1e-06,0.0,5.2184306456243093e-14,0.0,1.7127265094300283e-12,5.2184306456243093e-14,0.0,9.810000003476445,5.119280465171606e-13,0.0,True,6.866245319043687e-27
0.515,sdf_ncp,1e-06,0.0,5.219640044197969e-14,0.0,1.209398573659786e-14,5.219640044197969e-14,0.0,9.809999998299368,5.120466882470539e-13,0.0,True,2.665718770922843e-26
0.516,sdf_ncp,1e-06,0.0,5.040219709378795e-14,0.0,-1.7942033481917417e-12,5.040219709378795e-14,0.0,9.809999998193703,4.944455533990185e-13,0.0,True,2.2214323091023692e-27
0.517,sdf_ncp,1e-06,0.0,5.2114545239211215e-14,0.0,1.7123481454232656e-12,5.2114545239211215e-14,0.0,9.810000003506552,5.112436889794044e-13,0.0,True,4.0389678347315804e-28
0.518,sdf_ncp,1e-06,0.0,5.212700693081353e-14,0.0,1.2461691602313685e-14,5.212700693081353e-14,0.0,9.809999998300114,5.113659379026708e-13,0.0,True,4.281305904815475e-26
0.519,sdf_ncp,1e-06,0.0,5.03328373334017e-14,0.0,-1.7941695974118355e-12,5.03328373334017e-14,0.0,9.80999999819337,4.937651341497378e-13,0.0,True,2.0194839173657902e-28
0.52,sdf_ncp,1e-06,0.0,5.20451801497544e-14,0.0,1.7123428163527025e-12,5.20451801497544e-14,0.0,9.810000003506513,5.105632174515878e-13,0.0,True,1.6155871338926322e-27
0.521,sdf_ncp,1e-06,0.0,5.221916063969286e-14,0.0,1.739804899384597e-13,5.221916063969286e-14,0.0,9.809999998461638,5.12269965795055e-13,0.0,True,1.6155871338926322e-27
0.522,sdf_ncp,1e-06,0.0,5.22012466293414e-14,0.0,-1.791401035145582e-14,5.22012466293414e-14,0.0,9.809999999808106,5.12094229423822e-13,0.0,True,2.4662947340829713e-26
0.523,sdf_ncp,1e-06,0.0,5.218326156471637e-14,0.0,-1.7985064625033194e-14,5.218326156471637e-14,0.0,9.80999999999993,5.119177959498639e-13,0.0,True,1.3647909957905708e-27
0.524,sdf_ncp,1e-06,0.0,5.216494254500553e-14,0.0,-1.8319019710839896e-14,5.216494254500553e-14,0.0,9.809999999999667,5.117380863664868e-13,0.0,True,5.448070626682613e-28
0.525,sdf_ncp,1e-06,0.0,5.0370133459131485e-14,0.0,-1.7948090858740458e-12,5.0370133459131485e-14,0.0,9.80999999822351,4.941310091445979e-13,0.0,True,4.0389678347315804e-28
0.526,sdf_ncp,1e-06,0.0,5.2082440748347376e-14,0.0,1.7123072892158903e-12,5.2082440748347376e-14,0.0,9.810000003507117,5.109287439239469e-13,0.0,True,0.0
0.527,sdf_ncp,1e-06,0.0,5.12066050043413e-14,0.0,-8.758357440060776e-13,5.12066050043413e-14,0.0,9.809999997411857,5.023367949600581e-13,0.0,True,4.0389678347315804e-28
0.528,sdf_ncp,1e-06,0.0,4.9382077468544085e-14,0.0,-1.8245275357972143e-12,4.9382077468544085e-14,0.0,9.809999999051309,4.844381799195691e-13,0.0,True,2.4233807008389483e-27
0.529,sdf_ncp,1e-06,0.0,4.9593929886298523e-14,0.0,2.118524177544394e-13,4.9593929886298523e-14,0.0,9.81000000203638,4.865164522855806e-13,0.0,True,5.6545549686242126e-27
0.53,sdf_ncp,1e-06,0.0,4.978673620602091e-14,0.0,1.9280631972238992e-13,4.978673620602091e-14,0.0,9.809999999980954,4.88407882180117e-13,0.0,True,9.466330862652142e-30
0.531,sdf_ncp,1e-06,0.0,5.175602371012231e-14,0.0,1.9692875041013963e-12,5.175602371012231e-14,0.0,9.810000001776482,5.077265926882435e-13,0.0,True,2.2214323091023692e-27
0.532,sdf_ncp,1e-06,0.0,5.193688580645659e-14,0.0,1.8086209633428048e-13,5.193688580645659e-14,0.0,9.809999998211575,5.095008496684539e-13,0.0,True,1.9992890781921323e-26
0.533,sdf_ncp,1e-06,0.0,5.1918540141393156e-14,0.0,-1.8345665063436316e-14,5.1918540141393156e-14,0.0,9.809999999800793,5.093208787767243e-13,0.0,True,1.5095642282309282e-26
0.534,sdf_ncp,1e-06,0.0,5.03424965057186e-14,0.0,-1.5760436356745524e-12,5.03424965057186e-14,0.0,9.809999998442303,4.938598906426811e-13,0.0,True,0.0
0.535,sdf_ncp,1e-06,0.0,5.0279018942436524e-14,0.0,-6.347756328208004e-14,5.0279018942436524e-14,0.0,9.810000001512567,4.932371759013526e-13,0.0,True,1.6155871338926322e-27
0.536,sdf_ncp,1e-06,0.0,5.048518701830488e-14,0.0,2.0616807586835836e-13,5.048518701830488e-14,0.0,9.810000000269646,4.952596846631841e-13,0.0,True,1.4136387421560532e-27
0.537,sdf_ncp,1e-06,0.0,5.22283567312485e-14,0.0,1.7431697129436198e-12,5.22283567312485e-14,0.0,9.810000001537002,5.123601796138229e-13,0.0,True,2.2214323091023692e-27
0.538,sdf_ncp,1e-06,0.0,5.0463934005469235e-14,0.0,-1.7644227257792698e-12,5.0463934005469235e-14,0.0,9.809999996492408,4.950511924166463e-13,0.0,True,5.2506581851510546e-27
0.539,sdf_ncp,1e-06,0.0,5.2176292809033464e-14,0.0,1.7123588035642307e-12,5.2176292809033464e-14,0.0,9.810000003476782,5.118494326380239e-13,0.0,True,2.4233807008389483e-27
0.54,sdf_ncp,1e-06,0.0,5.218875805334956e-14,0.0,1.2465244316095384e-14,5.218875805334956e-14,0.0,9.809999998300107,5.119717164146438e-13,0.0,True,1.3146840302051294e-25
0.541,sdf_ncp,1e-06,0.0,5.2170817397645633e-14,0.0,-1.794065570392188e-14,5.2170817397645633e-14,0.0,9.809999999969595,5.117957186693174e-13,0.0,True,3.1743762826093515e-27
0.542,sdf_ncp,1e-06,0.0,5.215249837793492e-14,0.0,-1.831901971071392e-14,5.215249837793492e-14,0.0,9.809999999999622,5.116160090875218e-13,0.0,True,2.1284453298994425e-28
0.543,sdf_ncp,1e-06,0.0,5.2134142054730576e-14,0.0,-1.835632320433984e-14,5.2134142054730576e-14,0.0,9.809999999999963,5.11435933556905e-13,0.0,True,1.4879580675940233e-27
0.544,sdf_ncp,1e-06,0.0,5.0339967128248326e-14,0.0,-1.7941749264822518e-12,5.0339967128248326e-14,0.0,9.809999998224182,4.938350774387214e-13,0.0,True,2.0194839173657902e-28
0.545,sdf_ncp,1e-06,0.0,5.20522726411075e-14,0.0,1.7123055128591774e-12,5.20522726411075e-14,0.0,9.810000003506481,5.106327947917849e-13,0.0,True,1.6155871338926322e-27
0.546,sdf_ncp,1e-06,0.0,5.046313370281302e-14,0.0,-1.5891389382944767e-12,5.046313370281302e-14,0.0,9.809999996698556,4.950433414579945e-13,0.0,True,2.8272774843121063e-27
0.547,sdf_ncp,1e-06,0.0,5.128758586927369e-14,0.0,8.244521664606648e-13,5.128758586927369e-14,0.0,9.810000002413592,5.031312175013622e-13,0.0,True,4.0389678347315804e-28
0.548,sdf_ncp,1e-06,0.0,5.126969495156136e-14,0.0,-1.789091771232396e-14,5.126969495156136e-14,0.0,9.809999999157657,5.029557074316303e-13,0.0,True,9.178554404427517e-26
0.549,sdf_ncp,1e-06,0.0,5.146266114339953e-14,0.0,1.9296619183816486e-13,5.146266114339953e-14,0.0,9.810000000210858,5.048487058276007e-13,0.0,True,3.0292258760486853e-28
0.55,sdf_ncp,1e-06,0.0,5.166254269241348e-14,0.0,1.9988154901394983e-13,5.166254269241348e-14,0.0,9.810000000006916,5.068095438129336e-13,0.0,True,2.01159530831358e-28
0.551,sdf_ncp,1e-06,0.0,5.007966541197798e-14,0.0,-1.5828772804354992e-12,5.007966541197798e-14,0.0,9.809999998217242,4.912815176022241e-13,0.0,True,0.0
0.552,sdf_ncp,1e-06,0.0,5.001616475605724e-14,0.0,-6.3500655920734e-14,5.001616475605724e-14,0.0,9.810000001519377,4.90658576332915e-13,0.0,True,3.089810393569659e-26
0.553,sdf_ncp,1e-06,0.0,5.199871276396502e-14,0.0,1.9825480079077783e-12,5.199871276396502e-14,0.0,9.81000000204605,5.101073723208888e-13,0.0,True,2.4233807008389483e-27
0.554,sdf_ncp,1e-06,0.0,5.201083339505478e-14,0.0,1.2120631089758919e-14,5.201083339505478e-14,0.0,9.809999998029573,5.102262755030039e-13,0.0,True,3.8733701535075856e-25
0.555,sdf_ncp,1e-06,0.0,5.021602075646769e-14,0.0,-1.794812638587089e-12,5.021602075646769e-14,0.0,9.809999998193067,4.92619163530211e-13,0.0,True,1.0097419586828951e-27
0.556,sdf_ncp,1e-06,0.0,5.2204830422234735e-14,0.0,1.9888096657670424e-12,5.2204830422234735e-14,0.0,9.810000003783623,5.121293866396461e-13,0.0,True,8.885729236409477e-27
0.557,sdf_ncp,1e-06,0.0,5.044043967087921e-14,0.0,-1.7643907513555268e-12,5.044043967087921e-14,0.0,9.8099999962468,4.948207129820119e-13,0.0,True,1.6155871338926322e-27
0.558,sdf_ncp,1e-06,0.0,5.215279669808723e-14,0.0,1.712357027208022e-12,5.215279669808723e-14,0.0,9.810000003476748,5.116189357895579e-13,0.0,True,8.077935669463161e-28
0.559,sdf_ncp,1e-06,0.0,5.2164890683824466e-14,0.0,1.2093985737237232e-14,5.2164890683824466e-14,0.0,9.809999998299737,5.11737577519624e-13,0.0,True,7.714428564337319e-26
0.56,sdf_ncp,1e-06,0.0,5.125864903979908e-14,0.0,-9.062416440253861e-13,5.125864903979908e-14,0.0,9.809999999081665,5.028473470333563e-13,0.0,True,2.0194839173657902e-28
0.561,sdf_ncp,1e-06,0.0,5.121034511663987e-14,0.0,-4.830392315921244e-14,5.121034511663987e-14,0.0,9.810000000857938,5.023734856381724e-13,0.0,True,1.6155871338926322e-27
0.562,sdf_ncp,1e-06,0.0,5.140331130847852e-14,0.0,1.9296619183865168e-13,5.140331130847852e-14,0.0,9.81000000024127,5.042664839485764e-13,0.0,True,3.887506540929146e-27
0.5630000000000001,sdf_ncp,1e-06,0.0,5.159628460574453e-14,0.0,1.9297329726601012e-13,5.159628460574453e-14,0.0,9.810000000000008,5.061595519823543e-13,0.0,True,8.417207488466416e-28
0.5640000000000001,sdf_ncp,1e-06,0.0,5.0019787999076646e-14,0.0,-1.5764966066678836e-12,5.0019787999076646e-14,0.0,9.80999999823053,4.906941201824334e-13,0.0,True,2.0194839173657902e-27
0.5650000000000001,sdf_ncp,1e-06,0.0,5.1732509179436826e-14,0.0,1.712721180360181e-12,5.1732509179436826e-14,0.0,9.810000003289218,5.074959152204347e-13,0.0,True,0.0
0.5660000000000001,sdf_ncp,1e-06,0.0,5.191974484411157e-14,0.0,1.8723566467474433e-13,5.191974484411157e-14,0.0,9.809999998474515,5.093326968415318e-13,0.0,True,4.6448130099413175e-27
0.5670000000000001,sdf_ncp,1e-06,0.0,5.1901440035256154e-14,0.0,-1.830480885541984e-14,5.1901440035256154e-14,0.0,9.80999999979446,5.091531267351951e-13,0.0,True,5.806016262426647e-28
0.5680000000000001,sdf_ncp,1e-06,0.0,5.210132158427059e-14,0.0,1.9988154901443317e-13,5.210132158427059e-14,0.0,9.810000000218187,5.111139647530623e-13,0.0,True,9.592548607487504e-28
0.5690000000000001,sdf_ncp,1e-06,0.0,5.2083032762626705e-14,0.0,-1.8288821643884923e-14,5.2083032762626705e-14,0.0,9.80999999978183,5.109345513900051e-13,0.0,True,1.8730713333567704e-26
0.5700000000000001,sdf_ncp,1e-06,0.0,5.0288218347682825e-14,0.0,-1.7948144149438779e-12,5.0288218347682825e-14,0.0,9.809999998223475,4.933274219014302e-13,0.0,True,6.058451752097371e-28
0.5710000000000001,sdf_ncp,1e-06,0.0,5.200055938767935e-14,0.0,1.7123410399965215e-12,5.200055938767935e-14,0.0,9.810000003507156,5.101254877755085e-13,0.0,True,3.2311742677852644e-27
0.5720000000000001,sdf_ncp,1e-06,0.0,5.2181421484014325e-14,0.0,1.808620963349742e-13,5.2181421484014325e-14,0.0,9.809999998468522,5.118997446782658e-13,0.0,True,2.1204581132340797e-26
0.5730000000000001,sdf_ncp,1e-06,0.0,5.216350392094988e-14,0.0,-1.791756306444778e-14,5.216350392094988e-14,0.0,9.80999999980122,5.117239734541493e-13,0.0,True,1.572673100648609e-26
0.5740000000000001,sdf_ncp,1e-06,0.0,5.2145184901239726e-14,0.0,-1.831901971015425e-14,5.2145184901239726e-14,0.0,9.809999999999599,5.115442638811408e-13,0.0,True,2.014701448127888e-27
0.5750000000000001,sdf_ncp,1e-06,0.0,5.0350375815366363e-14,0.0,-1.7948090858733618e-12,5.0350375815366363e-14,0.0,9.80999999822351,4.939371866592971e-13,0.0,True,2.0194839173657902e-27
0.5760000000000001,sdf_ncp,1e-06,0.0,5.206291758368574e-14,0.0,1.7125417683193746e-12,5.206291758368574e-14,0.0,9.810000003507351,5.107372216785601e-13,0.0,True,4.0389678347315804e-28
0.577,sdf_ncp,1e-06,0.0,5.207533664272465e-14,0.0,1.241905903891144e-14,5.207533664272465e-14,0.0,9.809999998299878,5.108590523765944e-13,0.0,True,8.623196327151924e-26
0.578,sdf_ncp,1e-06,0.0,5.205738532888033e-14,0.0,-1.7951313844314572e-14,5.205738532888033e-14,0.0,9.80999999996963,5.106829500747351e-13,0.0,True,7.573064690121713e-29
0.579,sdf_ncp,1e-06,0.0,5.0263203296971367e-14,0.0,-1.7941820319089674e-12,5.0263203296971367e-14,0.0,9.80999999822377,4.930820242540101e-13,0.0,True,2.0194839173657902e-28
0.58,sdf_ncp,1e-06,0.0,5.108419512030952e-14,0.0,8.209918233381542e-13,5.108419512030952e-14,0.0,9.810000002615174,5.011359542638305e-13,0.0,True,0.0
0.581,sdf_ncp,1e-06,0.0,5.128408555110821e-14,0.0,1.998904307986936e-13,5.128408555110821e-14,0.0,9.809999999378899,5.03096879224519e-13,0.0,True,2.4233807008389483e-27
0.582,sdf_ncp,1e-06,0.0,5.147705351930376e-14,0.0,1.9296796819555273e-13,5.147705351930376e-14,0.0,9.809999999993078,5.049898950240136e-13,0.0,True,1.9090433906348486e-27
0.583,sdf_ncp,1e-06,0.0,4.989417623886881e-14,0.0,-1.5828772804349503e-12,4.989417623886881e-14,0.0,9.809999998224155,4.894618688146987e-13,0.0,True,2.0194839173657902e-28
0.584,sdf_ncp,1e-06,0.0,5.1882458326654706e-14,0.0,1.988282087785895e-12,5.1882458326654706e-14,0.0,9.81000000357116,5.089669163697632e-13,0.0,True,1.2116903504194741e-26
0.585,sdf_ncp,1e-06,0.0,5.1894575405031327e-14,0.0,1.2117078376619144e-14,5.1894575405031327e-14,0.0,9.809999998023835,5.090857846208051e-13,0.0,True,3.9339546710285594e-25
0.586,sdf_ncp,1e-06,0.0,5.208755047865464e-14,0.0,1.929750736233133e-13,5.208755047865464e-14,0.0,9.810000000180858,5.109788702050225e-13,0.0,True,2.9534952291474682e-27
0.587,sdf_ncp,1e-06,0.0,5.20692563279407e-14,0.0,-1.8294150713937583e-14,5.20692563279407e-14,0.0,9.809999999788731,5.107994045660976e-13,0.0,True,2.1507503719945666e-26
0.588,sdf_ncp,1e-06,0.0,5.2051301461383087e-14,0.0,-1.7954866557613418e-14,5.2051301461383087e-14,0.0,9.81000000000034,5.106232673361857e-13,0.0,True,1.282983654728823e-27
0.589,sdf_ncp,1e-06,0.0,5.2032975336246036e-14,0.0,-1.832612513704899e-14,5.2032975336246036e-14,0.0,9.80999999999963,5.104434880485543e-13,0.0,True,9.207485878126497e-28
0.59,sdf_ncp,1e-06,0.0,5.201497783712428e-14,0.0,-1.799749912176037e-14,5.201497783712428e-14,0.0,9.81000000000033,5.102669325822062e-13,0.0,True,4.250974203009727e-28
0.591,sdf_ncp,1e-06,0.0,5.199701764149615e-14,0.0,-1.7960195628131543e-14,5.199701764149615e-14,0.0,9.810000000000038,5.100907430630791e-13,0.0,True,1.4213609508610682e-27
0.592,sdf_ncp,1e-06,0.0,5.2189992715119435e-14,0.0,1.9297507362329046e-13,5.2189992715119435e-14,0.0,9.810000000210936,5.119838285463304e-13,0.0,True,1.5146129380243427e-28
0.593,sdf_ncp,1e-06,0.0,5.217170744618969e-14,0.0,-1.8285268929744067e-14,5.217170744618969e-14,0.0,9.80999999978874,5.11804450036099e-13,0.0,True,2.145701662201152e-27
0.594,sdf_ncp,1e-06,0.0,5.215335467570005e-14,0.0,-1.8352770489639292e-14,5.215335467570005e-14,0.0,9.809999999999933,5.11624409368614e-13,0.0,True,1.9843179773252348e-27
0.595,sdf_ncp,1e-06,0.0,5.03591833019325e-14,0.0,-1.7941713737675512e-12,5.03591833019325e-14,0.0,9.809999998224182,4.940235881025291e-13,0.0,True,4.0389678347315804e-28
0.596,sdf_ncp,1e-06,0.0,5.2071527894643166e-14,0.0,1.7123445927106675e-12,5.2071527894643166e-14,0.0,9.810000003506516,5.108216888290391e-13,0.0,True,0.0
0.597,sdf_ncp,1e-06,0.0,5.0307760644538785e-14,0.0,-1.7637672501043781e-12,5.0307760644538785e-14,0.0,9.809999996523889,4.935191317480501e-13,0.0,True,1.6155871338926322e-27
0.598,sdf_ncp,1e-06,0.0,5.202047649582889e-14,0.0,1.7127158512901037e-12,5.202047649582889e-14,0.0,9.810000003476484,5.103208746049298e-13,0.0,True,3.2311742677852644e-27
0.599,sdf_ncp,1e-06,0.0,5.220771393686092e-14,0.0,1.8723744103202992e-13,5.220771393686092e-14,0.0,9.809999998474522,5.121576736409638e-13,0.0,True,6.058451752097371e-28
0.6,sdf_ncp,1e-06,0.0,5.0412938601767974e-14,0.0,-1.7947753350929463e-12,5.0412938601767974e-14,0.0,9.809999998017988,4.945509275834248e-13,0.0,True,8.077935669463161e-28
0.601,sdf_ncp,1e-06,0.0,5.212528319447864e-14,0.0,1.7123445927106685e-12,5.212528319447864e-14,0.0,9.81000000350712,5.113490283206452e-13,0.0,True,0.0
0.602,sdf_ncp,1e-06,0.0,5.213737540385929e-14,0.0,1.2092209380649422e-14,5.213737540385929e-14,0.0,9.809999998299748,5.11467652623213e-13,0.0,True,1.934665592836427e-25
0.603,sdf_ncp,1e-06,0.0,5.034320580644838e-14,0.0,-1.7941695974109043e-12,5.034320580644838e-14,0.0,9.809999998193739,4.938668488703256e-13,0.0,True,0.0
0.604,sdf_ncp,1e-06,0.0,5.0279058556638816e-14,0.0,-6.414724980957008e-14,5.0279058556638816e-14,0.0,9.810000001730023,4.932375645276107e-13,0.0,True,2.0194839173657902e-28
0.605,sdf_ncp,1e-06,0.0,5.2261606564547295e-14,0.0,1.982548007908482e-12,5.2261606564547295e-14,0.0,9.810000002046696,5.126863605051726e-13,0.0,True,4.4428646182047385e-27
0.606,sdf_ncp,1e-06,0.0,5.2237501950611484e-14,0.0,-2.410461393581347e-14,5.2237501950611484e-14,0.0,9.809999997993348,5.124498940306762e-13,0.0,True,4.0389678347315804e-28
0.607,sdf_ncp,1e-06,0.0,5.221955596583787e-14,0.0,-1.7945984773613024e-14,5.221955596583787e-14,0.0,9.81000000000616,5.122738440251911e-13,0.0,True,2.2324763617754634e-28
0.608,sdf_ncp,1e-06,0.0,5.220120497170487e-14,0.0,-1.8350994132996843e-14,5.220120497170487e-14,0.0,9.809999999999595,5.120938207724037e-13,0.0,True,5.612252302581736e-28
0.609,sdf_ncp,1e-06,0.0,5.218325721057442e-14,0.0,-1.7947761130453143e-14,5.218325721057442e-14,0.0,9.810000000000404,5.119177532357561e-13,0.0,True,1.5722983917186292e-28
0.61,sdf_ncp,1e-06,0.0,5.216493996722137e-14,0.0,-1.831724335305141e-14,5.216493996722137e-14,0.0,9.809999999999631,5.117380610784224e-13,0.0,True,3.013744480783723e-27
0.611,sdf_ncp,1e-06,0.0,5.037012910499143e-14,0.0,-1.794810862229936e-12,5.037012910499143e-14,0.0,9.809999998223507,4.941309664304838e-13,0.0,True,4.0389678347315804e-28
0.612,sdf_ncp,1e-06,0.0,5.2082477250415576e-14,0.0,1.7123481454241463e-12,5.2082477250415576e-14,0.0,9.81000000350716,5.109291020092384e-13,0.0,True,8.077935669463161e-28
0.613,sdf_ncp,1e-06,0.0,5.2094565907082195e-14,0.0,1.2088656666616089e-14,5.2094565907082195e-14,0.0,9.809999998299741,5.110476914599021e-13,0.0,True,3.4694733700344276e-25
0.614,sdf_ncp,1e-06,0.0,5.207624511101512e-14,0.0,-1.832079606707568e-14,5.207624511101512e-14,0.0,9.809999999969591,5.108679645374748e-13,0.0,True,1.1170270417929527e-27
0.615,sdf_ncp,1e-06,0.0,5.1169992808848595e-14,0.0,-9.062523021665243e-13,5.1169992808848595e-14,0.0,9.809999999112069,5.019776294093693e-13,0.0,True,0.0
0.616,sdf_ncp,1e-06,0.0,4.934545639126779e-14,0.0,-1.8245364175808056e-12,4.934545639126779e-14,0.0,9.809999999081716,4.840789271530239e-13,0.0,True,6.058451752097371e-28
0.617,sdf_ncp,1e-06,0.0,5.1340630743590367e-14,0.0,1.9951743523225745e-12,5.1340630743590367e-14,0.0,9.810000003819711,5.036515877907279e-13,0.0,True,1.5348077771980006e-26
0.618,sdf_ncp,1e-06,0.0,5.152786818462184e-14,0.0,1.8723744103147097e-13,5.152786818462184e-14,0.0,9.809999998192064,5.054883867979811e-13,0.0,True,4.6448130099413175e-27
0.619,sdf_ncp,1e-06,0.0,5.1727751509993e-14,0.0,1.9988332537115984e-13,5.1727751509993e-14,0.0,9.810000000012646,5.074492423136855e-13,0.0,True,1.5146129380243427e-27
0.62,sdf_ncp,1e-06,0.0,5.014487600591471e-14,0.0,-1.582875504078289e-12,5.014487600591471e-14,0.0,9.809999998217242,4.919212335286271e-13,0.0,True,2.0194839173657902e-28
0.621,sdf_ncp,1e-06,0.0,5.185720105869958e-14,0.0,1.7123250527848677e-12,5.185720105869958e-14,0.0,9.810000003295201,5.087191425567228e-13,0.0,True,8.481832452936319e-27
0.622,sdf_ncp,1e-06,0.0,5.2038061378677576e-14,0.0,1.8086031997799776e-13,5.2038061378677576e-14,0.0,9.809999998468536,5.104933820451326e-13,0.0,True,1.676171651413606e-26
0.623,sdf_ncp,1e-06,0.0,5.2020133157471944e-14,0.0,-1.792822120563152e-14,5.2020133157471944e-14,0.0,9.809999999801212,5.103175062644588e-13,0.0,True,2.6051342534018694e-26
0.624,sdf_ncp,1e-06,0.0,5.20021729618432e-14,0.0,-1.7960195628743828e-14,5.20021729618432e-14,0.0,9.809999999999969,5.101413167556802e-13,0.0,True,3.103009022590138e-27
0.625,sdf_ncp,1e-06,0.0,5.2188797559765025e-14,0.0,1.8662459792182094e-13,5.2188797559765025e-14,0.0,9.810000000204585,5.119721040719719e-13,0.0,True,1.4893693890572703e-27
0.626,sdf_ncp,1e-06,0.0,5.217051051447782e-14,0.0,-1.8287045287206698e-14,5.217051051447782e-14,0.0,9.809999999795089,5.117927081363371e-13,0.0,True,1.1738250269688656e-26
0.627,sdf_ncp,1e-06,0.0,5.126350503701131e-14,0.0,-9.070054774665097e-13,5.126350503701131e-14,0.0,9.809999999111282,5.028949843675222e-13,0.0,True,1.0097419586828951e-28
0.628,sdf_ncp,1e-06,0.0,4.9438977501214625e-14,0.0,-1.8245275357966864e-12,4.9438977501214625e-14,0.0,9.809999999082478,4.849963692415542e-13,0.0,True,1.2116903504194741e-27
0.629,sdf_ncp,1e-06,0.0,5.1427245378145554e-14,0.0,1.988267876930928e-12,5.1427245378145554e-14,0.0,9.810000003812796,5.045012773556895e-13,0.0,True,4.0389678347315804e-27
0.63,sdf_ncp,1e-06,0.0,5.1607576343785376e-14,0.0,1.80330965639819e-13,5.1607576343785376e-14,0.0,9.809999998192064,5.062703238392313e-13,0.0,True,8.077935669463161e-28
0.631,sdf_ncp,1e-06,0.0,5.0909434903495555e-14,0.0,-6.981414402898231e-13,5.0909434903495555e-14,0.0,9.809999999121528,4.994215563585689e-13,0.0,True,1.0097419586828951e-28
0.632,sdf_ncp,1e-06,0.0,4.933921416554109e-14,0.0,-1.5702207379544632e-12,4.933921416554109e-14,0.0,9.809999999127921,4.840176909209304e-13,0.0,True,7.068193710780266e-28
0.633,sdf_ncp,1e-06,0.0,5.1334393846934124e-14,0.0,1.9951796813930316e-12,5.1334393846934124e-14,0.0,9.810000003565401,5.035904038214515e-13,0.0,True,2.8272774843121063e-27
0.634,sdf_ncp,1e-06,0.0,4.974525135592637e-14,0.0,-1.5891424910077546e-12,4.974525135592637e-14,0.0,9.809999996415678,4.880009156233347e-13,0.0,True,2.8272774843121063e-27
0.635,sdf_ncp,1e-06,0.0,5.1734062798050155e-14,0.0,1.9888114421237836e-12,5.1734062798050155e-14,0.0,9.810000003577954,5.075111562339742e-13,0.0,True,1.2116903504194741e-27
0.636,sdf_ncp,1e-06,0.0,5.0138548515059475e-14,0.0,-1.5955142829906816e-12,5.0138548515059475e-14,0.0,9.809999996415675,4.918591607530206e-13,0.0,True,2.8272774843121063e-27
0.637,sdf_ncp,1e-06,0.0,5.004620515313768e-14,0.0,-9.234336192179571e-14,5.004620515313768e-14,0.0,9.810000001503171,4.909532726275087e-13,0.0,True,0.0
0.638,sdf_ncp,1e-06,0.0,5.084446493800179e-14,0.0,7.982597848641109e-13,5.084446493800179e-14,0.0,9.810000000890604,4.987842010870798e-13,0.0,True,0.0
0.639,sdf_ncp,1e-06,0.0,5.103798002410365e-14,0.0,1.935150861018589e-13,5.103798002410365e-14,0.0,9.809999999395256,5.006825840055919e-13,0.0,True,8.683780844672898e-27
0.64,sdf_ncp,1e-06,0.0,5.078668114676497e-14,0.0,-2.5129887733867906e-13,5.078668114676497e-14,0.0,9.809999999555187,4.982173420271738e-13,0.0,True,0.0
0.641,sdf_ncp,1e-06,0.0,5.075327908113134e-14,0.0,-3.340206563363354e-14,5.075327908113134e-14,0.0,9.810000000217897,4.978896677969575e-13,0.0,True,1.3782977736021518e-26
0.642,sdf_ncp,1e-06,0.0,4.89430849686718e-14,0.0,-1.8101941124595386e-12,4.89430849686718e-14,0.0,9.809999998223208,4.801316634557087e-13,0.0,True,1.4136387421560532e-27
0.643,sdf_ncp,1e-06,0.0,5.0640040982082146e-14,0.0,1.6969560134103476e-12,5.0640040982082146e-14,0.0,9.81000000350715,4.967788022118281e-13,0.0,True,1.2116903504194741e-27
0.644,sdf_ncp,1e-06,0.0,5.063674105945053e-14,0.0,-3.299922631611687e-15,5.063674105945053e-14,0.0,9.809999998299745,4.967464297071143e-13,0.0,True,1.5451071451765661e-24
0.645,sdf_ncp,1e-06,0.0,5.2379521750248434e-14,0.0,1.7427806907979002e-12,5.2379521750248434e-14,0.0,9.810000001746081,5.13843108461396e-13,0.0,True,8.077935669463161e-28
0.646,sdf_ncp,1e-06,0.0,5.061514698610593e-14,0.0,-1.764374764142502e-12,5.061514698610593e-14,0.0,9.809999996492845,4.965345917561841e-13,0.0,True,8.077935669463161e-28
0.647,sdf_ncp,1e-06,0.0,5.143958494171385e-14,0.0,8.244379556079195e-13,5.143958494171385e-14,0.0,9.810000002588813,5.046223284113803e-13,0.0,True,4.0389678347315804e-28
0.648,sdf_ncp,1e-06,0.0,4.9645484622220824e-14,0.0,-1.7941003194930265e-12,4.9645484622220824e-14,0.0,9.809999997381462,4.870222040139877e-13,0.0,True,4.0389678347315804e-28
0.649,sdf_ncp,1e-06,0.0,5.0742641314311345e-14,0.0,1.097156692090521e-12,5.0742641314311345e-14,0.0,9.810000002891258,4.977853114401043e-13,0.0,True,4.0389678347315804e-28
0.65,sdf_ncp,1e-06,0.0,5.0936161729485275e-14,0.0,1.9352041517393073e-13,5.0936161729485275e-14,0.0,9.809999999096364,4.996837465202228e-13,0.0,True,4.13994203059987e-27
0.651,sdf_ncp,1e-06,0.0,5.112965727566345e-14,0.0,1.9349554617817686e-13,5.112965727566345e-14,0.0,9.809999999999976,5.015819378742572e-13,0.0,True,2.2644467988522915e-27
0.652,sdf_ncp,1e-06,0.0,5.132953349560876e-14,0.0,1.9987621994530321e-13,5.132953349560876e-14,0.0,9.810000000006381,5.035427235922494e-13,0.0,True,6.539656904282188e-28
0.653,sdf_ncp,1e-06,0.0,4.9739740857999345e-14,0.0,-1.5897926376094128e-12,4.9739740857999345e-14,0.0,9.809999998210332,4.879468577279559e-13,0.0,True,0.0
0.654,sdf_ncp,1e-06,0.0,5.172854697105419e-14,0.0,1.9888061130548407e-12,5.172854697105419e-14,0.0,9.8100000035786,5.074570459711573e-13,0.0,True,1.2116903504194741e-26
0.655,sdf_ncp,1e-06,0.0,5.191578796480086e-14,0.0,1.8724099374666726e-13,5.191578796480086e-14,0.0,9.809999998198435,5.092938798411668e-13,0.0,True,6.058451752097371e-27
0.656,sdf_ncp,1e-06,0.0,5.1897479603233166e-14,0.0,-1.8308361567693695e-14,5.1897479603233166e-14,0.0,9.809999999794451,5.091142748970499e-13,0.0,True,3.7865323450608567e-28
0.657,sdf_ncp,1e-06,0.0,5.119933638658808e-14,0.0,-6.981432166450817e-13,5.119933638658808e-14,0.0,9.809999999320166,5.02265489917622e-13,0.0,True,0.0
0.658,sdf_ncp,1e-06,0.0,5.026259291927476e-14,0.0,-9.367434673133233e-13,5.026259291927476e-14,0.0,9.8099999997614,4.930760365260928e-13,0.0,True,1.0097419586828951e-28
0.659,sdf_ncp,1e-06,0.0,5.223820958279705e-14,0.0,1.9756166635222964e-12,5.223820958279705e-14,0.0,9.81000000291236,5.124568361593756e-13,0.0,True,3.6350710512584224e-27
0.66,sdf_ncp,1e-06,0.0,5.2250347977456765e-14,0.0,1.2138394659714904e-14,5.2250347977456765e-14,0.0,9.809999998036522,5.125759135562584e-13,0.0,True,9.128067306493372e-26
0.661,sdf_ncp,1e-06,0.0,5.2232041392245996e-14,0.0,-1.8306585210766733e-14,5.2232041392245996e-14,0.0,9.809999999969556,5.123963260563431e-13,0.0,True,7.446846945286351e-28
0.662,sdf_ncp,1e-06,0.0,5.221372592525103e-14,0.0,-1.8315466994966114e-14,5.221372592525103e-14,0.0,9.809999999999992,5.122166513267122e-13,0.0,True,2.380592700450486e-27
0.663,sdf_ncp,1e-06,0.0,5.219540868189922e-14,0.0,-1.8317243351806624e-14,5.219540868189922e-14,0.0,9.809999999999999,5.120369591694312e-13,0.0,True,1.1097316191636139e-27
0.664,sdf_ncp,1e-06,0.0,5.0400601372384205e-14,0.0,-1.794807309515013e-12,5.0400601372384205e-14,0.0,9.80999999822351,4.944298993735529e-13,0.0,True,8.077935669463161e-28
0.665,sdf_ncp,1e-06,0.0,5.122488478494719e-14,0.0,8.242834125629863e-13,5.122488478494719e-14,0.0,9.810000002619091,5.025161198744945e-13,0.0,True,0.0
0.666,sdf_ncp,1e-06,0.0,5.120662438501424e-14,0.0,-1.8260399932949136e-14,5.120662438501424e-14,0.0,9.809999999157457,5.023369851738459e-13,0.0,True,2.6253290925755273e-27
0.667,sdf_ncp,1e-06,0.0,5.139324187751036e-14,0.0,1.8661749249611706e-13,5.139324187751036e-14,0.0,9.810000000204878,5.04167702828906e-13,0.0,True,1.0854726055841122e-27
0.668,sdf_ncp,1e-06,0.0,5.158674452911599e-14,0.0,1.9350265160563305e-13,5.158674452911599e-14,0.0,9.810000000006886,5.060659638309831e-13,0.0,True,6.145226451671682e-28
0.669,sdf_ncp,1e-06,0.0,5.178025250979214e-14,0.0,1.9350798067615084e-13,5.178025250979214e-14,0.0,9.810000000000006,5.079642771210612e-13,0.0,True,4.0369494601498626e-28
0.67,sdf_ncp,1e-06,0.0,5.019737700571545e-14,0.0,-1.5828755040766896e-12,5.019737700571545e-14,0.0,9.809999998223617,4.924362683368988e-13,0.0,True,1.0097419586828951e-27
0.671,sdf_ncp,1e-06,0.0,5.1021681734560504e-14,0.0,8.243047288450567e-13,5.1021681734560504e-14,0.0,9.81000000240718,5.00522697938857e-13,0.0,True,0.0
0.672,sdf_ncp,1e-06,0.0,5.1221570389003787e-14,0.0,1.99888654443283e-13,5.1221570389003787e-14,0.0,9.809999999375584,5.024836054841436e-13,0.0,True,5.2506581851510546e-27
0.673,sdf_ncp,1e-06,0.0,5.141506948789575e-14,0.0,1.934990988919615e-13,5.141506948789575e-14,0.0,9.809999999993611,5.043818316759288e-13,0.0,True,1.1967019932202749e-27
0.674,sdf_ncp,1e-06,0.0,4.9838567552158834e-14,0.0,-1.5765019357369163e-12,4.9838567552158834e-14,0.0,9.80999999823,4.889163475984639e-13,0.0,True,1.4136387421560532e-27
0.675,sdf_ncp,1e-06,0.0,5.0942094259875543e-14,0.0,1.1035267077167083e-12,5.0942094259875543e-14,0.0,9.81000000268003,4.997419448259054e-13,0.0,True,0.0
0.676,sdf_ncp,1e-06,0.0,5.0035923670125225e-14,0.0,-9.061705897503203e-13,5.0035923670125225e-14,0.0,9.809999997990303,4.908524111033714e-13,0.0,True,8.077935669463161e-28
0.677,sdf_ncp,1e-06,0.0,5.023568797958974e-14,0.0,1.9976430946451727e-13,5.023568797958974e-14,0.0,9.810000001105935,4.928120991353328e-13,0.0,True,6.866245319043687e-27
0.678,sdf_ncp,1e-06,0.0,5.197847044674457e-14,0.0,1.7427824671548302e-12,5.197847044674457e-14,0.0,9.810000001543019,5.09908795162768e-13,0.0,True,4.0389678347315804e-28
0.679,sdf_ncp,1e-06,0.0,5.215879963602921e-14,0.0,1.8032918928464175e-13,5.215879963602921e-14,0.0,9.809999998437547,5.116778243479509e-13,0.0,True,2.0194839173657902e-27
0.68,sdf_ncp,1e-06,0.0,5.036461760412167e-14,0.0,-1.7941820319075463e-12,5.036461760412167e-14,0.0,9.80999999802549,4.940768985969881e-13,0.0,True,4.0389678347315804e-28
0.681,sdf_ncp,1e-06,0.0,5.2076962196833375e-14,0.0,1.7123445927117098e-12,5.2076962196833375e-14,0.0,9.810000003506527,5.108749993335446e-13,0.0,True,1.2116903504194741e-27
0.682,sdf_ncp,1e-06,0.0,5.0313159419593255e-14,0.0,-1.7638027772401226e-12,5.0313159419593255e-14,0.0,9.809999996523853,4.935720937313139e-13,0.0,True,8.077935669463161e-28
0.683,sdf_ncp,1e-06,0.0,5.2025507565018646e-14,0.0,1.7123481454253897e-12,5.2025507565018646e-14,0.0,9.810000003476151,5.103702293936815e-13,0.0,True,1.2116903504194741e-27
0.684,sdf_ncp,1e-06,0.0,5.0436365074012554e-14,0.0,-1.5891424910060931e-12,5.0436365074012554e-14,0.0,9.80999999669851,4.94780741209548e-13,0.0,True,1.6155871338926322e-27
0.685,sdf_ncp,1e-06,0.0,5.037225157498421e-14,0.0,-6.411349902834539e-14,5.037225157498421e-14,0.0,9.81000000152503,4.941517880274143e-13,0.0,True,4.180331708947186e-26
0.686,sdf_ncp,1e-06,0.0,5.211500739678649e-14,0.0,1.7427558218022815e-12,5.211500739678649e-14,0.0,9.81000000180687,5.112482226566405e-13,0.0,True,1.8175355256292112e-27
0.687,sdf_ncp,1e-06,0.0,5.0350575789225257e-14,0.0,-1.7644316075612334e-12,5.0350575789225257e-14,0.0,9.809999996492813,4.939391483157109e-13,0.0,True,2.8272774843121063e-27
0.6880000000000001,sdf_ncp,1e-06,0.0,5.1174995981264914e-14,0.0,8.244201920396554e-13,5.1174995981264914e-14,0.0,9.810000002588852,5.020267107086933e-13,0.0,True,4.0389678347315804e-28
0.6890000000000001,sdf_ncp,1e-06,0.0,5.115673025226148e-14,0.0,-1.8265729003429995e-14,5.115673025226148e-14,0.0,9.809999999157315,5.018475237315761e-13,0.0,True,6.058451752097371e-28
0.6900000000000001,sdf_ncp,1e-06,0.0,5.0458578153832323e-14,0.0,-6.981520984291608e-13,5.0458578153832323e-14,0.0,9.809999999320114,4.94998651654789e-13,0.0,True,1.0097419586828951e-28
0.6910000000000001,sdf_ncp,1e-06,0.0,5.063037950506045e-14,0.0,1.718013512281262e-13,5.063037950506045e-14,0.0,9.810000000869953,4.966840229886891e-13,0.0,True,4.511294083535629e-19
0.6920000000000001,sdf_ncp,1e-06,0.0,5.081699034325865e-14,0.0,1.866108381982075e-13,5.081699034325865e-14,0.0,9.81000000001481,4.985146752681199e-13,0.0,True,1.4199496293978212e-27
0.6930000000000001,sdf_ncp,1e-06,0.0,5.100360473417054e-14,0.0,1.8661439091188605e-13,5.100360473417054e-14,0.0,9.810000000000004,5.003453624422132e-13,0.0,True,2.607154476876334e-28
0.6940000000000001,sdf_ncp,1e-06,0.0,5.120347962888855e-14,0.0,1.998748947180084e-13,5.120347962888855e-14,0.0,9.810000000013261,5.023061351600757e-13,0.0,True,5.238036410667518e-28
0.6950000000000001,sdf_ncp,1e-06,0.0,5.139645160092865e-14,0.0,1.9297197204010057e-13,5.139645160092865e-14,0.0,9.809999999993098,5.041991902047552e-13,0.0,True,1.5477450960436252e-27
0.6960000000000001,sdf_ncp,1e-06,0.0,5.159633182471718e-14,0.0,1.998802237885289e-13,5.159633182471718e-14,0.0,9.810000000006909,5.06160015200832e-13,0.0,True,7.494178599599612e-28
0.6970000000000001,sdf_ncp,1e-06,0.0,4.99915169884465e-14,0.0,-1.6048148362706738e-12,4.99915169884465e-14,0.0,9.809999998195305,4.904167815664408e-13,0.0,True,0.0
0.6980000000000001,sdf_ncp,1e-06,0.0,5.1973449051662396e-14,0.0,1.9819320632158963e-12,5.1973449051662396e-14,0.0,9.810000003586747,5.098595353832238e-13,0.0,True,4.0389678347315804e-28
0.6990000000000001,sdf_ncp,1e-06,0.0,5.198556658116964e-14,0.0,1.2117529507244982e-14,5.198556658116964e-14,0.0,9.809999998030186,5.099784080588722e-13,0.0,True,1.6196261017273638e-25
0.7000000000000001,sdf_ncp,1e-06,0.0,5.107917795065768e-14,0.0,-9.063886305119604e-13,5.107917795065768e-14,0.0,9.809999999081494,5.010867356490353e-13,0.0,True,4.0389678347315804e-28
0.7010000000000001,sdf_ncp,1e-06,0.0,5.040006529596279e-14,0.0,-6.791126546948953e-13,5.040006529596279e-14,0.0,9.810000000227276,4.944246405648498e-13,0.0,True,2.524354896707238e-29
0.7020000000000001,sdf_ncp,1e-06,0.0,5.239013840257382e-14,0.0,1.9900731066110302e-12,5.239013840257382e-14,0.0,9.810000002669186,5.139472578690882e-13,0.0,True,0.0
0.7030000000000001,sdf_ncp,1e-06,0.0,4.989667618839758e-14,0.0,-2.493462214176238e-12,4.989667618839758e-14,0.0,9.809999995516465,4.894863931844668e-13,0.0,True,0.0
0.704,sdf_ncp,1e-06,0.0,5.188546498901373e-14,0.0,1.988788800616151e-12,5.188546498901373e-14,0.0,9.810000004482252,5.089964117747884e-13,0.0,True,7.270142102516845e-27
0.705,sdf_ncp,1e-06,0.0,5.189794311895914e-14,0.0,1.247812994541038e-14,5.189794311895914e-14,0.0,9.80999999802369,5.091188218944228e-13,0.0,True,2.4031858616652904e-25
0.706,sdf_ncp,1e-06,0.0,5.1206166816355926e-14,0.0,-6.917763026032129e-13,5.1206166816355926e-14,0.0,9.809999999295746,5.023324964323895e-13,0.0,True,1.0097419586828951e-28
0.707,sdf_ncp,1e-06,0.0,4.938103221765121e-14,0.0,-1.825134598704716e-12,4.938103221765121e-14,0.0,9.809999998866642,4.84427925999192e-13,0.0,True,2.2214323091023692e-27
0.708,sdf_ncp,1e-06,0.0,5.0478180479087006e-14,0.0,1.0971482614357964e-12,5.0478180479087006e-14,0.0,9.810000002922283,4.95190950647355e-13,0.0,True,0.0
0.709,sdf_ncp,1e-06,0.0,4.978353358383132e-14,0.0,-6.94646895255682e-13,4.978353358383132e-14,0.0,9.809999998208205,4.883764643681834e-13,0.0,True,4.0389678347315804e-28
0.71,sdf_ncp,1e-06,0.0,4.998967546547867e-14,0.0,2.0614188164734751e-13,4.998967546547867e-14,0.0,9.81000000090079,4.903987163613759e-13,0.0,True,1.9185097214975007e-27
0.711,sdf_ncp,1e-06,0.0,5.1074195606143175e-14,0.0,1.0845201406645014e-12,5.1074195606143175e-14,0.0,9.810000000878379,5.01037858941127e-13,0.0,True,2.0194839173657902e-28
0.712,sdf_ncp,1e-06,0.0,5.105633000855792e-14,0.0,-1.786559758525356e-14,5.105633000855792e-14,0.0,9.809999998897615,5.008625973276695e-13,0.0,True,3.2311742677852644e-26
0.713,sdf_ncp,1e-06,0.0,5.0358176584901233e-14,0.0,-6.981534236566887e-13,5.0358176584901233e-14,0.0,9.809999999319713,4.940137122636231e-13,0.0,True,0.0
0.714,sdf_ncp,1e-06,0.0,5.2340707280371907e-14,0.0,1.9825306954706753e-12,5.2340707280371907e-14,0.0,9.810000002680685,5.134623385607573e-13,0.0,True,4.0389678347315804e-28
0.715,sdf_ncp,1e-06,0.0,4.9847246842552243e-14,0.0,-2.49346043781966e-12,4.9847246842552243e-14,0.0,9.80999999552401,4.890014913023217e-13,0.0,True,0.0
0.716,sdf_ncp,1e-06,0.0,5.1842416316935254e-14,0.0,1.9951694743830117e-12,5.1842416316935254e-14,0.0,9.81000000448863,5.085741043018362e-13,0.0,True,2.4233807008389483e-27
0.717,sdf_ncp,1e-06,0.0,5.183924474312552e-14,0.0,-3.1715738097308932e-15,5.183924474312552e-14,0.0,9.80999999800166,5.085429908264688e-13,0.0,True,0.0
0.718,sdf_ncp,1e-06,0.0,5.203222026787921e-14,0.0,1.9297552475368374e-13,5.203222026787921e-14,0.0,9.810000000196148,5.104360808381011e-13,0.0,True,4.291403324402304e-28
0.719,sdf_ncp,1e-06,0.0,5.201392301558199e-14,0.0,-1.8297252297215186e-14,5.201392301558199e-14,0.0,9.809999999788728,5.102565847718702e-13,0.0,True,9.264382470915563e-27
0.72,sdf_ncp,1e-06,0.0,5.19955547090112e-14,0.0,-1.8368306570793665e-14,5.19955547090112e-14,0.0,9.80999999999993,5.100763916953962e-13,0.0,True,2.4691962630999873e-27
0.721,sdf_ncp,1e-06,0.0,5.2195440261870154e-14,0.0,1.9988555285895953e-13,5.2195440261870154e-14,0.0,9.810000000218254,5.120372689803381e-13,0.0,True,2.0194839173657902e-27
0.722,sdf_ncp,1e-06,0.0,5.217752492629343e-14,0.0,-1.7915335576728037e-14,5.217752492629343e-14,0.0,9.8099999997822,5.118615195155742e-13,0.0,True,1.655976812239948e-26
0.723,sdf_ncp,1e-06,0.0,5.2159208134070993e-14,0.0,-1.8316792222431703e-14,5.2159208134070993e-14,0.0,9.809999999999599,5.116818317952156e-13,0.0,True,7.904879308380301e-28
0.724,sdf_ncp,1e-06,0.0,5.036503365872018e-14,0.0,-1.7941744753508094e-12,5.036503365872018e-14,0.0,9.809999998224143,4.940809801026039e-13,0.0,True,1.4136387421560532e-27
0.725,sdf_ncp,1e-06,0.0,5.207774818478387e-14,0.0,1.7127145260636849e-12,5.207774818478387e-14,0.0,9.81000000350689,5.108827098753607e-13,0.0,True,1.6155871338926322e-27
0.726,sdf_ncp,1e-06,0.0,5.2090206774804044e-14,0.0,1.2458590020177381e-14,5.2090206774804044e-14,0.0,9.809999998299745,5.11004928372261e-13,0.0,True,3.2311742677852644e-27
0.727,sdf_ncp,1e-06,0.0,5.029539814006157e-14,0.0,-1.7948086347424752e-12,5.029539814006157e-14,0.0,9.809999998192733,4.933978556631068e-13,0.0,True,1.8175355256292112e-27
0.728,sdf_ncp,1e-06,0.0,5.023124778866896e-14,0.0,-6.415035139261417e-14,5.023124778866896e-14,0.0,9.810000001730659,4.927685408937756e-13,0.0,True,2.1406529524077376e-26
0.729,sdf_ncp,1e-06,0.0,5.132213261588905e-14,0.0,1.0908848272200926e-12,5.132213261588905e-14,0.0,9.810000001155036,5.034701210211504e-13,0.0,True,2.0194839173657902e-28
0.73,sdf_ncp,1e-06,0.0,4.952742878620011e-14,0.0,-1.7947038296889393e-12,4.952742878620011e-14,0.0,9.809999997114412,4.858640762497073e-13,0.0,True,1.0501316370302109e-26
0.731,sdf_ncp,1e-06,0.0,4.971153140854103e-14,0.0,1.8410262234091886e-13,4.971153140854103e-14,0.0,9.810000001978807,4.87670123216157e-13,0.0,True,4.0389678347315804e-28
0.732,sdf_ncp,1e-06,0.0,5.168716628676119e-14,0.0,1.9756348782201654e-12,5.168716628676119e-14,0.0,9.810000001791533,5.070511013657266e-13,0.0,True,2.0194839173657902e-28
0.733,sdf_ncp,1e-06,0.0,5.18744059552805e-14,0.0,1.8723966851930358e-13,5.18744059552805e-14,0.0,9.809999998211605,5.088879223285297e-13,0.0,True,4.2409162264681595e-27
0.734,sdf_ncp,1e-06,0.0,5.185605896499179e-14,0.0,-1.8346990288708416e-14,5.185605896499179e-14,0.0,9.809999999794414,5.087079384359086e-13,0.0,True,2.400661506768583e-26
0.735,sdf_ncp,1e-06,0.0,5.027318391204447e-14,0.0,-1.5828750529473192e-12,5.027318391204447e-14,0.0,9.809999998435472,4.931799340985024e-13,0.0,True,8.077935669463161e-28
0.736,sdf_ncp,1e-06,0.0,5.19855538248813e-14,0.0,1.71236991283683e-12,5.19855538248813e-14,0.0,9.810000003295245,5.099782831933907e-13,0.0,True,8.077935669463161e-28
0.737,sdf_ncp,1e-06,0.0,5.2166416372347114e-14,0.0,1.8086254746581522e-13,5.2166416372347114e-14,0.0,9.809999998468493,5.11752544532832e-13,0.0,True,1.5953922947189743e-26
0.738,sdf_ncp,1e-06,0.0,5.214812622547725e-14,0.0,-1.8290146869863884e-14,5.214812622547725e-14,0.0,9.809999999800848,5.115731182615464e-13,0.0,True,1.1612032524853294e-27
0.739,sdf_ncp,1e-06,0.0,5.2129807656897954e-14,0.0,-1.831856857929273e-14,5.2129807656897954e-14,0.0,9.809999999999972,5.113934131141674e-13,0.0,True,1.5587644968134312e-27
0.74,sdf_ncp,1e-06,0.0,5.2111856794184415e-14,0.0,-1.7950862713538113e-14,5.2111856794184415e-14,0.0,9.810000000000368,5.112173151509683e-13,0.0,True,1.2356520004155624e-27
0.741,sdf_ncp,1e-06,0.0,5.03176787661199e-14,0.0,-1.7941780280645121e-12,5.03176787661199e-14,0.0,9.809999998223773,4.936164286062606e-13,0.0,True,2.0194839173657902e-28
0.742,sdf_ncp,1e-06,0.0,5.203038796311305e-14,0.0,1.7127091969931476e-12,5.203038796311305e-14,0.0,9.810000003506888,5.104181061006038e-13,0.0,True,6.462348535570529e-27
0.743,sdf_ncp,1e-06,0.0,5.2217627631632327e-14,0.0,1.8723966851927437e-13,5.2217627631632327e-14,0.0,9.809999998474531,5.122549269866568e-13,0.0,True,4.0389678347315804e-27
0.744,sdf_ncp,1e-06,0.0,5.2199712296055606e-14,0.0,-1.7915335576722653e-14,5.2199712296055606e-14,0.0,9.809999999794845,5.120791776135965e-13,0.0,True,1.6711229416201914e-26
0.745,sdf_ncp,1e-06,0.0,5.218139550383318e-14,0.0,-1.831679222242532e-14,5.218139550383318e-14,0.0,9.809999999999599,5.118994898925825e-13,0.0,True,1.790763558658273e-27
0.746,sdf_ncp,1e-06,0.0,5.2163076935253916e-14,0.0,-1.8318568579264772e-14,5.2163076935253916e-14,0.0,9.809999999999999,5.117197847348409e-13,0.0,True,5.265800616745805e-29
0.747,sdf_ncp,1e-06,0.0,5.0368268300511444e-14,0.0,-1.7948086347424704e-12,5.0368268300511444e-14,0.0,9.80999999822351,4.941127119385386e-13,0.0,True,0.0
0.748,sdf_ncp,1e-06,0.0,5.0304759213937865e-14,0.0,-6.350908657357742e-14,5.0304759213937865e-14,0.0,9.8100000017313,4.934896879758231e-13,0.0,True,2.9888361977013695e-26
0.749,sdf_ncp,1e-06,0.0,5.204783700745745e-14,0.0,1.7430777935195854e-12,5.204783700745745e-14,0.0,9.810000001806587,5.105892811371865e-13,0.0,True,1.2116903504194741e-27
0.75,sdf_ncp,1e-06,0.0,5.0282549647029e-14,0.0,-1.7652873604284485e-12,5.0282549647029e-14,0.0,9.809999996491635,4.932718118609449e-13,0.0,True,8.077935669463161e-28
0.751,sdf_ncp,1e-06,0.0,5.1994892914513287e-14,0.0,1.7123432674842897e-12,5.1994892914513287e-14,0.0,9.810000003477631,5.100698996721945e-13,0.0,True,7.270142102516845e-27
0.752,sdf_ncp,1e-06,0.0,5.2175226107641017e-14,0.0,1.8033319312773e-13,5.2175226107641017e-14,0.0,9.80999999846799,5.118389680360255e-13,0.0,True,1.0501316370302109e-26
0.753,sdf_ncp,1e-06,0.0,5.215726991585701e-14,0.0,-1.7956191784004275e-14,5.215726991585701e-14,0.0,9.809999999801711,5.11662817864215e-13,0.0,True,2.5243548967072378e-27
0.754,sdf_ncp,1e-06,0.0,5.2138951347277774e-14,0.0,-1.831856857924023e-14,5.2138951347277774e-14,0.0,9.809999999999638,5.114831127167761e-13,0.0,True,1.6965439842909385e-27
0.755,sdf_ncp,1e-06,0.0,5.0344103632684864e-14,0.0,-1.7948477145929128e-12,5.0344103632684864e-14,0.0,9.809999998223471,4.938756565472008e-13,0.0,True,4.0389678347315804e-28
0.756,sdf_ncp,1e-06,0.0,5.0279958610362776e-14,0.0,-6.414502232209023e-14,5.0279958610362776e-14,0.0,9.810000001730703,4.932463940546785e-13,0.0,True,2.0194839173657902e-27
0.757,sdf_ncp,1e-06,0.0,5.224924834195262e-14,0.0,1.969289731589845e-12,5.224924834195262e-14,0.0,9.810000002033435,5.125651263408006e-13,0.0,True,1.6155871338926322e-27
0.758,sdf_ncp,1e-06,0.0,5.226138008231436e-14,0.0,1.2131740361745494e-14,5.226138008231436e-14,0.0,9.809999998042843,5.126841385052201e-13,0.0,True,1.25208002876679e-26
0.759,sdf_ncp,1e-06,0.0,5.0467218041461445e-14,0.0,-1.7941620408529175e-12,5.0467218041461445e-14,0.0,9.809999998193707,4.950834088955781e-13,0.0,True,0.0
0.76,sdf_ncp,1e-06,0.0,5.040307834820986e-14,0.0,-6.413969325158357e-14,5.040307834820986e-14,0.0,9.810000001730023,4.944541986831372e-13,0.0,True,4.0389678347315804e-28
0.761,sdf_ncp,1e-06,0.0,5.21458346211415e-14,0.0,1.7427562729316359e-12,5.21458346211415e-14,0.0,9.810000001806896,5.115506377276202e-13,0.0,True,2.0194839173657902e-28
0.762,sdf_ncp,1e-06,0.0,5.0381442544560094e-14,0.0,-1.7643920765814048e-12,5.0381442544560094e-14,0.0,9.809999996492852,4.942419511854393e-13,0.0,True,4.4428646182047385e-27
0.763,sdf_ncp,1e-06,0.0,5.1205863187729114e-14,0.0,8.244206431690175e-13,5.1205863187729114e-14,0.0,9.810000002588813,5.023295180041851e-13,0.0,True,4.0389678347315804e-28
0.764,sdf_ncp,1e-06,0.0,4.941174555579719e-14,0.0,-1.794117631931924e-12,4.941174555579719e-14,0.0,9.809999997381462,4.847292237729839e-13,0.0,True,4.0389678347315804e-27
0.765,sdf_ncp,1e-06,0.0,5.0515260280145425e-14,0.0,1.1035147243482309e-12,5.0515260280145425e-14,0.0,9.810000002897633,4.955547034946013e-13,0.0,True,4.0389678347315804e-28
0.766,sdf_ncp,1e-06,0.0,5.070239691996807e-14,0.0,1.8713663982264877e-13,5.070239691996807e-14,0.0,9.809999999083622,4.973905137384242e-13,0.0,True,2.2214323091023692e-26
0.767,sdf_ncp,1e-06,0.0,5.089588758820525e-14,0.0,1.9349066823718318e-13,5.089588758820525e-14,0.0,9.810000000006355,4.99288657240617e-13,0.0,True,2.808344822586802e-28
0.768,sdf_ncp,1e-06,0.0,5.108885067846113e-14,0.0,1.9296309025588142e-13,5.108885067846113e-14,0.0,9.809999999999473,5.011816251556768e-13,0.0,True,1.0620039936537871e-28
0.769,sdf_ncp,1e-06,0.0,4.951229590314845e-14,0.0,-1.576554775312678e-12,4.951229590314845e-14,0.0,9.809999998230483,4.857156227222734e-13,0.0,True,0.0
0.77,sdf_ncp,1e-06,0.0,5.1494219084580134e-14,0.0,1.9819231814316785e-12,5.1494219084580134e-14,0.0,9.810000003558478,5.051582894029722e-13,0.0,True,1.6155871338926322e-27
0.771,sdf_ncp,1e-06,0.0,5.078979867399412e-14,0.0,-7.044204105860136e-13,5.078979867399412e-14,0.0,9.809999997313657,4.982479248554435e-13,0.0,True,4.0389678347315804e-28
0.772,sdf_ncp,1e-06,0.0,4.921958016352759e-14,0.0,-1.5702185104665333e-12,4.921958016352759e-14,0.0,9.809999999134202,4.828440813615915e-13,0.0,True,1.8175355256292112e-27
0.773,sdf_ncp,1e-06,0.0,5.1208383174998263e-14,0.0,1.9888030114706782e-12,5.1208383174998263e-14,0.0,9.810000003559022,5.023542391289847e-13,0.0,True,4.0389678347315804e-28
0.774,sdf_ncp,1e-06,0.0,5.0503959211698573e-14,0.0,-7.044239632996906e-13,5.0503959211698573e-14,0.0,9.809999997306774,4.954438397307444e-13,0.0,True,0.0
0.775,sdf_ncp,1e-06,0.0,4.8933730043091006e-14,0.0,-1.5702291686075698e-12,4.8933730043091006e-14,0.0,9.809999999134195,4.800398916803557e-13,0.0,True,1.0097419586828951e-28
0.776,sdf_ncp,1e-06,0.0,5.09161541571514e-14,0.0,1.9824241140603957e-12,5.09161541571514e-14,0.0,9.810000003552654,4.994874724625427e-13,0.0,True,4.0389678347315804e-27
0.777,sdf_ncp,1e-06,0.0,4.9327006788204225e-14,0.0,-1.5891473689471772e-12,4.9327006788204225e-14,0.0,9.809999996428429,4.838979364161086e-13,0.0,True,8.077935669463161e-28
0.778,sdf_ncp,1e-06,0.0,4.9517490084312315e-14,0.0,1.9048329610808795e-13,4.9517490084312315e-14,0.0,9.810000001779631,4.857665778152267e-13,0.0,True,0.0
0.779,sdf_ncp,1e-06,0.0,5.0608389122387154e-14,0.0,1.0908990380748414e-12,5.0608389122387154e-14,0.0,9.810000000900416,4.964682973361866e-13,0.0,True,1.0097419586828951e-28
0.78,sdf_ncp,1e-06,0.0,4.9018532987061054e-14,0.0,-1.5898561353260977e-12,4.9018532987061054e-14,0.0,9.809999997319245,4.808718084716623e-13,0.0,True,4.0389678347315804e-28
0.781,sdf_ncp,1e-06,0.0,5.10073342221749e-14,0.0,1.988801235113845e-12,5.10073342221749e-14,0.0,9.810000003578658,5.003819489020736e-13,0.0,True,8.077935669463161e-28
0.782,sdf_ncp,1e-06,0.0,5.119457033798056e-14,0.0,1.8723611580565977e-13,5.119457033798056e-14,0.0,9.809999998198435,5.02218734923359e-13,0.0,True,5.6545549686242126e-27
0.783,sdf_ncp,1e-06,0.0,5.138806988800195e-14,0.0,1.9349955002138495e-13,5.138806988800195e-14,0.0,9.810000000006264,5.04116965601621e-13,0.0,True,1.0807394401527862e-28
0.784,sdf_ncp,1e-06,0.0,5.158794833543362e-14,0.0,1.9987844743167154e-13,5.158794833543362e-14,0.0,9.81000000000638,5.060777731709329e-13,0.0,True,2.9187853493177437e-28
0.785,sdf_ncp,1e-06,0.0,5.177457160812969e-14,0.0,1.8662327269606676e-13,5.177457160812969e-14,0.0,9.809999999986745,5.07908547475066e-13,0.0,True,1.072850831100576e-28
0.786,sdf_ncp,1e-06,0.0,5.197445360827504e-14,0.0,1.998820001453511e-13,5.197445360827504e-14,0.0,9.81000000001326,5.098693898978673e-13,0.0,True,8.551252212595768e-28
0.787,sdf_ncp,1e-06,0.0,5.195652406184367e-14,0.0,-1.7929546431377405e-14,5.195652406184367e-14,0.0,9.809999999782189,5.096935010353696e-13,0.0,True,1.2015929308326452e-26
0.788,sdf_ncp,1e-06,0.0,5.036598758184809e-14,0.0,-1.5905364799955798e-12,5.036598758184809e-14,0.0,9.809999998427394,4.940903380987239e-13,0.0,True,0.0
0.789,sdf_ncp,1e-06,0.0,5.1190298090893106e-14,0.0,8.243105090450182e-13,5.1190298090893106e-14,0.0,9.810000002414847,5.021768243952781e-13,0.0,True,0.0
0.79,sdf_ncp,1e-06,0.0,5.11720328130191e-14,0.0,-1.8265277874007256e-14,5.11720328130191e-14,0.0,9.809999999157425,5.019976418526011e-13,0.0,True,1.666074231826777e-26
0.791,sdf_ncp,1e-06,0.0,4.959552777569796e-14,0.0,-1.5765050373211404e-12,4.959552777569796e-14,0.0,9.80999999844176,4.865321274023153e-13,0.0,True,0.0
0.792,sdf_ncp,1e-06,0.0,5.158380676190105e-14,0.0,1.9882789862030877e-12,5.158380676190105e-14,0.0,9.810000003564785,5.060371445181344e-13,0.0,True,2.4233807008389483e-27
0.793,sdf_ncp,1e-06,0.0,5.17577859266143e-14,0.0,1.73979164713251e-13,5.17577859266143e-14,0.0,9.8099999981857,5.077438798461821e-13,0.0,True,3.0292258760486853e-27
0.794,sdf_ncp,1e-06,0.0,5.195076500408178e-14,0.0,1.9297907746747608e-13,5.195076500408178e-14,0.0,9.810000000019,5.096370046910293e-13,0.0,True,3.1554436208840472e-30
0.795,sdf_ncp,1e-06,0.0,5.0156611845013125e-14,0.0,-1.7941531590686504e-12,5.0156611845013125e-14,0.0,9.809999998012868,4.92036362099911e-13,0.0,True,0.0
0.796,sdf_ncp,1e-06,0.0,5.0375422703639176e-14,0.0,2.18810858626053e-13,5.0375422703639176e-14,0.0,9.810000002012965,4.941828968241042e-13,0.0,True,1.8175355256292112e-26
0.797,sdf_ncp,1e-06,0.0,5.211821983277821e-14,0.0,1.7427971291390306e-12,5.211821983277821e-14,0.0,9.810000001523987,5.112797366389817e-13,0.0,True,4.0389678347315804e-28
0.798,sdf_ncp,1e-06,0.0,5.035442283573809e-14,0.0,-1.7637969970401174e-12,5.035442283573809e-14,0.0,9.809999996493406,4.939768878420182e-13,0.0,True,4.4428646182047385e-27
0.799,sdf_ncp,1e-06,0.0,5.1178841702550355e-14,0.0,8.24418866812266e-13,5.1178841702550355e-14,0.0,9.810000002588216,5.020644372344809e-13,0.0,True,0.0
0.8,sdf_ncp,1e-06,0.0,5.116094413054218e-14,0.0,-1.7897572008178796e-14,5.116094413054218e-14,0.0,9.809999999157684,5.018888618775251e-13,0.0,True,4.4832542965520543e-26
0.801,sdf_ncp,1e-06,0.0,5.134756029781099e-14,0.0,1.866161672688116e-13,5.134756029781099e-14,0.0,9.810000000204514,5.037195665320271e-13,0.0,True,1.5146129380243427e-28
0.802,sdf_ncp,1e-06,0.0,4.9771057036846763e-14,0.0,-1.5765032609642286e-12,4.9771057036846763e-14,0.0,9.809999998236881,4.882540694437144e-13,0.0,True,4.0389678347315804e-28
0.803,sdf_ncp,1e-06,0.0,5.176624249844151e-14,0.0,1.9951854615947436e-12,5.176624249844151e-14,0.0,9.81000000357169,5.078268390946042e-13,0.0,True,2.0194839173657902e-27
0.804,sdf_ncp,1e-06,0.0,5.017710578763547e-14,0.0,-1.5891367108060409e-12,5.017710578763547e-14,0.0,9.809999996415678,4.92237407596853e-13,0.0,True,4.4428646182047385e-27
0.805,sdf_ncp,1e-06,0.0,5.0112978528881906e-14,0.0,-6.412725875356299e-14,5.0112978528881906e-14,0.0,9.81000000152501,4.916083194447543e-13,0.0,True,5.2506581851510546e-27
0.806,sdf_ncp,1e-06,0.0,5.1197498669546566e-14,0.0,1.0845201406646603e-12,5.1197498669546566e-14,0.0,9.810000001148648,5.022474620070597e-13,0.0,True,0.0
0.807,sdf_ncp,1e-06,0.0,4.94027824053599e-14,0.0,-1.7947162641866648e-12,4.94027824053599e-14,0.0,9.809999997120764,4.846412952543384e-13,0.0,True,1.2116903504194741e-27
0.808,sdf_ncp,1e-06,0.0,5.051034367058842e-14,0.0,1.107561265228522e-12,5.051034367058842e-14,0.0,9.810000002902278,4.955064715550675e-13,0.0,True,0.0
0.809,sdf_ncp,1e-06,0.0,4.892748105213915e-14,0.0,-1.5828626184492745e-12,4.892748105213915e-14,0.0,9.809999997309577,4.799785889898494e-13,0.0,True,1.6155871338926322e-27
0.81,sdf_ncp,1e-06,0.0,5.091628051089626e-14,0.0,1.9887994587571126e-12,5.091628051089626e-14,0.0,9.810000003571663,4.994887119937481e-13,0.0,True,3.6350710512584224e-27
0.811,sdf_ncp,1e-06,0.0,5.110351129763152e-14,0.0,1.8723078673525868e-13,5.110351129763152e-14,0.0,9.809999998198432,5.013254457376987e-13,0.0,True,4.2409162264681595e-27
0.812,sdf_ncp,1e-06,0.0,5.130338619234963e-14,0.0,1.9987489471811015e-13,5.130338619234963e-14,0.0,9.810000000012645,5.032862185475985e-13,0.0,True,4.954046484787954e-28
0.8130000000000001,sdf_ncp,1e-06,0.0,5.150326641613826e-14,0.0,1.998802237886271e-13,5.150326641613826e-14,0.0,9.810000000000006,5.052470435423166e-13,0.0,True,1.2619756108954471e-27
0.8140000000000001,sdf_ncp,1e-06,0.0,5.16962401645353e-14,0.0,1.9297374839703883e-13,5.16962401645353e-14,0.0,9.809999999993094,5.071401160137343e-13,0.0,True,8.519697776386927e-29
0.8150000000000001,sdf_ncp,1e-06,0.0,5.100446208557542e-14,0.0,-6.917780789598832e-13,5.100446208557542e-14,0.0,9.809999999115249,5.003537730143686e-13,0.0,True,1.0097419586828951e-28
0.8160000000000001,sdf_ncp,1e-06,0.0,5.0955803342179364e-14,0.0,-4.865874339605571e-14,5.0955803342179364e-14,0.0,9.81000000064312,4.998764308195503e-13,0.0,True,3.2311742677852644e-27
0.8170000000000001,sdf_ncp,1e-06,0.0,5.1148766432435363e-14,0.0,1.9296309025600248e-13,5.1148766432435363e-14,0.0,9.810000000241622,5.017693987145496e-13,0.0,True,3.281661365719409e-27
0.8180000000000001,sdf_ncp,1e-06,0.0,5.0450614785135714e-14,0.0,-6.981516472996514e-13,5.0450614785135714e-14,0.0,9.809999999108886,4.949205309972241e-13,0.0,True,0.0
0.8190000000000001,sdf_ncp,1e-06,0.0,4.975875677011806e-14,0.0,-6.918580150176563e-13,4.975875677011806e-14,0.0,9.810000000006294,4.881334039151714e-13,0.0,True,1.1044052673094165e-29
0.8200000000000001,sdf_ncp,1e-06,0.0,5.0843253818143816e-14,0.0,1.084497048025755e-12,5.0843253818143816e-14,0.0,9.810000001776356,4.987723200463066e-13,0.0,True,0.0
0.8210000000000001,sdf_ncp,1e-06,0.0,5.1015229252342304e-14,0.0,1.719754341984887e-13,5.1015229252342304e-14,0.0,9.809999999087479,5.004593989189256e-13,0.0,True,2.0194839173657902e-28
0.8220000000000001,sdf_ncp,1e-06,0.0,5.120819767166883e-14,0.0,1.9296841932652124e-13,5.120819767166883e-14,0.0,9.810000000020993,5.023524191601462e-13,0.0,True,3.754977908852016e-28
0.8230000000000001,sdf_ncp,1e-06,0.0,5.14080707900301e-14,0.0,1.9987311836127168e-13,5.14080707900301e-14,0.0,9.810000000006905,5.043131744505502e-13,0.0,True,1.666863092731998e-27
0.8240000000000001,sdf_ncp,1e-06,0.0,5.160104098571346e-14,0.0,1.929701956833633e-13,5.160104098571346e-14,0.0,9.809999999993098,5.062062120694929e-13,0.0,True,9.923870187680329e-28
0.8250000000000001,sdf_ncp,1e-06,0.0,5.180092298585893e-14,0.0,1.9988200014546946e-13,5.180092298585893e-14,0.0,9.810000000006912,5.081670544916342e-13,0.0,True,2.1772560984099926e-28
0.8260000000000001,sdf_ncp,1e-06,0.0,5.1782941925079326e-14,0.0,-1.7981060779607984e-14,5.1782941925079326e-14,0.0,9.809999999782137,5.079906602737466e-13,0.0,True,5.679798517591285e-27
0.8270000000000001,sdf_ncp,1e-06,0.0,5.1982825701581637e-14,0.0,1.998837765023142e-13,5.1982825701581637e-14,0.0,9.810000000217865,5.099515201438411e-13,0.0,True,3.534096855390133e-28
0.8280000000000001,sdf_ncp,1e-06,0.0,5.018867254251308e-14,0.0,-1.7941531590685594e-12,5.018867254251308e-14,0.0,9.809999998005964,4.923508775419752e-13,0.0,True,2.0194839173657902e-27
0.8290000000000001,sdf_ncp,1e-06,0.0,5.0401104503728875e-14,0.0,2.1243196121579537e-13,5.0401104503728875e-14,0.0,9.810000002006586,4.944348352827144e-13,0.0,True,4.4024749398574227e-26
0.8300000000000001,sdf_ncp,1e-06,0.0,5.214427111509053e-14,0.0,1.7431666113616553e-12,5.214427111509053e-14,0.0,9.810000001530735,5.115352997188571e-13,0.0,True,4.0389678347315804e-28
0.8310000000000001,sdf_ncp,1e-06,0.0,5.2156738586895104e-14,0.0,1.2467471804577411e-14,5.2156738586895104e-14,0.0,9.809999998269301,5.116576054471733e-13,0.0,True,6.805660801522713e-26
0.8320000000000001,sdf_ncp,1e-06,0.0,5.0362571216971854e-14,0.0,-1.7941673699232498e-12,5.0362571216971854e-14,0.0,9.809999998193366,4.940568235475071e-13,0.0,True,6.058451752097371e-28
0.833,sdf_ncp,1e-06,0.0,5.207491803716998e-14,0.0,1.7123468201981296e-12,5.207491803716998e-14,0.0,9.810000003506515,5.108549461272389e-13,0.0,True,4.0389678347315804e-28
0.834,sdf_ncp,1e-06,0.0,5.2087374850833434e-14,0.0,1.2456813663451191e-14,5.2087374850833434e-14,0.0,9.80999999830011,5.109771471981333e-13,0.0,True,9.04728794979874e-26
0.835,sdf_ncp,1e-06,0.0,5.029320037548274e-14,0.0,-1.7941744753506977e-12,5.029320037548274e-14,0.0,9.80999999819337,4.933762955926244e-13,0.0,True,0.0
0.836,sdf_ncp,1e-06,0.0,5.1117480686461534e-14,0.0,8.242803109787967e-13,5.1117480686461534e-14,0.0,9.810000002618455,5.014624856680365e-13,0.0,True,4.0389678347315804e-28
0.837,sdf_ncp,1e-06,0.0,5.131099444733769e-14,0.0,1.9351376087615288e-13,5.131099444733769e-14,0.0,9.809999999369234,5.033608554960175e-13,0.0,True,8.784755040541187e-27
0.838,sdf_ncp,1e-06,0.0,4.972755096020188e-14,0.0,-1.5834434871358133e-12,4.972755096020188e-14,0.0,9.809999998223043,4.878272748312167e-13,0.0,True,1.6155871338926322e-27
0.839,sdf_ncp,1e-06,0.0,5.1709475917990457e-14,0.0,1.981924957788577e-12,5.1709475917990457e-14,0.0,9.810000003565369,5.072699589398498e-13,0.0,True,2.0194839173657902e-27
0.84,sdf_ncp,1e-06,0.0,5.189034201817008e-14,0.0,1.8086610017962717e-13,5.189034201817008e-14,0.0,9.809999998198942,5.090442551047909e-13,0.0,True,8.077935669463161e-28
0.841,sdf_ncp,1e-06,0.0,5.009554226521191e-14,0.0,-1.7947997529581702e-12,5.009554226521191e-14,0.0,9.809999998024335,4.914372695227568e-13,0.0,True,8.077935669463161e-28
0.842,sdf_ncp,1e-06,0.0,5.209769815104442e-14,0.0,2.002155885832507e-12,5.209769815104442e-14,0.0,9.810000003796956,5.110784190595584e-13,0.0,True,8.077935669463161e-28
0.843,sdf_ncp,1e-06,0.0,5.2110195820914496e-14,0.0,1.2497669870074401e-14,5.2110195820914496e-14,0.0,9.809999998010342,5.112010208994898e-13,0.0,True,6.789504930183787e-25
0.844,sdf_ncp,1e-06,0.0,5.2091879028691494e-14,0.0,-1.831679222300071e-14,5.2091879028691494e-14,0.0,9.809999999969186,5.110213332698584e-13,0.0,True,1.0349855076499675e-27
0.845,sdf_ncp,1e-06,0.0,5.029766192077597e-14,0.0,-1.7942171079155259e-12,5.029766192077597e-14,0.0,9.8099999982241,4.934200633534887e-13,0.0,True,4.0389678347315804e-28
0.846,sdf_ncp,1e-06,0.0,5.023351156938276e-14,0.0,-6.415035139320974e-14,5.023351156938276e-14,0.0,9.810000001730067,4.927907485825522e-13,0.0,True,3.2311742677852644e-27
0.847,sdf_ncp,1e-06,0.0,5.1324396396602256e-14,0.0,1.0908848272194969e-12,5.1324396396602256e-14,0.0,9.810000001155036,5.034923287099496e-13,0.0,True,0.0
0.848,sdf_ncp,1e-06,0.0,4.952969256691273e-14,0.0,-1.7947038296895246e-12,4.952969256691273e-14,0.0,9.809999997114412,4.858862839384915e-13,0.0,True,0.0
0.849,sdf_ncp,1e-06,0.0,5.06332090676172e-14,0.0,1.1035165007044725e-12,5.06332090676172e-14,0.0,9.81000000289822,4.967117811000709e-13,0.0,True,0.0
0.85,sdf_ncp,1e-06,0.0,5.082672815756321e-14,0.0,1.9351908994601015e-13,5.082672815756321e-14,0.0,9.809999999090003,4.986102031794429e-13,0.0,True,1.6155871338926322e-26
0.851,sdf_ncp,1e-06,0.0,4.9243844222831145e-14,0.0,-1.5828839347320641e-12,4.9243844222831145e-14,0.0,9.809999998223597,4.830821117384966e-13,0.0,True,8.077935669463161e-28
0.852,sdf_ncp,1e-06,0.0,4.942795039788517e-14,0.0,1.8410617505402894e-13,4.942795039788517e-14,0.0,9.81000000176699,4.848881934905923e-13,0.0,True,2.0194839173657902e-28
0.853,sdf_ncp,1e-06,0.0,5.14104935278532e-14,0.0,1.9825431299680233e-12,5.14104935278532e-14,0.0,9.810000001798437,5.043369416006984e-13,0.0,True,1.4136387421560532e-27
0.854,sdf_ncp,1e-06,0.0,4.982135148797592e-14,0.0,-1.5891420398772803e-12,4.982135148797592e-14,0.0,9.809999996428315,4.887474579190977e-13,0.0,True,7.674038885990003e-27
0.855,sdf_ncp,1e-06,0.0,5.1809634026892033e-14,0.0,1.9882825389161166e-12,5.1809634026892033e-14,0.0,9.810000003577425,5.08252509989156e-13,0.0,True,8.077935669463161e-28
0.856,sdf_ncp,1e-06,0.0,5.0045890320556425e-14,0.0,-1.7637437063356106e-12,5.0045890320556425e-14,0.0,9.809999996247974,4.909501838568851e-13,0.0,True,0.0
0.857,sdf_ncp,1e-06,0.0,5.025775384758289e-14,0.0,2.118635270264635e-13,5.025775384758289e-14,0.0,9.810000001975608,4.930285653440777e-13,0.0,True,2.3829910224916325e-26
0.858,sdf_ncp,1e-06,0.0,5.022404847606014e-14,0.0,-3.370537152275083e-14,5.022404847606014e-14,0.0,9.809999999754432,4.926979155378166e-13,0.0,True,5.503093674821778e-27
0.859,sdf_ncp,1e-06,0.0,5.1308570393080885e-14,0.0,1.0845219170207434e-12,5.1308570393080885e-14,0.0,9.810000001118228,5.033370756134982e-13,0.0,True,2.0194839173657902e-28
0.86,sdf_ncp,1e-06,0.0,5.129073676991817e-14,0.0,-1.78336231627096e-14,5.129073676991817e-14,0.0,9.809999998897645,5.031621276563567e-13,0.0,True,2.0194839173657902e-28
0.861,sdf_ncp,1e-06,0.0,5.148370518924393e-14,0.0,1.9296841932575727e-13,5.148370518924393e-14,0.0,9.810000000210803,5.050551479173359e-13,0.0,True,2.7767903863779616e-28
0.862,sdf_ncp,1e-06,0.0,5.1676675384926534e-14,0.0,1.9297019568259993e-13,5.1676675384926534e-14,0.0,9.810000000000002,5.069481855261294e-13,0.0,True,3.264899612227418e-27
0.863,sdf_ncp,1e-06,0.0,5.0087613281107e-14,0.0,-1.5890621038195344e-12,5.0087613281107e-14,0.0,9.809999998217968,4.91359486198402e-13,0.0,True,0.0
0.864,sdf_ncp,1e-06,0.0,5.0023475364211643e-14,0.0,-6.41379168953538e-14,5.0023475364211643e-14,0.0,9.810000001524925,4.907302933991982e-13,0.0,True,8.077935669463161e-28
0.865,sdf_ncp,1e-06,0.0,5.021695537430715e-14,0.0,1.9348001009550698e-13,5.021695537430715e-14,0.0,9.810000000257618,4.9262833223489e-13,0.0,True,5.048709793414476e-29
0.866,sdf_ncp,1e-06,0.0,5.1960104222099686e-14,0.0,1.7431488477925353e-12,5.1960104222099686e-14,0.0,9.81000000154967,5.097286224993189e-13,0.0,True,1.4136387421560532e-27
0.867,sdf_ncp,1e-06,0.0,5.0364020179694e-14,0.0,-1.596084042405682e-12,5.0364020179694e-14,0.0,9.809999996660768,4.94071037794621e-13,0.0,True,1.2116903504194741e-27
0.868,sdf_ncp,1e-06,0.0,5.2076395421600775e-14,0.0,1.712375241906771e-12,5.2076395421600775e-14,0.0,9.81000000330846,5.108694392581962e-13,0.0,True,4.4428646182047385e-27
0.869,sdf_ncp,1e-06,0.0,5.2088484529397546e-14,0.0,1.2089107796770899e-14,5.2088484529397546e-14,0.0,9.809999998299714,5.109880331448246e-13,0.0,True,2.2598025035323193e-25
0.87,sdf_ncp,1e-06,0.0,5.207012510461016e-14,0.0,-1.8359424787389698e-14,5.207012510461016e-14,0.0,9.809999999969552,5.108079272746402e-13,0.0,True,9.024568755728375e-28
0.871,sdf_ncp,1e-06,0.0,5.027530758808267e-14,0.0,-1.7948175165274857e-12,5.027530758808267e-14,0.0,9.809999998223542,4.932007673497791e-13,0.0,True,4.0389678347315804e-28
0.872,sdf_ncp,1e-06,0.0,5.198764552649559e-14,0.0,1.7123379384129174e-12,5.198764552649559e-14,0.0,9.810000003507156,5.099988027972505e-13,0.0,True,0.0
0.873,sdf_ncp,1e-06,0.0,5.2168506297603763e-14,0.0,1.8086077110817446e-13,5.2168506297603763e-14,0.0,9.809999998468523,5.11773046699598e-13,0.0,True,1.3934439029823953e-26
0.874,sdf_ncp,1e-06,0.0,5.215021792708993e-14,0.0,-1.828837051383258e-14,5.215021792708993e-14,0.0,9.809999999800851,5.115936378543665e-13,0.0,True,5.553580772755923e-27
0.875,sdf_ncp,1e-06,0.0,5.213189758215299e-14,0.0,-1.8320344936943908e-14,5.213189758215299e-14,0.0,9.809999999999969,5.114139152809192e-13,0.0,True,2.1216660564951994e-27
0.876,sdf_ncp,1e-06,0.0,5.033708717105284e-14,0.0,-1.7948104111001484e-12,5.033708717105284e-14,0.0,9.80999999822351,4.938068250586051e-13,0.0,True,1.0097419586828951e-27
0.877,sdf_ncp,1e-06,0.0,5.027294392508677e-14,0.0,-6.414324596607357e-14,5.027294392508677e-14,0.0,9.810000001730668,4.931775799921069e-13,0.0,True,3.8168246038213435e-26
0.878,sdf_ncp,1e-06,0.0,5.224911348671479e-14,0.0,1.97616956162802e-12,5.224911348671479e-14,0.0,9.810000002040313,5.125638034112767e-13,0.0,True,2.4233807008389483e-27
0.879,sdf_ncp,1e-06,0.0,5.2261623591083014e-14,0.0,1.2510104368226269e-14,5.2261623591083014e-14,0.0,9.809999998036341,5.126865273259003e-13,0.0,True,4.976008372389307e-25
0.88,sdf_ncp,1e-06,0.0,5.224331923335816e-14,0.0,-1.830435772485453e-14,5.224331923335816e-14,0.0,9.809999999969186,5.125069616776337e-13,0.0,True,4.6511238971830856e-27
0.881,sdf_ncp,1e-06,0.0,5.222500954656279e-14,0.0,-1.8309686795372156e-14,5.222500954656279e-14,0.0,9.809999999999995,5.123273436517807e-13,0.0,True,5.740889015427248e-28
0.882,sdf_ncp,1e-06,0.0,5.0430206240890536e-14,0.0,-1.7948033056722546e-12,5.0430206240890536e-14,0.0,9.809999998223507,4.947203231335472e-13,0.0,True,1.8175355256292112e-27
0.883,sdf_ncp,1e-06,0.0,5.2143940395779736e-14,0.0,1.7137341548892018e-12,5.2143940395779736e-14,0.0,9.810000003508538,5.115320554655483e-13,0.0,True,4.0389678347315804e-28
0.884,sdf_ncp,1e-06,0.0,5.037954476648433e-14,0.0,-1.7643956292954018e-12,5.037954476648433e-14,0.0,9.80999999652187,4.942233339839847e-13,0.0,True,8.077935669463161e-28
0.885,sdf_ncp,1e-06,0.0,5.031600015277365e-14,0.0,-6.354461371068182e-14,5.031600015277365e-14,0.0,9.810000001700852,4.935999615842896e-13,0.0,True,1.655976812239948e-26
0.886,sdf_ncp,1e-06,0.0,5.205874754392079e-14,0.0,1.7427473911471422e-12,5.205874754392079e-14,0.0,9.810000001806293,5.106963134998963e-13,0.0,True,6.058451752097371e-28
0.887,sdf_ncp,1e-06,0.0,5.207083842807499e-14,0.0,1.2090884154197731e-14,5.207083842807499e-14,0.0,9.809999998269344,5.10814924889299e-13,0.0,True,5.573775611929581e-26
0.888,sdf_ncp,1e-06,0.0,5.027602801697545e-14,0.0,-1.7948104110995403e-12,5.027602801697545e-14,0.0,9.8099999981931,4.932078347556854e-13,0.0,True,2.0194839173657902e-28
0.889,sdf_ncp,1e-06,0.0,5.198873721396839e-14,0.0,1.7127091969929408e-12,5.198873721396839e-14,0.0,9.81000000350752,5.100095122513815e-13,0.0,True,1.6155871338926322e-27
0.89,sdf_ncp,1e-06,0.0,5.039265317156308e-14,0.0,-1.5960840424053114e-12,5.039265317156308e-14,0.0,9.809999996691207,4.94351927446295e-13,0.0,True,3.2311742677852644e-27
0.891,sdf_ncp,1e-06,0.0,5.032853834730702e-14,0.0,-6.411482425605675e-14,5.032853834730702e-14,0.0,9.81000000153197,4.937229612641837e-13,0.0,True,1.1713006720721583e-26
0.892,sdf_ncp,1e-06,0.0,5.207125021131745e-14,0.0,1.7427118640104282e-12,5.207125021131745e-14,0.0,9.810000001806827,5.108189646671079e-13,0.0,True,2.0194839173657902e-27
0.893,sdf_ncp,1e-06,0.0,5.03074887414138e-14,0.0,-1.7637614699036463e-12,5.03074887414138e-14,0.0,9.809999996493527,4.935164643768675e-13,0.0,True,1.6155871338926322e-27
0.894,sdf_ncp,1e-06,0.0,5.202020326747728e-14,0.0,1.7127145260634803e-12,5.202020326747728e-14,0.0,9.810000003476476,5.103181942347991e-13,0.0,True,5.2506581851510546e-27
0.895,sdf_ncp,1e-06,0.0,5.220744115963953e-14,0.0,1.8723789216224935e-13,5.220744115963953e-14,0.0,9.809999998474524,5.121549976964226e-13,0.0,True,4.0389678347315804e-27
0.896,sdf_ncp,1e-06,0.0,5.041330221142531e-14,0.0,-1.7941389482142213e-12,5.041330221142531e-14,0.0,9.809999998018624,4.945544945941946e-13,0.0,True,1.2116903504194741e-27
0.897,sdf_ncp,1e-06,0.0,5.212602029020246e-14,0.0,1.7127180787771568e-12,5.212602029020246e-14,0.0,9.810000003506858,5.113562592296847e-13,0.0,True,5.2506581851510546e-27
0.898,sdf_ncp,1e-06,0.0,5.2138478880222486e-14,0.0,1.2458590020022485e-14,5.2138478880222486e-14,0.0,9.809999998299741,5.114784777263337e-13,0.0,True,4.8871510800252123e-26
0.899,sdf_ncp,1e-06,0.0,5.034367379819353e-14,0.0,-1.7948050820289512e-12,5.034367379819353e-14,0.0,9.809999998192737,4.938714398692943e-13,0.0,True,1.8175355256292112e-27
0.9,sdf_ncp,1e-06,0.0,5.0279526999514445e-14,0.0,-6.414679867908845e-14,5.0279526999514445e-14,0.0,9.810000001730659,4.932421599522534e-13,0.0,True,2.3022116657970009e-26
0.901,sdf_ncp,1e-06,0.0,5.2262075458553417e-14,0.0,1.9825484590389695e-12,5.2262075458553417e-14,0.0,9.810000002046696,5.126909603553736e-13,0.0,True,1.2116903504194741e-27
0.902,sdf_ncp,1e-06,0.0,5.2274216080699536e-14,0.0,1.2140622146116626e-14,5.2274216080699536e-14,0.0,9.809999998029593,5.128100596486609e-13,0.0,True,3.2029014929421433e-25
0.903,sdf_ncp,1e-06,0.0,5.2255872643124704e-14,0.0,-1.8343437574828575e-14,5.2255872643124704e-14,0.0,9.809999999969516,5.126301106274604e-13,0.0,True,2.4991113477401654e-27
0.904,sdf_ncp,1e-06,0.0,5.223755940361615e-14,0.0,-1.8313239508558242e-14,5.223755940361615e-14,0.0,9.81000000000003,5.124504577494761e-13,0.0,True,5.291531040802818e-28
0.905,sdf_ncp,1e-06,0.0,5.044339203369289e-14,0.0,-1.7941673699232587e-12,5.044339203369289e-14,0.0,9.809999998224146,4.948496757609472e-13,0.0,True,2.0194839173657902e-28
0.906,sdf_ncp,1e-06,0.0,5.215574418296153e-14,0.0,1.7123521492686398e-12,5.215574418296153e-14,0.0,9.81000000350652,5.116478506177377e-13,0.0,True,8.077935669463161e-28
0.907,sdf_ncp,1e-06,0.0,5.216820632569558e-14,0.0,1.246214273404892e-14,5.216820632569558e-14,0.0,9.80999999830011,5.117701039663934e-13,0.0,True,3.0292258760486853e-27
0.908,sdf_ncp,1e-06,0.0,5.214985755905023e-14,0.0,-1.8348766645350667e-14,5.214985755905023e-14,0.0,9.80999999996919,5.115901026526759e-13,0.0,True,2.2466758580694416e-27
0.909,sdf_ncp,1e-06,0.0,5.213153899047115e-14,0.0,-1.8318568579080775e-14,5.213153899047115e-14,0.0,9.81000000000003,5.114103974965236e-13,0.0,True,8.739099715651521e-29
0.91,sdf_ncp,1e-06,0.0,5.211321864553523e-14,0.0,-1.8320344935921967e-14,5.211321864553523e-14,0.0,9.809999999999999,5.112306749127006e-13,0.0,True,1.791307441274568e-27
0.911,sdf_ncp,1e-06,0.0,5.2094896524242466e-14,0.0,-1.8322121292761202e-14,5.2094896524242466e-14,0.0,9.809999999999999,5.110509349028185e-13,0.0,True,1.650676036735412e-28
0.912,sdf_ncp,1e-06,0.0,5.207694210881546e-14,0.0,-1.795441542700428e-14,5.207694210881546e-14,0.0,9.810000000000368,5.108748020874988e-13,0.0,True,1.0709772864506762e-27
0.913,sdf_ncp,1e-06,0.0,5.205858090767223e-14,0.0,-1.8361201143228282e-14,5.205858090767223e-14,0.0,9.809999999999594,5.106946787042434e-13,0.0,True,1.345944615726775e-27
0.914,sdf_ncp,1e-06,0.0,5.204062649224522e-14,0.0,-1.7954415427004456e-14,5.204062649224522e-14,0.0,9.810000000000407,5.105185458889468e-13,0.0,True,1.1692397729572684e-27
0.915,sdf_ncp,1e-06,0.0,5.024644491146724e-14,0.0,-1.7941815807779792e-12,5.024644491146724e-14,0.0,9.809999998223773,4.929176244922445e-13,0.0,True,4.0389678347315804e-28
0.916,sdf_ncp,1e-06,0.0,5.1070718117018756e-14,0.0,8.242732055515147e-13,5.1070718117018756e-14,0.0,9.810000002618455,5.010037448616804e-13,0.0,True,4.0389678347315804e-28
0.917,sdf_ncp,1e-06,0.0,5.1264231877894993e-14,0.0,1.9351376087623618e-13,5.1264231877894993e-14,0.0,9.809999999369241,5.029021146898145e-13,0.0,True,1.2116903504194741e-27
0.918,sdf_ncp,1e-06,0.0,5.145773320427335e-14,0.0,1.9350132637835688e-13,5.145773320427335e-14,0.0,9.809999999999988,5.048003627339209e-13,0.0,True,3.492495227847413e-27
0.919,sdf_ncp,1e-06,0.0,5.164435647696955e-14,0.0,1.866232726962001e-13,5.164435647696955e-14,0.0,9.809999999993122,5.066311370387161e-13,0.0,True,9.844984097158227e-28
0.92,sdf_ncp,1e-06,0.0,5.183097797330891e-14,0.0,1.866214963393608e-13,5.183097797330891e-14,0.0,9.809999999999999,5.084618939181603e-13,0.0,True,9.249240039320812e-29
0.921,sdf_ncp,1e-06,0.0,5.181303599237978e-14,0.0,-1.7941980929131248e-14,5.181303599237978e-14,0.0,9.809999999795437,5.082858830746466e-13,0.0,True,1.4136387421560532e-27
0.922,sdf_ncp,1e-06,0.0,5.0230160939432655e-14,0.0,-1.5828750529471233e-12,5.0230160939432655e-14,0.0,9.809999998435067,4.927578787372276e-13,0.0,True,1.2116903504194741e-27
0.923,sdf_ncp,1e-06,0.0,5.105460289888391e-14,0.0,8.244419594512566e-13,5.105460289888391e-14,0.0,9.810000002407318,5.008456545609558e-13,0.0,True,0.0
0.924,sdf_ncp,1e-06,0.0,5.1254492004456756e-14,0.0,1.9988910557284716e-13,5.1254492004456756e-14,0.0,9.809999999375448,5.028065665317097e-13,0.0,True,3.4331226595218434e-27
0.925,sdf_ncp,1e-06,0.0,5.145436867553173e-14,0.0,1.9987667107497165e-13,5.145436867553173e-14,0.0,9.809999999999988,5.047673567069657e-13,0.0,True,2.940371172134436e-28
0.926,sdf_ncp,1e-06,0.0,5.165425245203406e-14,0.0,1.9988377650232818e-13,5.165425245203406e-14,0.0,9.810000000000008,5.067282165544545e-13,0.0,True,1.076788972650859e-27
0.927,sdf_ncp,1e-06,0.0,5.0070812519340304e-14,0.0,-1.583439932693752e-12,5.0070812519340304e-14,0.0,9.809999998216677,4.91194670725436e-13,0.0,True,1.7282981663918682e-21
0.928,sdf_ncp,1e-06,0.0,5.000730698720886e-14,0.0,-6.350553213144323e-14,5.000730698720886e-14,0.0,9.810000001519935,4.905716816205268e-13,0.0,True,2.6253290925755273e-27
0.929,sdf_ncp,1e-06,0.0,5.110515335861103e-14,0.0,1.0978463714021708e-12,5.110515335861103e-14,0.0,9.810000001161352,5.013415545073253e-13,0.0,True,0.0
0.93,sdf_ncp,1e-06,0.0,5.108692360960217e-14,0.0,-1.8229749008858816e-14,5.108692360960217e-14,0.0,9.809999998883924,5.011627205531804e-13,0.0,True,4.927540758372528e-26
0.931,sdf_ncp,1e-06,0.0,5.128679672969171e-14,0.0,1.99873120089541e-13,5.128679672969171e-14,0.0,9.810000000218103,5.031234759294615e-13,0.0,True,2.347650053937731e-27
0.932,sdf_ncp,1e-06,0.0,4.971029347045577e-14,0.0,-1.5765032592359431e-12,4.971029347045577e-14,0.0,9.809999998223624,4.876579788568669e-13,0.0,True,4.0389678347315804e-28
0.933,sdf_ncp,1e-06,0.0,5.17054789337788e-14,0.0,1.9951854633230317e-12,5.17054789337788e-14,0.0,9.81000000357169,5.07230748525046e-13,0.0,True,4.0389678347315804e-28
0.934,sdf_ncp,1e-06,0.0,5.011634222470105e-14,0.0,-1.5891367090777563e-12,5.011634222470105e-14,0.0,9.809999996415678,4.916413170446841e-13,0.0,True,1.2116903504194741e-27
0.935,sdf_ncp,1e-06,0.0,5.0940642077333404e-14,0.0,8.242998526323581e-13,5.0940642077333404e-14,0.0,9.810000002413437,4.997276989015827e-13,0.0,True,4.0389678347315804e-28
0.936,sdf_ncp,1e-06,0.0,5.1140534737348177e-14,0.0,1.9989266001477482e-13,5.1140534737348177e-14,0.0,9.809999999375593,5.016886457414532e-13,0.0,True,1.2116903504194741e-27
0.937,sdf_ncp,1e-06,0.0,5.133350493475981e-14,0.0,1.9297019741163403e-13,5.133350493475981e-14,0.0,9.809999999993078,5.035816834096384e-13,0.0,True,1.9847740375360657e-27
0.9380000000000001,sdf_ncp,1e-06,0.0,4.9756999899167034e-14,0.0,-1.5765050355927779e-12,4.9756999899167034e-14,0.0,9.809999998230525,4.881161689227849e-13,0.0,True,2.0194839173657902e-27
0.9390000000000001,sdf_ncp,1e-06,0.0,4.99694300857543e-14,0.0,2.1243018658726922e-13,4.99694300857543e-14,0.0,9.810000001788936,4.902001092306418e-13,0.0,True,3.4331226595218434e-27
0.9400000000000001,sdf_ncp,1e-06,0.0,5.1945068518416586e-14,0.0,1.975638432662283e-12,5.1945068518416586e-14,0.0,9.810000001763209,5.095811222572567e-13,0.0,True,3.6350710512584224e-27
0.9410000000000001,sdf_ncp,1e-06,0.0,5.195755553187419e-14,0.0,1.2487013457608283e-14,5.195755553187419e-14,0.0,9.809999998036849,5.097036196656853e-13,0.0,True,4.515566039229907e-25
0.9420000000000001,sdf_ncp,1e-06,0.0,5.0381061154422e-14,0.0,-1.5764943774521872e-12,5.0381061154422e-14,0.0,9.809999998411019,4.942382098448253e-13,0.0,True,1.6155871338926322e-27
0.9430000000000001,sdf_ncp,1e-06,0.0,5.031695166096471e-14,0.0,-6.410949345728891e-14,5.031695166096471e-14,0.0,9.810000001512385,4.936092958701624e-13,0.0,True,4.321695583162791e-26
0.9440000000000001,sdf_ncp,1e-06,0.0,5.117163965004829e-14,0.0,8.546879890835783e-13,5.117163965004829e-14,0.0,9.810000000918798,5.019937850139901e-13,0.0,True,0.0
0.9450000000000001,sdf_ncp,1e-06,0.0,5.115337615025913e-14,0.0,-1.826349978915522e-14,5.115337615025913e-14,0.0,9.809999999127049,5.018146199893877e-13,0.0,True,5.270853024324712e-26
0.9460000000000001,sdf_ncp,1e-06,0.0,5.1353251046705165e-14,0.0,1.9987489644603446e-13,5.1353251046705165e-14,0.0,9.810000000218139,5.037753927793799e-13,0.0,True,4.796274303743752e-28
0.9470000000000001,sdf_ncp,1e-06,0.0,5.1553133048578556e-14,0.0,1.9988200187339154e-13,5.1553133048578556e-14,0.0,9.810000000000008,5.05736235206556e-13,0.0,True,5.214308953752668e-28
0.9480000000000001,sdf_ncp,1e-06,0.0,4.997663156569911e-14,0.0,-1.5765014828794491e-12,4.997663156569911e-14,0.0,9.809999998223617,4.902707555707307e-13,0.0,True,8.077935669463161e-28
0.9490000000000001,sdf_ncp,1e-06,0.0,5.019544420241e-14,0.0,2.1881263671089197e-13,5.019544420241e-14,0.0,9.810000001795315,4.924173077157587e-13,0.0,True,1.1107161545511846e-26
0.9500000000000001,sdf_ncp,1e-06,0.0,5.1938227122422315e-14,0.0,1.7427829200123154e-12,5.1938227122422315e-14,0.0,9.81000000152397,5.095140081501153e-13,0.0,True,0.0
0.9510000000000001,sdf_ncp,1e-06,0.0,5.2119086118902584e-14,0.0,1.808589964802661e-13,5.2119086118902584e-14,0.0,9.809999998438077,5.112882347450283e-13,0.0,True,2.0194839173657902e-28
0.9520000000000001,sdf_ncp,1e-06,0.0,5.121273124089845e-14,0.0,-9.063548780041391e-13,5.121273124089845e-14,0.0,9.809999998912787,5.023968934175346e-13,0.0,True,0.0
0.9530000000000001,sdf_ncp,1e-06,0.0,5.116442421788449e-14,0.0,-4.830702301395679e-14,5.116442421788449e-14,0.0,9.810000000858048,5.019230016213484e-13,0.0,True,3.5946813729111066e-26
0.9540000000000001,sdf_ncp,1e-06,0.0,5.1364299114330505e-14,0.0,1.9987489644601298e-13,5.1364299114330505e-14,0.0,9.810000000248182,5.0388377432433e-13,0.0,True,3.1806871698511196e-27
0.9550000000000001,sdf_ncp,1e-06,0.0,5.1564181116203877e-14,0.0,1.9988200187337072e-13,5.1564181116203877e-14,0.0,9.810000000000008,5.058446167499604e-13,0.0,True,1.3490137776861506e-28
0.9560000000000001,sdf_ncp,1e-06,0.0,4.99813042886278e-14,0.0,-1.5828768275760777e-12,4.99813042886278e-14,0.0,9.809999998217242,4.903165949823341e-13,0.0,True,6.058451752097371e-28
0.9570000000000001,sdf_ncp,1e-06,0.0,5.019373802792839e-14,0.0,2.124337393005894e-13,5.019373802792839e-14,0.0,9.810000001795311,4.924005701440909e-13,0.0,True,1.5751974555453164e-26
0.9580000000000001,sdf_ncp,1e-06,0.0,5.1936888653806444e-14,0.0,1.7431506258780539e-12,5.1936888653806444e-14,0.0,9.810000001530717,5.095008777733419e-13,0.0,True,1.0097419586828951e-27
0.9590000000000001,sdf_ncp,1e-06,0.0,5.034080638948628e-14,0.0,-1.5960822643201666e-12,5.034080638948628e-14,0.0,9.809999996660768,4.938433105127607e-13,0.0,True,2.0194839173657902e-27
0.96,sdf_ncp,1e-06,0.0,5.205317808040804e-14,0.0,1.7123716909217625e-12,5.205317808040804e-14,0.0,9.810000003308454,5.106416771410185e-13,0.0,True,1.2116903504194741e-27
0.961,sdf_ncp,1e-06,0.0,5.224041775065542e-14,0.0,1.8723967024737902e-13,5.224041775065542e-14,0.0,9.809999998474868,5.124784980542561e-13,0.0,True,7.674038885990003e-27
0.962,sdf_ncp,1e-06,0.0,5.044628058052633e-14,0.0,-1.7941371701290913e-12,5.044628058052633e-14,0.0,9.809999998018624,4.948780123950102e-13,0.0,True,8.077935669463161e-28
0.963,sdf_ncp,1e-06,0.0,5.038214266535965e-14,0.0,-6.413791516667493e-14,5.038214266535965e-14,0.0,9.81000000173,4.942488196343392e-13,0.0,True,5.856503360360792e-27
0.964,sdf_ncp,1e-06,0.0,5.212485808381205e-14,0.0,1.7427154184524e-12,5.212485808381205e-14,0.0,9.810000001806854,5.113448578963782e-13,0.0,True,1.0097419586828951e-27
0.965,sdf_ncp,1e-06,0.0,5.036110016835038e-14,0.0,-1.763757915461673e-12,5.036110016835038e-14,0.0,9.809999996493527,4.940423924749274e-13,0.0,True,0.0
0.966,sdf_ncp,1e-06,0.0,5.2073821801569504e-14,0.0,1.7127216332191218e-12,5.2073821801569504e-14,0.0,9.81000000347648,5.108441920544305e-13,0.0,True,5.2506581851510546e-27
0.967,sdf_ncp,1e-06,0.0,5.2085907358381466e-14,0.0,1.2085556811962928e-14,5.2085907358381466e-14,0.0,9.809999998299364,5.10962751097143e-13,0.0,True,2.282016826623343e-26
0.968,sdf_ncp,1e-06,0.0,5.029169558126509e-14,0.0,-1.7942117771163797e-12,5.029169558126509e-14,0.0,9.809999998193703,4.933615335613688e-13,0.0,True,8.077935669463161e-28
0.969,sdf_ncp,1e-06,0.0,5.2004035297763714e-14,0.0,1.7123397164986264e-12,5.2004035297763714e-14,0.0,9.810000003506552,5.101595864534169e-13,0.0,True,8.077935669463161e-28
0.97,sdf_ncp,1e-06,0.0,5.219127496801105e-14,0.0,1.8723967024733186e-13,5.219127496801105e-14,0.0,9.8099999984749,5.119964073565914e-13,0.0,True,1.231885189593132e-26
0.971,sdf_ncp,1e-06,0.0,5.1285062198554e-14,0.0,-9.062127694570469e-13,5.1285062198554e-14,0.0,9.809999998906548,5.03106460111737e-13,0.0,True,0.0
0.972,sdf_ncp,1e-06,0.0,5.12363519425375e-14,0.0,-4.8710256016499934e-14,5.12363519425375e-14,0.0,9.810000000857503,5.026286126002283e-13,0.0,True,2.463770379186264e-26
0.973,sdf_ncp,1e-06,0.0,5.142939319422234e-14,0.0,1.9304125168483778e-13,5.142939319422234e-14,0.0,9.810000000241752,5.045223472477543e-13,0.0,True,5.048709793414476e-29
0.974,sdf_ncp,1e-06,0.0,5.162927519609571e-14,0.0,1.9988200187336847e-13,5.162927519609571e-14,0.0,9.810000000006841,5.064831896740521e-13,0.0,True,3.265884147614989e-28
0.975,sdf_ncp,1e-06,0.0,5.182915542161224e-14,0.0,1.9988022551653118e-13,5.182915542161224e-14,0.0,9.809999999999999,5.08444014686016e-13,0.0,True,2.1119763177589983e-27
0.976,sdf_ncp,1e-06,0.0,5.181084751290208e-14,0.0,-1.830790871015291e-14,5.181084751290208e-14,0.0,9.809999999781812,5.082644140902649e-13,0.0,True,9.289626019882635e-27
0.977,sdf_ncp,1e-06,0.0,5.0220305705564005e-14,0.0,-1.5905418073380812e-12,5.0220305705564005e-14,0.0,9.809999998427767,4.926611988926248e-13,0.0,True,0.0
0.978,sdf_ncp,1e-06,0.0,5.19326702910584e-14,0.0,1.7123645854943998e-12,5.19326702910584e-14,0.0,9.810000003302907,5.094594957268117e-13,0.0,True,2.4233807008389483e-27
0.979,sdf_ncp,1e-06,0.0,5.2119906408592116e-14,0.0,1.8723611753371156e-13,5.2119906408592116e-14,0.0,9.809999998474872,5.112962817887991e-13,0.0,True,2.4233807008389483e-26
0.98,sdf_ncp,1e-06,0.0,5.121369008642145e-14,0.0,-9.062163221706672e-13,5.121369008642145e-14,0.0,9.809999998906548,5.024062996917947e-13,0.0,True,0.0
0.981,sdf_ncp,1e-06,0.0,5.1165015357541776e-14,0.0,-4.867472887967233e-14,5.1165015357541776e-14,0.0,9.810000000857542,5.01928800701361e-13,0.0,True,5.856503360360792e-27
0.982,sdf_ncp,1e-06,0.0,4.9581568319420285e-14,0.0,-1.5834470381214893e-12,4.9581568319420285e-14,0.0,9.809999998465228,4.863951851374166e-13,0.0,True,6.058451752097371e-28
0.983,sdf_ncp,1e-06,0.0,4.9800372074346993e-14,0.0,2.1880375492670745e-13,4.9800372074346993e-14,0.0,9.810000001802251,4.885416501390968e-13,0.0,True,8.885729236409477e-27
0.984,sdf_ncp,1e-06,0.0,5.178291875875737e-14,0.0,1.982546684410375e-12,5.178291875875737e-14,0.0,9.810000001763743,5.079904331147416e-13,0.0,True,1.8175355256292112e-27
0.985,sdf_ncp,1e-06,0.0,5.197016553443213e-14,0.0,1.8724677567476326e-13,5.197016553443213e-14,0.0,9.8099999982047,5.098273237994771e-13,0.0,True,3.0292258760486853e-27
0.986,sdf_ncp,1e-06,0.0,5.195186295479253e-14,0.0,-1.8302579639600456e-14,5.195186295479253e-14,0.0,9.809999999794451,5.09647775575836e-13,0.0,True,3.130200071916975e-27
0.987,sdf_ncp,1e-06,0.0,5.036898967993017e-14,0.0,-1.582873274862356e-12,5.036898967993017e-14,0.0,9.80999999843543,4.941197886813091e-13,0.0,True,0.0
0.988,sdf_ncp,1e-06,0.0,5.208169887865145e-14,0.0,1.7127091987212806e-12,5.208169887865145e-14,0.0,9.810000003295583,5.109214661712103e-13,0.0,True,8.077935669463161e-28
0.989,sdf_ncp,1e-06,0.0,5.209411661419234e-14,0.0,1.2417735540888767e-14,5.209411661419234e-14,0.0,9.809999998299709,5.110432838966517e-13,0.0,True,9.956055712613346e-26
0.99,sdf_ncp,1e-06,0.0,5.207579804734108e-14,0.0,-1.831856685125972e-14,5.207579804734108e-14,0.0,9.809999999969264,5.108635788428154e-13,0.0,True,5.951166668987313e-27
0.991,sdf_ncp,1e-06,0.0,5.028161824464776e-14,0.0,-1.7941798026933187e-12,5.028161824464776e-14,0.0,9.80999999822414,4.932626748907014e-13,0.0,True,1.2116903504194741e-27
0.992,sdf_ncp,1e-06,0.0,5.199533996676739e-14,0.0,1.7137217221196328e-12,5.199533996676739e-14,0.0,9.810000003507902,5.100742852563827e-13,0.0,True,4.0389678347315804e-28
0.993,sdf_ncp,1e-06,0.0,5.220362768920474e-14,0.0,2.082877224373509e-13,5.220362768920474e-14,0.0,9.809999998494566,5.121175875525095e-13,0.0,True,0.0
0.994,sdf_ncp,1e-06,0.0,5.040949229543241e-14,0.0,-1.794135393772333e-12,5.040949229543241e-14,0.0,9.809999997997577,4.945171193172509e-13,0.0,True,4.0389678347315804e-28
0.995,sdf_ncp,1e-06,0.0,5.123049522977041e-14,0.0,8.210029343380004e-13,5.123049522977041e-14,0.0,9.810000002615139,5.025711583380226e-13,0.0,True,0.0
0.996,sdf_ncp,1e-06,0.0,5.1212231729981115e-14,0.0,-1.826349978929219e-14,5.1212231729981115e-14,0.0,9.809999999160734,5.02391993228134e-13,0.0,True,5.321340122258857e-26
0.997,sdf_ncp,1e-06,0.0,5.140573128173041e-14,0.0,1.9349955174929356e-13,5.140573128173041e-14,0.0,9.810000000211764,5.042902238846612e-13,0.0,True,3.07971297398283e-27
0.998,sdf_ncp,1e-06,0.0,4.982285090144054e-14,0.0,-1.5828803802898687e-12,4.982285090144054e-14,0.0,9.80999999822362,4.887621672546274e-13,0.0,True,4.0389678347315804e-28
0.999,sdf_ncp,1e-06,0.0,5.181166279642332e-14,0.0,1.9888118949827822e-12,5.181166279642332e-14,0.0,9.810000003571693,5.082724122179682e-13,0.0,True,2.0194839173657902e-27
1.0,sdf_ncp,1e-06,0.0,5.1824140928096565e-14,0.0,1.247813167324232e-14,5.1824140928096565e-14,0.0,9.809999998023667,5.083948224022055e-13,0.0,True,1.2763138357751794e-25
